yf_ticker,close,obv,obv_slope_20d,obv_slope_50d,obv_slope_200d,obv_52w_range_pct,obv_52w_high,obv_26w_high,obv_slope_13w,obv_slope_26w,obv_price_divergence,price_52w_range_pct,range_position_divergence,price_chg_13w,obv_acceleration_quiet_base,obv_acceleration_basis,obv_slope_42d,obv_slope_42d_recent_high,obv_calm_current_ratio,price_chg_42d,obv_calm_continuation,obv_calm_continuation_basis,avg_daily_traded_value,daily_macd,daily_signal,daily_hist,macd_early_bullish,macd_early_bearish,weekly_macd,weekly_signal,weekly_hist,weekly_macd_positive,supertrend_10_3_value,supertrend_10_3_dir,supertrend_2_1_value,supertrend_2_1_dir,supertrend_weekly_dir,supertrend_weekly_value,ema10,ema20,early_ema_alignment,rs_score,rs_nifty_52w_high,rs_nifty_chg_13w,rs_nifty_chg_26w,rs_sector_52w_high,rs_sector_chg_13w,rs_sector_chg_26w,sector_index_source,pct_from_52w_high,near_52w_high,near_breakout_15pct,atr_compression_ratio,atr_compression_percentile,range_compression_ratio,volatility_compression,monthly_macd,monthly_signal,monthly_hist,monthly_ema20,monthly_ema50,monthly_bullish,ticker,name,sector,ticker_fund,sales_cagr,profit_cagr,roce,debt_equity,data_quality,eps_growth_latest_qtr,eps_growth_prev_qtr,eps_acceleration,revenue_growth_latest_qtr,revenue_growth_prev_qtr,revenue_acceleration,earnings_data_quality,peg_ratio,ev_ebitda,fcf_latest,fcf_trend_pct,gross_margin_trend,operating_margin_trend,garp_data_quality,fundamentally_qualified,score_obv,score_macd_weekly,score_macd_daily,score_trend,score_rs,composite_score,category,elite_score_obv,elite_score_rs,elite_score_macd_early,elite_score_ema_alignment,elite_score_compression,elite_score_supertrend,elite_score_weekly_macd,elite_score_above_ema20,elite_score_fundamentals,EliteCompounderScore,elite_category,flag_obv_leader,flag_rs_leader,flag_early_macd,flag_compression,flag_ema_alignment,flag_near_breakout,RS_vs_Broad_Index_pct,rs_rank,rs_rank_score,flag_rs_top_decile,trend_birth_flag,trend_birth_score,flag_trend_birth,monthly_trend_score,flag_monthly_bullish,sector_rank,sector_leader_score,flag_sector_leader,trend_death_flag,trend_death_score,flag_trend_death,flag_bullish_obv_divergence,obv_leadership_rank,flag_obv_leadership_top_decile,mf_holding_pct,fii_holding_pct,mf_holding_pct_prev_qtr,fii_holding_pct_prev_qtr,mf_holding_increasing,fii_holding_increasing,mf_holding_change_qoq,fii_holding_change_qoq,mf_increasing_2q_streak,fii_increasing_2q_streak,shareholding_quarter_end,shareholding_data_quality,flag_mf_increasing,flag_fii_increasing,institutional_accumulation_score,flag_institutional_accumulation,earnings_acceleration_score,flag_earnings_accelerating,universe
TEGA.NS,2060.60009765625,28056552.0,3.892889465038554,1.7023429191544908,0.558260055444893,96.85360760585134,0.0,0.0,1.2313884650773481,0.7538861050861714,0.8756067359383266,89.53035398013478,7.323253625716561,21.58160327708696,,neither,1.961223403712268,1.961223403712268,1.0,38.87557620974738,,obv_still_strong,1662583813.7852173,115.6040123615544,90.97243257380187,24.63157978775253,0.0,0.0,51.3993554994297,-1.50738037711543,52.906735876545135,1.0,1813.4954987873016,1.0,2007.1389991649426,1.0,1.0,1538.7399499576213,1989.4914108521696,1889.4653600422118,1.0,28.792469880766888,0.0,27.556166263411374,27.461446515197064,0.0,27.556166263411374,27.461446515197064,FALLBACK_BROAD_INDEX,-3.2127713641968056,1.0,1.0,1.5274343717338084,98.4126984126984,1.0,0.0,97.8826871804988,123.41114275546747,-25.52845557496866,1690.9107116400073,1421.29304466782,0.0,TEGA,Tega Industries Ltd.,Capital Goods,TEGA.NS,,,,,missing,,,,,,,missing,,,,,,,missing,False,98.13876266204795,99.28,99.0,100.0,93.0,98.09762879861438,Watch,10.0,10.0,0.0,5.0,0.0,10.0,9.928,5.0,0.0,49.928,Below Watchlist,,,,,🟢,🟢,28.792469880766888,93.0,10,🟢,0.0,0.0,,0,,5.0,0,,0.0,0.0,,,97.39999999999999,🟢,14.99,2.1399999999999997,,,,,,,,,31-MAR-2026,ok,,,,,,,NSE500
SYRMA.NS,1692.5999755859375,379946301.0,0.5669688521718138,0.2540389506584616,0.16178271530145677,99.24669974302672,0.0,0.0,0.2124480133958768,0.16054215705268612,2.7888571250745686,95.13959292477888,4.107106818247843,21.34436400878952,,neither,0.274446164163004,0.327212015644461,1.0,23.963370412674244,,no_obv_signal,4547607114.160535,66.99850218058964,61.2884606891069,5.710041491482741,0.0,0.0,181.9269457332789,163.04068845129183,18.88625728198707,1.0,1545.1067768887606,1.0,1773.4186548154514,-1.0,1.0,1320.2951292817982,1687.092187644269,1634.546703932626,1.0,51.709263858146585,0.0,30.532555575156685,126.37017070716125,0.0,30.532555575156685,126.37017070716125,FALLBACK_BROAD_INDEX,-3.0806257487413595,1.0,1.0,1.6399113853649823,96.82539682539682,0.4685143701850403,0.0,244.83346872580603,158.91030305755777,85.92316566824826,977.883753550334,709.4510116828199,1.0,SYRMA,Syrma SGS Technology Ltd.,Capital Goods,SYRMA.NS,,,,,missing,,,,,,,missing,,,,,,,missing,False,93.24634491005935,97.35999999999999,91.2,90.0,99.2,94.00590347301781,Watch,10.0,10.0,0.0,5.0,0.0,6.5,9.735999999999997,5.0,0.0,46.236,Below Watchlist,,,,,🟢,🟢,51.709263858146585,99.2,15,🟢,0.0,0.0,,10,🟢,8.0,0,,0.0,0.0,,,76.0,,9.74,6.61,,,,,,,,,31-MAR-2026,ok,,,,,,,NSE500
ABDL.NS,,63292657.0,1.5127050798484274,0.3607730920907704,0.23288116963326322,100.0,1.0,1.0,0.20076528157923207,0.26866043760746183,0.0,100.0,0.0,9.696741805463427,,neither,0.4701798722010613,0.5843419789578941,1.0,11.566041882663214,,no_obv_signal,731418289.2138764,23.14088925922988,14.906379080674753,8.234510178555126,0.0,0.0,35.56742610674996,27.559366829897396,8.008059276852567,1.0,,1.0,,1.0,1.0,577.9093734674188,676.1992400695434,653.9641534563383,1.0,40.76223158630217,1.0,22.76474470703087,79.89334949333528,,,,^CNXFMCG,0.0,1.0,1.0,1.2142213661003531,72.22222222222221,0.46349125138399383,0.0,75.26885548219548,61.507769139417135,13.761086342778341,529.0058272697961,434.51691977665126,1.0,ABDL,Allied Blenders and Distillers Ltd.,Fast Moving Consumer Goods,ABDL.NS,7.398094205949368,422.5569260722918,24.619721204899825,0.6919775137120093,ok,20.547945205479458,-38.655462184873954,59.20340739035341,-2.7760209882497264,0.38969924183826055,-3.165720230087987,ok,0.18260692285232835,,,,,,missing,False,96.28,93.76,93.8,85.0,98.2,93.436,Watch,20.0,10.0,0.0,5.0,0.0,10.0,9.376000000000001,0.0,0.0,54.376000000000005,Category C: Watchlist,🟢,🟢,,,🟢,🟢,40.76223158630217,98.2,15,🟢,,,,10,🟢,1.0,15,🟢,,,,,82.0,,3.71,0.0,3.5000000000000004,0.0,True,False,0.20999999999999952,0.0,,,31-MAR-2026,ok,🟢,,5.0,,10.0,,NSE500
CARBORUNIV.NS,,43179554.0,1.4096076549733532,0.37241973481753815,0.31233758643066656,97.93452956343137,0.0,0.0,0.26020395988263506,0.37050053743316474,2.4064865588027846,91.14433818661485,6.790191376816523,4.939615447120005,,quiet_but_not_accelerating,0.43368541419769463,0.6568488870112669,1.0,19.008111476216015,,no_obv_signal,725218556.3593384,40.63233108073382,23.650962935943888,16.981368144789933,0.0,0.0,64.6054587280712,57.61246301103071,6.992995717040486,1.0,,1.0,,1.0,1.0,954.9012847364696,1203.74460647593,1163.4568555650046,1.0,31.18219448408185,0.0,15.52713581362648,70.05951106074035,0.0,15.52713581362648,70.05951106074035,FALLBACK_BROAD_INDEX,-3.756263106199383,1.0,1.0,1.6143880129129866,94.04761904761905,0.5520508128016285,0.0,-2.04740374756625,-42.84165945914013,40.79425571157388,1034.9148213230833,1039.05006329303,0.0,CARBORUNIV,Carborundum Universal Ltd.,Capital Goods,CARBORUNIV.NS,3.8245149291473934,-22.23014739058279,7.095519715127599,0.07782150057105171,ok,,-123.19201995012467,,1.9794822114098571,8.670443028526984,-6.690960817117126,partial,,,,,,,missing,False,95.72708534720097,93.03999999999999,97.8,85.0,94.19999999999999,93.12612560416028,Watch,10.0,10.0,0.0,5.0,0.0,10.0,9.303999999999998,0.0,0.0,44.304,Below Watchlist,,,,,🟢,🟢,31.18219448408185,94.19999999999999,10,🟢,,,,0,,12.0,0,,,,,,87.0,,27.750000000000004,10.73,,,,,,,,,31-MAR-2026,ok,,,,,0.0,,NSE500
SPLPETRO.NS,,17293612.0,1.3592891337742385,1.1295232218224347,0.7920176203014646,99.41162468419633,0.0,0.0,0.9791893388569809,0.5690534325617413,1.5238193204295545,95.50761367370868,3.9040110104876504,19.604703627745202,,neither,1.4647495872892846,2.4201646623124047,1.0,22.909109014258622,,obv_still_strong,303810252.11282957,38.080825189437746,34.741959390693815,3.3388657987439316,0.0,0.0,38.88530431483787,21.852622316214852,17.032681998623016,1.0,,1.0,,1.0,1.0,699.8577381454302,853.3037835134763,822.5512775162689,1.0,28.116289584523695,0.0,24.691028581146046,36.861210694300524,0.0,24.691028581146046,36.861210694300524,FALLBACK_BROAD_INDEX,-1.9666783474292349,1.0,1.0,1.0579380385761252,65.87301587301587,0.43446941020545904,0.0,36.96482677325423,33.42178050349734,3.5430462697568927,707.7863814184703,620.4980394054301,1.0,SPLPETRO,Supreme Petrochem Ltd.,Chemicals,SPLPETRO.NS,,,,,missing,,,,,,,missing,,,,,,,missing,False,97.9640686394687,96.75999999999999,88.6,85.0,92.60000000000001,92.92122059184061,Watch,10.0,10.0,0.0,5.0,0.0,10.0,9.675999999999998,0.0,0.0,44.676,Below Watchlist,,,,,🟢,🟢,28.116289584523695,92.60000000000001,10,🟢,,,,10,🟢,2.0,10,🟢,,,,,96.2,🟢,4.17,0.01,,,,,,,,,31-MAR-2026,ok,,,,,,,NSE500
INDGN.NS,605.1500244140625,-2025226.0,2.4641699944553377,4.442256963380687,0.42498986891037716,90.68569779742981,0.0,0.0,3.185063907884131,1.0574236443401475,-927.3678018494597,95.74750439090259,-5.061806593472781,15.684618583414501,🟢,accelerating_but_price_moved,4.494880124150765,4.692857303430847,0.9578130834842677,17.47063879155728,,obv_still_strong,311020594.86833495,9.92313820232198,9.295707870564165,0.6274303317578145,0.0,0.0,26.110770446312472,17.773941335105363,8.33682911120711,1.0,558.6650183504518,1.0,588.9186745248236,1.0,1.0,508.9284824423279,599.0658061528218,591.8902481409473,1.0,22.945075163295012,0.0,23.96613757040118,38.1034703970887,0.0,10.150663018652706,11.918352528594479,^CNXPHARMA,-1.3288706246733903,1.0,1.0,1.212058112470695,92.85714285714286,0.685056405553367,0.0,1.2624579198746915,-7.28396663784883,8.546424557723522,540.6200476252814,538.6185420025066,1.0,INDGN,Indegene Ltd.,Healthcare,INDGN.NS,15.035075146392307,14.657533701999759,15.307999207719082,0.04600630834421894,ok,45.75757575757575,-22.535211267605636,68.29278702518138,5.949770779350209,6.506740261118778,-0.5569694817685686,ok,2.3232755722986336,,,,,,missing,False,96.24999422910042,93.88,78.4,100.0,89.60000000000001,92.85099826873012,Watch,10.0,10.0,0.0,5.0,0.0,10.0,9.388,5.0,0.0,49.388,Below Watchlist,,,,,🟢,🟢,22.945075163295012,89.60000000000001,5,,0.0,0.0,,10,🟢,8.0,0,,0.0,0.0,,,100.0,🟢,4.7,10.27,,,,,,,,,31-MAR-2026,ok,,,,,10.0,,NSE500
ENGINERSIN.NS,310.20001220703125,1817363143.0,0.14647686654774658,0.16826257385540458,0.11043362996179992,96.50834500529605,0.0,0.0,0.12363323014295405,0.07201542501890164,0.9173796512347909,96.45249645741293,0.055848547883115884,29.983587462634766,,neither,0.19017215780184343,0.3650163529116292,1.0,40.639226571241615,,no_obv_signal,1792048811.2038682,15.067138393189339,11.481457041496169,3.58568135169317,0.0,0.0,19.64426809199054,13.11433984926806,6.52992824272248,1.0,276.8367544029535,1.0,299.5212957306572,1.0,1.0,246.72788162488015,296.1495689018477,283.38381207752883,1.0,42.811535035207505,0.0,34.858547850801536,68.68565368464306,0.0,34.858547850801536,68.68565368464306,FALLBACK_BROAD_INDEX,-1.7265901456790194,1.0,1.0,1.5483904574775171,96.42857142857143,0.6469392473623446,0.0,24.24411016952078,17.116001280946378,7.128108888574403,218.52486789295298,179.0138970356227,1.0,ENGINERSIN,Engineers India Ltd.,Construction,ENGINERSIN.NS,5.678730560181444,25.934844000416746,28.083545689344465,0.0053410768181288894,ok,-43.851132686084135,314.7651006711409,-358.61623335722504,-23.462321109021815,31.363900864560325,-54.826221973582136,ok,0.7038521997551508,,,,,,missing,False,87.01792075185361,92.56,89.0,100.0,98.4,92.72737622555607,Watch,10.0,10.0,0.0,5.0,0.0,10.0,9.256,5.0,0.0,49.256,Below Watchlist,,,,,🟢,🟢,42.811535035207505,98.4,15,🟢,0.0,0.0,,10,🟢,2.0,10,🟢,0.0,0.0,,,63.0,,10.57,0.0,,,,,,,,,31-MAR-2026,ok,,,,,0.0,,NSE500
WELSPUNLIV.NS,225.2100067138672,1424829729.0,0.167181948604569,0.4886684107884336,0.11352231390274771,99.62173549083904,0.0,0.0,0.3946005073646915,0.19936244923903318,1.0734939734173565,97.71085743475115,1.9108780560878955,41.86938475532291,,neither,0.48693839650018916,0.5722076646285339,0.8509819539315331,44.42093317171059,,obv_still_strong,920170218.4814132,10.315906621387256,9.962679533215715,0.3532270881715416,0.0,0.0,21.759451573082345,16.14507142726213,5.614380145820213,1.0,204.26744989534507,1.0,218.60311906658043,1.0,1.0,181.40915574737508,219.97994177200326,212.32577901092606,1.0,55.74824155644156,0.0,46.598046605772666,101.60980826704287,0.0,46.598046605772666,101.60980826704287,FALLBACK_BROAD_INDEX,-1.202013718384535,1.0,1.0,1.4126255794591704,94.04761904761905,0.6352593028607233,0.0,12.940641927356069,3.7124035288348454,9.228238398521224,148.88120992321834,139.51610622274848,1.0,WELSPUNLIV,Welspun Living Ltd.,Textiles,WELSPUNLIV.NS,,,,,missing,,,,,,,missing,,,,,,,missing,False,92.75760742179367,91.72,76.4,100.0,99.4,92.5412822265381,Watch,10.0,10.0,0.0,5.0,0.0,10.0,9.172,5.0,0.0,49.172,Below Watchlist,,,,,🟢,🟢,55.74824155644156,99.4,15,🟢,0.0,0.0,,10,🟢,1.0,15,🟢,0.0,0.0,,,86.2,,4.84,4.99,,,,,,,,,31-MAR-2026,ok,,,,,,,NSE500
CAPLIPOINT.NS,,53919420.0,0.20376876491251497,0.21466142026917995,0.1126062109222036,99.48805843405243,0.0,0.0,0.1483435833170221,0.1737084078055237,0.3565059430569649,99.0203949921741,0.4676634418783294,11.748053583312835,,neither,0.26455149975144804,0.30658465315332906,1.0,12.699735005829261,,no_obv_signal,932355567.0828003,59.22271687877583,50.11597084108966,9.106746037686165,0.0,0.0,218.05396294825096,197.8994300719907,20.154532876260248,1.0,,1.0,,1.0,1.0,2264.758064653325,2781.5004455228777,2733.149291212976,1.0,37.490021135606845,1.0,20.430939723754314,81.37868759055766,1.0,6.406975507303936,46.95846415082809,^CNXPHARMA,-0.46731892307024264,1.0,1.0,1.5687825449618098,96.03174603174604,0.4088170487151809,0.0,241.51859900925047,174.50881078124624,67.00978822800423,2080.931780950767,1699.1431106286366,1.0,CAPLIPOINT,Caplin Point Laboratories Ltd.,Healthcare,CAPLIPOINT.NS,14.584346136970904,19.447624747915746,21.960683583182586,0.0012854043865470303,ok,3.7192003719200235,7.388916625062408,-3.6697162531423846,10.57353943659377,6.379600956450158,4.193938480143611,ok,1.50786969514839,,,,,,missing,False,90.45082045191835,97.72,94.6,85.0,96.2,92.2992461355755,Watch,10.0,20.0,0.0,5.0,0.0,10.0,9.772,0.0,0.0,54.772,Category C: Watchlist,,🟢,,,🟢,🟢,37.490021135606845,96.2,15,🟢,,,,10,🟢,4.0,0,,,,,,73.4,,2.02,6.15,,,,,,,,,31-MAR-2026,ok,,,,,0.0,,NSE500
GESHIP.NS,1537.800048828125,220166654.0,0.24060350681298445,0.1880422194743483,0.22126635247474846,100.0,1.0,1.0,0.1560828960521212,0.22018863131431618,19.35711889674144,78.35098670864899,21.64901329135101,4.8037318395858675,,quiet_but_not_accelerating,0.1847396023848698,0.6853510242817857,0.9838291745891665,15.102501386512056,,no_obv_signal,1408261022.20766,44.19836541221912,31.97770800713844,12.22065740508068,0.0,0.0,34.02882943170516,27.331867272755023,6.696962158950139,1.0,1431.1116005882784,1.0,1497.7943935468425,1.0,1.0,1246.239781102901,1480.2607448867113,1440.7469156864731,1.0,16.201873111766208,0.0,7.570235683688109,9.950443303340473,0.0,7.570235683688109,9.950443303340473,FALLBACK_BROAD_INDEX,-9.610129106472085,1.0,1.0,0.9042978614383863,12.3015873015873,0.38890137745136544,1.0,151.62633820583437,129.76984617620593,21.85649202962844,1220.1713661356412,977.6795792428942,1.0,GESHIP,Great Eastern Shipping Co. Ltd.,Services,GESHIP.NS,-1.6485037358480836,4.547463641061578,17.429796346357197,0.06409141582397396,ok,25.363113181693603,28.48591549295776,-3.122802311264156,32.68228132856954,3.9162839305849677,28.76599739798457,ok,1.1193738755900635,,,,,,missing,False,90.57,92.8,96.2,100.0,79.80000000000001,92.131,Watch,20.0,10.0,0.0,5.0,10.0,10.0,9.28,5.0,0.0,69.28,Category B: Emerging Leader,🟢,,,🟢,🟢,🟢,16.201873111766208,79.80000000000001,0,,0.0,0.0,,10,🟢,1.0,15,🟢,0.0,0.0,,🟢,76.4,,14.719999999999999,0.01,,,,,,,,,31-MAR-2026,ok,,,,,10.0,,NSE500
ZYDUSLIFE.NS,1200.5,187924801.0,0.3576674560930656,0.2345576700381443,0.16875870355298742,95.77754693919674,0.0,0.0,0.15358359775419383,0.21098398961972784,-0.05337432107840234,95.91747865538414,-0.1399317161874052,7.997376742706863,,quiet_but_not_accelerating,0.239512770005824,0.6489607508376439,1.0,6.540641460614349,,no_obv_signal,1674667117.924469,16.30587381839564,8.16852868539979,8.137345132995849,0.0,0.0,51.995277348868285,49.94365949262877,2.051617856239517,1.0,1133.94074484401,1.0,1187.915483668591,1.0,1.0,1033.9105286197444,1176.9527736170642,1161.1743303500123,1.0,18.676619136042078,0.0,12.961969490265624,38.869396551792825,0.0,0.37286051748777194,12.539055202803716,^CNXPHARMA,-1.1934156378600824,1.0,1.0,1.2576751675922244,75.79365079365078,0.3676857622442482,0.0,77.18243486772417,59.2092267113687,17.97320815635547,1000.6507869597394,863.5389921840258,1.0,ZYDUSLIFE,Zydus Lifesciences Ltd.,Healthcare,ZYDUSLIFE.NS,,,,,missing,,,,,,,missing,,,,,,,missing,False,90.80214142871885,87.03999999999999,93.60000000000001,100.0,83.2,91.16864242861566,Watch,10.0,10.0,0.0,5.0,0.0,10.0,8.703999999999999,5.0,0.0,48.704,Below Watchlist,,,,,🟢,🟢,18.676619136042078,83.2,5,,0.0,0.0,,10,🟢,10.0,0,,0.0,0.0,,,75.2,,4.92,0.0,,,,,,,,,18-JUN-2026,ok,,,,,,,NSE500
ACMESOLAR.NS,,174346660.0,0.8642882287150347,0.6567048800881587,0.6980746401694258,93.35557640449959,0.0,0.0,0.4743827910179085,0.5317614573888778,-0.4965812548288122,92.01509101950226,1.3404853849973222,15.464731416343946,,neither,0.7316961699222536,2.256183933024205,0.9703253189007963,21.402822034045997,,obv_still_strong,1209999344.013324,15.165925576420989,13.95967177621886,1.2062538002021288,0.0,0.0,38.09796278787019,34.15701876119162,3.940944026678565,1.0,,1.0,,1.0,1.0,350.4898587476747,436.85030342002335,424.85843838928827,1.0,38.26199989289884,0.0,29.457853927224377,83.7933571888243,0.0,29.457853927224377,83.7933571888243,FALLBACK_BROAD_INDEX,-4.524147013219671,1.0,1.0,1.6505641157404956,98.1651376146789,0.47017390547967264,0.0,33.83311998909153,13.619388728839665,20.213731260251862,306.67571366833533,282.93200557590626,1.0,ACMESOLAR,ACME Solar Holdings Ltd.,Power,ACMESOLAR.NS,16.048588113713592,,7.108220132977096,3.9309226033007723,ok,61.67400881057268,21.390374331550795,40.283634479021885,56.54036015247331,10.298778547869405,46.24158160460391,ok,,,,,,,missing,False,94.74445174157485,89.92,81.6,85.0,96.6,90.13733552247245,Watch,10.0,10.0,0.0,5.0,0.0,10.0,8.992,0.0,0.0,43.992000000000004,Below Watchlist,,,,,🟢,🟢,38.26199989289884,96.6,15,🟢,,,,10,🟢,1.0,15,🟢,,,,,92.60000000000001,🟢,16.2,4.390000000000001,16.06,0.0,True,True,0.14000000000000057,4.390000000000001,,,30-JUN-2026,ok,🟢,🟢,10.0,,20.0,🟢,NSE500
COHANCE.NS,457.8999938964844,200115183.0,0.35100094517546243,0.3420215961536903,0.6178700098110729,100.0,1.0,1.0,0.3124479001637389,0.8385343153351574,472.3156892525544,28.486836562583257,71.51316343741675,0.38364573570446314,,quiet_but_not_accelerating,0.315157694576933,7.684692263962447,0.8357037773260401,7.72850418702189,,obv_still_strong,532352680.0973694,2.3464669557681077,0.9321767265738261,1.4142902291942816,0.0,0.0,-2.319970344657463,-9.18714207545324,6.867171730795777,1.0,413.390380863097,1.0,442.7455191471287,1.0,1.0,341.70890403812064,452.820517657245,450.5403127019253,1.0,22.261071627074575,0.0,7.229734985631153,54.94203244367759,0.0,-4.720541952241564,25.564237876631847,^CNXPHARMA,-49.3893347447931,0.0,0.0,0.8475814325466277,86.90476190476191,0.11210935131009302,0.0,-114.89384247282374,-86.22352705823161,-28.670315414592125,600.7466108999603,662.0234949941454,0.0,COHANCE,Cohance Lifesciences Ltd.,Healthcare,COHANCE.NS,19.447791858655307,-24.18516662446516,4.805152142824827,0.10239332803243943,ok,-229.99999999999997,-47.916666666666664,-182.08333333333331,-31.79674376534436,13.693875677164632,-45.490619442508994,ok,,,,,,,missing,False,93.17,92.92,83.6,85.0,89.2,89.455,Watch,20.0,7.5,0.0,5.0,0.0,10.0,9.292,5.0,0.0,56.792,Category C: Watchlist,🟢,,,,🟢,,22.261071627074575,89.2,5,,0.0,0.0,,0,,1.0,15,🟢,0.0,0.0,,🟢,94.19999999999999,🟢,18.57,5.59,,,,,,,,,31-MAR-2026,ok,,,,,0.0,,NSE500
LGEINDIA.NS,,-6489361.0,2.2431140381601202,1.6537603789134159,0.551343763312832,83.68532382051315,0.0,1.0,1.1901936367763768,0.9645757843443629,0.0,100.0,-16.314676179486852,10.453757368410589,,neither,1.7726680015530072,1.7726680015530072,1.0,15.410774829843543,,obv_still_strong,836695059.0888062,20.840068650667718,16.0687680608231,4.771300589844618,0.0,0.0,42.05597979302888,26.26734006832523,15.788639724703653,1.0,,1.0,,1.0,1.0,1451.0914229661728,1688.9611860376108,1671.611809099555,1.0,13.297075886467411,1.0,16.31282035076096,14.276791643719665,1.0,16.31282035076096,14.276791643719665,FALLBACK_BROAD_INDEX,0.0,1.0,1.0,,,,,-11.189848281171862,-24.039255224364663,12.8494069431928,1609.175214590966,1631.6326794501952,0.0,LGEINDIA,LG Electronics India Ltd.,Consumer Durables,LGEINDIA.NS,1.2533399700140668,,27.63971278071034,0.05989859052624493,ok,673.4848484848485,-88.12561266666084,761.6104611515093,95.74090376371343,-44.76152730894239,140.50243107265584,ok,,,,,,,missing,False,93.1298633371796,96.16,90.8,85.0,76.4,89.25095900115387,Watch,10.0,20.0,0.0,5.0,,10.0,9.616,0.0,0.0,54.616,Category C: Watchlist,,🟢,,,🟢,🟢,13.297075886467411,76.4,0,,,,,0,,1.0,15,🟢,,,,,98.2,🟢,6.01,2.73,,,,,,,,,31-MAR-2026,ok,,,,,20.0,🟢,NSE500
JUBLPHARMA.NS,,96564980.0,0.1140446873876952,0.17283702402760615,0.029606749171813024,97.16506381354523,0.0,0.0,0.12785324727429592,0.053520495427643644,16.483560697228416,69.14468572299502,28.02037809055021,11.70447248984161,🟢,accelerating_but_price_moved,0.20056392220758865,0.202930604417599,0.9883374801114765,10.274000337910017,,no_obv_signal,264135443.3468811,36.90401764108867,33.122251475208024,3.781766165880647,0.0,0.0,17.986240550618277,0.9238779687453857,17.06236258187289,1.0,,1.0,,1.0,1.0,862.8200258834099,1046.1662634498662,1015.3856054531358,1.0,21.644751260740524,1.0,16.718705181778184,29.887654024609756,0.0,3.1270239359594054,5.238881156203012,^CNXPHARMA,-9.757874911196147,1.0,1.0,1.0708743940378425,96.03174603174604,0.6150800298560833,0.0,39.66771572272705,61.90446451422653,-22.23674879149948,954.3315293643182,829.9795207129214,0.0,JUBLPHARMA,Jubilant Pharmova Ltd.,Healthcare,JUBLPHARMA.NS,9.76567695005739,,6.280903895623776,0.509629483419806,ok,113.63636363636363,-45.595054095826896,159.23141773219052,7.376778035064506,12.624407898238331,-5.247629863173826,ok,,,,,,,missing,False,86.46777233474083,96.88,89.4,85.0,88.2,88.95633170042225,Watch,10.0,15.0,0.0,5.0,0.0,10.0,9.688,0.0,0.0,49.688,Below Watchlist,,🟢,,,🟢,🟢,21.644751260740524,88.2,5,,,,,0,,7.0,0,,,,,🟢,61.6,,8.03,15.9,,,,,,,,,31-MAR-2026,ok,,,,,10.0,,NSE500
WHIRLPOOL.NS,,52874210.0,3.121431427687623,0.9423367596756891,0.41476360387692723,90.77710605596224,0.0,0.0,0.7050187196018753,0.3582981308737901,119.24388969320566,28.70080745177371,62.07629860418852,15.279780312874468,,neither,1.1928076841563158,1.1928076841563158,1.0,14.507144081356959,,obv_still_strong,2438013403.984665,19.722272075492924,4.961772206624287,14.760499868868637,0.0,0.0,-14.940024266384171,-34.643391960803655,19.703367694419484,1.0,,1.0,,1.0,1.0,697.9526108096842,827.1595360178679,804.513107219809,1.0,16.445111627756052,0.0,21.356629641904256,14.586401287763561,0.0,21.356629641904256,14.586401287763561,FALLBACK_BROAD_INDEX,-35.07044702614905,0.0,0.0,1.2959455347716398,99.60317460317461,0.3515775014533304,0.0,-182.69147635782645,-178.05959429067337,-4.631882067153072,1046.9751302019347,1334.688231109823,0.0,WHIRLPOOL,Whirlpool of India Ltd.,Consumer Durables,WHIRLPOOL.NS,,,,,missing,,,,,,,missing,,,,,,,missing,False,95.45198711958678,97.6,97.2,70.0,80.4,88.79559613587604,Watch,10.0,10.0,0.0,5.0,0.0,10.0,9.76,0.0,0.0,44.76,Below Watchlist,,,,,🟢,,16.445111627756052,80.4,5,,,,,0,,4.0,0,,,,,🟢,93.0,🟢,32.33,0.0,,,,,,,,,31-MAR-2026,ok,,,,,,,NSE500
WOCKPHARMA.NS,2194.199951171875,410399724.0,0.10706260335030345,0.07209287446510841,0.11834186843855207,98.03298698518888,0.0,0.0,0.044154688831002584,0.11804110906964285,5.599832877597005,88.97836255382155,9.05462443136733,13.021526917622793,,neither,0.09816834233531851,0.4665576177822678,1.0,11.966117560995592,,no_obv_signal,2990920828.3137145,67.63752453036022,66.3963080923896,1.2412164379706212,0.0,0.0,163.17519920552513,148.75884697006168,14.41635223546345,1.0,2025.6386506505105,1.0,2300.015152191679,-1.0,1.0,1647.708901567326,2196.1381387465854,2144.893400409376,1.0,39.998338320025866,0.0,18.63429773030432,87.13218357340644,0.0,5.413033009309243,51.65097321881391,^CNXPHARMA,-5.816199632568194,1.0,1.0,1.3691378059622539,90.07936507936508,0.4249774888321575,0.0,276.16274312017435,234.96355711799922,41.19918600217514,1552.9719127383908,1135.5782273226846,1.0,WOCKPHARMA,Wockhardt Ltd.,Healthcare,WOCKPHARMA.NS,,,,,missing,,,,,,,missing,,,,,,,missing,False,81.97154544481612,95.8,82.0,90.0,97.8,88.72146363344484,Watch,10.0,10.0,0.0,5.0,0.0,6.5,9.58,5.0,0.0,46.08,Below Watchlist,,,,,🟢,🟢,39.998338320025866,97.8,15,🟢,0.0,0.0,,10,🟢,12.0,0,,0.0,0.0,,,58.4,,8.12,0.01,,,,,,,,,31-MAR-2026,ok,,,,,,,NSE500
JSWINFRA.NS,350.0,526467433.0,0.6555014053442887,0.2066631578497968,0.15325813304912864,97.15113474936089,0.0,0.0,0.15052671972718323,0.23510162385305491,3.97368991411741,86.86513611788642,10.28599863147447,8.645043188318224,,neither,0.23318547999745276,0.48352501445800816,1.0,12.035853661371899,,no_obv_signal,1633867184.6414351,5.679883983905768,4.580542782801139,1.0993412011046289,0.0,0.0,18.553431871264536,16.68982789168534,1.8636039795791959,1.0,330.3071881982064,1.0,359.70707187058366,-1.0,1.0,292.24530958752166,351.14644965847503,346.3877324003463,1.0,19.29206063752912,0.0,14.902525410114698,40.36513477484214,0.0,14.902525410114698,40.36513477484214,FALLBACK_BROAD_INDEX,-4.787814420916927,1.0,1.0,1.3728293367271802,88.88888888888889,0.45804120703068724,0.0,16.32051538319962,11.86069197033422,4.459823412865401,293.48274320151836,261.29754047492867,1.0,JSWINFRA,JSW Infrastructure Ltd.,Services,JSWINFRA.NS,19.02965286539251,27.218468086394743,12.003697907868428,0.6342376465180418,ok,-17.500000000000004,16.27906976744186,-33.77906976744187,-5.091503869043709,12.794333387668006,-17.885837256711717,ok,1.7653767231675466,,,,,,missing,False,91.9628971622763,86.56,80.80000000000001,90.0,84.8,87.7408691486829,Watch,10.0,10.0,0.0,5.0,0.0,6.5,8.656,5.0,0.0,45.156,Below Watchlist,,,,,🟢,🟢,19.29206063752912,84.8,5,,0.0,0.0,,10,🟢,5.0,0,,0.0,0.0,,,77.0,,2.07,0.03,,,,,,,,,31-MAR-2026,ok,,,,,0.0,,NSE500
MEESHO.NS,223.2100067138672,648333845.0,1.659835409219216,0.7988285892626094,0.24987292621268228,93.36559954653515,0.0,0.0,0.5578024732623527,0.6150389915615082,-1.276993613220295,83.89300320388257,9.47259634265258,16.013520683352667,,neither,0.8756586791449152,3.7086236445025476,1.0,22.51495895646267,,obv_still_strong,5747306046.82967,5.840129061780232,6.214828339513804,-0.3746992777335727,0.0,1.0,11.981413286466164,9.206201473022572,2.775211813443592,1.0,208.41424456618276,1.0,227.53387411724,-1.0,1.0,177.56448115103456,221.81151089722374,217.69741281255912,1.0,29.396877196424125,0.0,21.155713836868518,56.78396584191327,,,,^CNXCONSUM,-7.069401538343083,1.0,1.0,,,,,5.292060245685292,0.7628111940820228,4.529249051603269,185.1418044690896,181.86584684780843,1.0,MEESHO,Meesho Ltd.,Consumer Services,MEESHO.NS,30.094894414652874,,-26.979230234107998,0.014278086765098811,ok,22.222222222222214,68.42105263157895,-46.19883040935673,5.142681889390952,0.3870254645357429,4.755656424855209,ok,,,,,,,missing,False,95.9479598412873,88.48,59.199999999999996,90.0,93.4,87.3703879523862,Watch,10.0,5.0,0.0,5.0,,6.5,8.848,5.0,0.0,40.348,Below Watchlist,,,,,🟢,🟢,29.396877196424125,93.4,10,🟢,0.0,0.0,,10,🟢,2.0,10,🟢,0.0,0.0,,,94.39999999999999,🟢,4.91,4.17,,,,,,,,,31-MAR-2026,ok,,,,,0.0,,NSE500
ACE.NS,,137824570.0,0.18615691362232886,0.08038810260438668,0.09995764850397457,97.13009851076998,0.0,0.0,0.15023966054263738,0.13339627060711243,2.7749285313792713,91.9024031664026,5.227695344367376,23.34443561202839,,neither,0.06595817637412454,0.24425676749388422,0.30839762156841255,14.938313677368242,,no_obv_signal,396111592.2677002,33.52395862087633,29.511214555233277,4.0127440656430515,0.0,0.0,72.68527177034616,53.494088794866315,19.191182975479848,1.0,,1.0,,-1.0,1.0,1000.6994200932332,1210.018971234087,1183.042308482527,1.0,29.441438650472946,0.0,29.863165753050126,50.179197518360084,0.0,29.863165753050126,50.179197518360084,FALLBACK_BROAD_INDEX,-3.2697981658592736,1.0,1.0,1.2509523695076892,83.73015873015873,0.5950337010095715,0.0,8.633306849397059,2.299973218235584,6.333333631161475,1039.197907262363,919.7547369740606,1.0,ACE,Action Construction Equipment Ltd.,Capital Goods,ACE.NS,14.991698967622934,34.23800894254507,28.462404665548796,0.0039284133685398735,ok,7.841031149301811,-4.805725971370132,12.646757120671943,-23.6826001223907,20.460316160209683,-44.14291628260038,ok,0.9301709119079589,,,,,,missing,False,84.47553447876949,97.47999999999999,89.60000000000001,75.0,93.60000000000001,87.31866034363085,Watch,10.0,10.0,0.0,5.0,0.0,6.5,9.748,0.0,0.0,41.248,Below Watchlist,,,,,🟢,🟢,29.441438650472946,93.60000000000001,10,🟢,,,,10,🟢,15.0,0,,,,,,70.39999999999999,,0.5499999999999999,9.58,1.31,7.82,False,True,-0.7600000000000001,1.7599999999999998,,,31-MAR-2026,ok,,🟢,5.0,,5.0,,NSE500
FINCABLES.NS,,178457304.0,0.5322926838743839,0.6774635289419173,0.2316477794063764,98.65243768666609,0.0,0.0,0.584065010460152,0.30441530422269886,4.337861150005499,90.71329927818194,7.939138408484155,20.261778276125053,,neither,0.6160327030876975,0.762787925459181,0.8076067836507242,45.74787397015223,,obv_still_strong,1690001897.8403687,62.37717631673377,62.66554806493926,-0.28837174820549194,0.0,1.0,125.07571137819605,95.79710397004723,29.278607408148815,1.0,,1.0,,-1.0,1.0,1074.2724124724668,1421.7459676783128,1376.2159707076935,1.0,38.53976366578619,0.0,34.128559386551636,68.79260629195063,0.0,34.128559386551636,68.79260629195063,FALLBACK_BROAD_INDEX,-4.858109757706925,1.0,1.0,1.8112365068310767,83.33333333333334,0.683858825495253,0.0,64.44821670192937,11.310246243931736,53.13797045799763,1012.9895789746882,913.2381970745129,1.0,FINCABLES,Finolex Cables Ltd.,Capital Goods,FINCABLES.NS,12.74746123030357,12.275597313684216,14.158606466930983,0.003144984784451879,ok,36.719478098788436,0.9407337723424237,35.77874432644601,22.047766198346075,16.196512549153578,5.851253649192497,ok,2.0114103101504828,,,,,,missing,False,95.60835319033313,98.44,61.4,75.0,97.0,87.13050595709994,Watch,10.0,10.0,0.0,5.0,0.0,6.5,9.844,0.0,0.0,41.344,Below Watchlist,,,,,🟢,🟢,38.53976366578619,97.0,15,🟢,,,,10,🟢,14.0,0,,,,,,91.4,🟢,11.63,0.0,,,,,,,,,31-MAR-2026,ok,,,,,15.0,🟢,NSE500
REDINGTON.NS,,1701390476.0,0.13494749636765205,0.30314910075505497,0.2077853890978558,98.6793358894343,0.0,0.0,0.3280713086346352,0.2753950929738919,1.24064386737102,97.43824934909352,1.241086540340774,50.16743975870202,,neither,0.17979713981617831,0.4361044287957686,0.4122800135569796,30.19777784538742,,obv_still_strong,2361844941.841382,15.800887391212143,16.129826825083878,-0.3289394338717351,0.0,1.0,41.9049754264347,30.907317988736274,10.997657437698429,1.0,,1.0,,1.0,1.0,316.88587023234754,399.2712214049243,388.14243267568145,1.0,56.753397648538055,1.0,52.55301258732881,86.74987995051377,1.0,52.55301258732881,86.74987995051377,FALLBACK_BROAD_INDEX,-1.3403192197376403,1.0,1.0,1.403788387889482,85.71428571428571,0.7051188928698663,0.0,35.33516036992495,23.712285654627397,11.622874715297552,268.19483156414293,220.43389343309354,1.0,REDINGTON,Redington Ltd.,Services,REDINGTON.NS,14.506346709108374,2.2850489005786567,18.772724962692948,0.2796669136961616,ok,,,,,,,missing,,,,,,,missing,False,90.207767561302,94.6,60.199999999999996,85.0,99.6,86.9523302683906,Watch,10.0,20.0,0.0,5.0,0.0,10.0,9.459999999999999,0.0,0.0,54.46,Category C: Watchlist,,🟢,,,🟢,🟢,56.753397648538055,99.6,15,🟢,,,,10,🟢,2.0,10,🟢,,,,,86.6,,11.55,0.0,,,,,,,,,31-MAR-2026,ok,,,,,,,NSE500
SONACOMS.NS,815.6500244140625,351483860.0,0.16552994252774694,-0.006192978593703974,0.1632876941196503,96.13380878461444,0.0,0.0,0.05450469357037816,0.14800976054431392,2.4288505882510156,95.96730798776952,0.1665007968449288,31.57767257470678,,neither,-0.07068485025597146,0.34844977522126797,-0.6044543519103371,6.0111773501985155,,no_obv_signal,1729421081.4519286,7.876449229904097,6.802209418654215,1.0742398112498819,0.0,0.0,69.89035469397697,66.89915543881455,2.991199255162428,1.0,767.8099948237445,1.0,803.667164997391,1.0,1.0,688.408123200933,809.6116962259184,804.0536802528453,1.0,35.21559559299519,1.0,38.51250029049553,66.09543647790963,,,,^CNXAUTO,-2.0828302023934575,1.0,1.0,1.3601695278807104,87.6984126984127,0.5146735142828763,0.0,50.863517875094885,11.068977262850893,39.79454061224399,606.3462037785711,574.2397920627363,1.0,SONACOMS,Sona BLW Precision Forgings Ltd.,Automobile and Auto Components,SONACOMS.NS,,,,,missing,,,,,,,missing,,,,,,,missing,False,74.34683307461505,88.84,80.4,100.0,95.8,86.50204992238451,Watch,10.0,10.0,0.0,5.0,0.0,10.0,8.884,5.0,0.0,48.884,Below Watchlist,,🟢,,,🟢,🟢,35.21559559299519,95.8,15,🟢,0.0,0.0,,10,🟢,1.0,15,🟢,0.0,0.0,,,63.800000000000004,,35.099999999999994,23.7,,,,,,,,,31-MAR-2026,ok,,,,,,,NSE500
JYOTICNC.NS,1059.300048828125,99085845.0,0.7440916846205469,0.5974578047060184,0.3384941491842554,97.69369873303852,0.0,0.0,0.4344905057082522,0.3890503841102743,3.3589630899450382,89.67541794672805,8.01828078631047,36.666247218927616,,neither,0.6914717542996801,1.047057654300383,1.0,30.99610670211508,,obv_still_strong,1384907528.844937,35.50931868691259,37.28896618534509,-1.779647498432496,0.0,1.0,68.79220668224707,35.81366408076866,32.97854260147841,1.0,959.4772904900783,1.0,1103.6256329891926,-1.0,1.0,831.8394827571381,1052.1464016498196,1027.694338038413,1.0,29.38150824297438,0.0,42.16814113880254,44.37505675786853,0.0,42.16814113880254,44.37505675786853,FALLBACK_BROAD_INDEX,-4.8974213721301805,1.0,1.0,1.3278317321043522,98.4126984126984,0.7136157820953561,0.0,-3.965030149825793,-5.055216606296293,1.0901864564704997,891.7106272051662,835.7884784485212,1.0,JYOTICNC,Jyoti CNC Automation Ltd.,Capital Goods,JYOTICNC.NS,31.244220277432454,,22.036972445064524,0.4260916490533795,ok,-36.934673366834176,2.3136246786632353,-39.248298045497414,-15.136190666933707,4.038895641604445,-19.17508630853815,ok,,,,,,,missing,False,95.66279455656347,98.8,38.4,90.0,93.2,86.19883836696903,Watch,10.0,10.0,0.0,5.0,0.0,6.5,9.879999999999999,5.0,0.0,46.379999999999995,Below Watchlist,,,,,🟢,🟢,29.38150824297438,93.2,10,🟢,0.0,0.0,,10,🟢,7.0,0,,0.0,0.0,,,91.0,🟢,11.84,8.94,,,,,,,,,31-MAR-2026,ok,,,,,0.0,,NSE500
HBLENGINE.NS,808.2999877929688,1099218649.0,0.07993450096463317,0.04530005599922596,0.018726602960238054,97.39816869090517,0.0,0.0,0.026153858592554872,0.029451006307254345,27.951853635270105,40.44769313236575,56.95047555853942,-0.348073252726,,quiet_but_not_accelerating,0.0574509036480353,0.057968405788145355,1.0,12.623176404965552,,no_obv_signal,2093504953.1955504,24.7489595741298,16.3895422807815,8.359417293348297,0.0,0.0,-2.0070571717376424,-10.405679794039704,8.398622622302062,1.0,717.1107785403002,1.0,763.5765833674911,1.0,1.0,620.5302636303436,771.5222826808996,748.3832635614102,1.0,17.958608712325443,0.0,7.625115411962957,24.249489400656522,0.0,7.625115411962957,24.249489400656522,FALLBACK_BROAD_INDEX,-26.145640992466323,0.0,0.0,0.9374440333533698,32.142857142857146,0.3714594082405364,0.0,73.93213076740653,92.6467565740727,-18.714625806666163,708.0955371525025,537.2060721639622,0.0,HBLENGINE,HBL Engineering Ltd.,Capital Goods,HBLENGINE.NS,34.493134697564365,102.14508709179908,45.89798109513484,0.030199978322133104,ok,70.25862068965519,-70.84803811066136,141.10665880031655,5.613123220552208,-30.881881836071575,36.49500505662378,ok,0.24409631152981623,,,,,,missing,True,78.98935904181681,94.12,94.19999999999999,85.0,82.39999999999999,86.01080771254504,Elite Compounder,10.0,10.0,0.0,5.0,0.0,10.0,9.412,5.0,10.0,59.412,Category C: Watchlist,,,,,🟢,,17.958608712325443,82.39999999999999,5,,0.0,0.0,,0,,2.0,10,🟢,0.0,0.0,,🟢,37.6,,0.38,5.94,,,,,,,,,31-MAR-2026,ok,,,,,20.0,🟢,NSE500
LICHSGFIN.NS,,229570230.0,0.58782314179515,0.3654617351887785,0.1057017298672552,94.7028517249606,0.0,0.0,0.21314899209213872,0.10598402947806687,23.544714073740604,86.46118230503214,8.241669419928456,2.6263385759584867,🟢,accelerating_quiet_base,0.5602793705696569,0.5602793705696569,1.0,6.3925295522206715,,no_obv_signal,1891509320.2431397,10.585067777777454,10.52004624740991,0.06502153036754343,0.0,0.0,7.1414038892680765,2.175455889863424,4.965947999404652,1.0,,1.0,,1.0,1.0,480.4019657695736,560.829924770167,552.8083770315119,1.0,12.697283433460393,1.0,10.52202721001323,19.383376913047723,,,,^CNXFIN,-3.0285245953923874,1.0,1.0,1.2065367555224438,80.95238095238095,0.6879852606166558,0.0,0.8630823622528396,3.311366200356228,-2.4482838381033885,541.5814919908264,514.0061295952987,0.0,LICHSGFIN,LIC Housing Finance Ltd.,Financial Services,LICHSGFIN.NS,10.252559504082082,24.686567936168522,,6.425930726651817,partial,0.4423147806855916,6.726986624704947,-6.284671844019355,-12.610808659797307,4.989044103594334,-17.59985276339164,ok,0.1908125103570429,,,,,,missing,False,92.87599810373621,91.24,72.2,85.0,74.8,85.16079943112086,Watch,10.0,10.0,0.0,5.0,0.0,10.0,9.124,0.0,0.0,44.124,Below Watchlist,,🟢,,,🟢,🟢,12.697283433460393,74.8,0,,,,,0,,2.0,10,🟢,,,,,72.8,,17.72,0.0,,,,,,,,,31-MAR-2026,ok,,,,,0.0,,NSE500
WELCORP.NS,2842.0,519615587.0,0.2046705609557567,0.2588042718165129,0.10792670432509852,100.0,1.0,1.0,0.22455909561498263,0.1481500836644764,0.0,100.0,0.0,86.74025589126207,,neither,0.27697699816364313,0.2796874664619556,0.9903089390003783,72.17981594790305,,no_obv_signal,5711885553.024683,153.31831701558485,159.79401329882262,-6.475696283237767,0.0,0.0,441.5609639550189,344.2029988374072,97.35796511761168,1.0,2392.8243470520283,1.0,2662.9201000612247,1.0,1.0,2154.2921316076854,2723.483330864915,2618.122400095985,1.0,122.42296684732679,1.0,98.95671892851219,263.1862436894201,1.0,98.95671892851219,263.1862436894201,FALLBACK_BROAD_INDEX,0.0,1.0,1.0,3.185309163441095,99.20634920634922,0.6803202879344912,0.0,394.8162666950095,219.1027731726674,175.7134935223421,1297.5885900808162,865.334802825547,1.0,WELCORP,Welspun Corp Ltd.,Capital Goods,WELCORP.NS,,,,,missing,,,,,,,missing,,,,,,,missing,False,91.6,99.64,18.0,100.0,100.0,85.10799999999999,Watch,20.0,20.0,0.0,5.0,0.0,10.0,9.963999999999999,5.0,0.0,69.964,Category B: Emerging Leader,🟢,🟢,,,🟢,🟢,122.42296684732679,100.0,15,🟢,0.0,0.0,,10,🟢,1.0,15,🟢,0.0,0.0,,,75.8,,9.86,11.23,,,,,,,,,31-MAR-2026,ok,,,,,,,NSE500
CASTROLIND.NS,199.8300018310547,1064512784.0,0.07809198344271834,0.06981693610963127,0.019621845212564125,89.88973354665937,0.0,0.0,0.06749750084572889,0.031169436263457473,-0.08405773898893576,94.54923592298795,-4.659502376328575,11.967900513856478,🟢,accelerating_but_price_moved,0.03966406240223039,0.09810244521904649,0.4043126785847908,11.49634901333072,,no_obv_signal,701974477.0871537,3.524557510554473,2.6113458343944242,0.9132116761600488,0.0,0.0,5.0158928033750385,2.861156278564028,2.1547365248110104,1.0,190.255700068486,1.0,196.2916821274798,1.0,1.0,183.07857041647867,196.22750700723665,193.2051514826061,1.0,16.611027403069002,0.0,17.603569040076362,15.197131149659349,,,,^CNXENERGY,-0.9123798059189756,1.0,1.0,1.3370241845408908,100.0,0.6807314017655989,0.0,5.181377849335149,6.1754357785696925,-0.9940579292345433,181.061507262601,163.6086141102041,0.0,CASTROLIND,Castrol India Ltd.,Oil Gas & Consumable Fuels,CASTROLIND.NS,6.194863393152783,5.232855910438738,65.01495001560438,0.03305267589328001,ok,43.26530612244896,-0.8097165991902842,44.07502272163924,21.1119308327509,7.314295238624369,13.797635594126533,ok,3.3312405879982387,,,,,,missing,False,77.97140674133078,87.28,79.2,100.0,80.60000000000001,84.81742202239924,Watch,10.0,5.0,0.0,5.0,0.0,10.0,8.728,5.0,0.0,43.728,Below Watchlist,,,,,🟢,🟢,16.611027403069002,80.60000000000001,5,,0.0,0.0,,0,,3.0,5,🟢,0.0,0.0,,,45.0,,2.77,0.0,,,,,,,,,31-MAR-2026,ok,,,,,15.0,🟢,NSE500
GLAND.NS,2989.699951171875,56371863.0,0.1418182588157913,0.5525608974827952,0.5145564935209831,97.22111160587136,0.0,0.0,0.5354299422685764,0.6567239898125771,-0.4446828431244265,97.46769234521663,-0.24658073934527636,20.732932974145847,,neither,0.41842754490827694,1.1256114411370386,0.5608923131397661,20.3518680625969,,obv_still_strong,1810662044.022473,34.236920094290326,42.49788324260697,-8.260963148316641,0.0,0.0,274.4919809515618,248.8960086598971,25.595972291664708,1.0,2722.8691748030437,1.0,2872.0175394947973,1.0,1.0,2426.0165230440775,2925.6674238451214,2907.8506824795813,1.0,38.58704663662218,1.0,33.81364589071267,91.01986726055567,0.0,18.900710344665363,54.80153237686387,^CNXPHARMA,-1.2061331236842308,1.0,1.0,1.271467770876379,63.095238095238095,0.47867128757622657,0.0,221.98888020663162,81.4431446800417,140.5457355265899,2113.4755517368703,2109.7078325302955,1.0,GLAND,Gland Pharma Ltd.,Healthcare,GLAND.NS,21.251147751201138,9.566141877345924,13.704613965032614,0.02737896977683808,ok,40.07561436672969,21.33027522935779,18.745339137371896,2.797453996577724,12.602167077792434,-9.80471308121471,ok,4.274795473903805,,,,,,missing,False,91.45738906205497,98.19999999999999,14.799999999999999,100.0,97.2,83.8772167186165,Watch,10.0,15.0,0.0,5.0,0.0,10.0,9.819999999999999,5.0,0.0,54.82,Category C: Watchlist,,🟢,,,🟢,🟢,38.58704663662218,97.2,15,🟢,0.0,0.0,,10,🟢,3.0,5,🟢,0.0,0.0,,,94.6,🟢,31.78,7.3,,,,,,,,,31-MAR-2026,ok,,,,,5.0,,NSE500
GRAPHITE.NS,801.5499877929688,511095434.0,0.3970566567480742,0.22764784258535617,0.11781104806786222,98.12715051047662,0.0,0.0,0.19671691828806157,0.08921077718228451,4.545583699121334,86.70626949628289,11.42088101419374,32.107790324699636,🟢,accelerating_but_price_moved,0.2684217144255175,0.2684217144255175,1.0,22.11303442721149,,no_obv_signal,3119390658.9709687,24.1603202491616,28.084652314220627,-3.9243320650590263,0.0,1.0,42.74136913185282,28.932862651703648,13.808506480149173,1.0,731.0695293140088,1.0,818.27916872066,-1.0,1.0,631.8192048017481,807.8010468268053,791.7600315436691,1.0,32.54172945313329,0.0,39.00066070575681,36.81532608788769,0.0,39.00066070575681,36.81532608788769,FALLBACK_BROAD_INDEX,-5.102709450697339,1.0,1.0,1.2207933076176658,53.17460317460318,0.8537043569859885,0.0,59.62131488643672,46.1910046498507,13.430310236586024,623.639829095467,555.8956948637762,1.0,GRAPHITE,Graphite India Ltd.,Capital Goods,GRAPHITE.NS,-3.1328626686158545,-4.1894505079349775,4.446539944083247,0.06273542639165053,ok,,-251.7142857142857,,3.1862745098039214,27.102803738317753,-23.91652922851383,partial,,,,,,,missing,False,91.47450267866681,95.68,25.2,90.0,94.8,82.57835080360005,Watch,10.0,10.0,0.0,5.0,0.0,6.5,9.568000000000001,5.0,0.0,46.068,Below Watchlist,,,,,🟢,🟢,32.54172945313329,94.8,10,🟢,0.0,0.0,,10,🟢,9.0,0,,0.0,0.0,,,71.0,,8.61,6.69,,,,,,,,,31-MAR-2026,ok,,,,,0.0,,NSE500
AEGISVOPAK.NS,294.25,122632945.0,0.8771813816073365,0.4017893289133855,0.7833021980476661,96.55753975101743,0.0,0.0,0.5538412762597329,0.9488737971957925,4.588287215320781,84.6588015617043,11.898738189313136,25.469228627123375,,neither,0.4875414774526258,1.9381100902380075,1.0,1.4095658554834412,,price_not_rising,594124023.2062973,4.5548374767392374,6.088039356227953,-1.5332018794887157,0.0,0.0,19.808263304313414,17.094844327169753,2.713418977143661,1.0,275.33655046700574,1.0,302.7276039971161,-1.0,1.0,222.68341899055451,297.20236237554536,294.4789386813031,1.0,38.65622207658967,0.0,33.35418695757741,69.18431810108446,,,,^CNXENERGY,-7.555761456268587,1.0,1.0,1.2615065253661575,63.095238095238095,0.556265402278801,0.0,3.6466767598736567,-2.7156589984823043,6.362335758355961,244.4224168077599,243.85873455454967,1.0,AEGISVOPAK,Aegis Vopak Terminals Ltd.,Oil Gas & Consumable Fuels,AEGISVOPAK.NS,37.726816039267,,7.943525968813718,0.8695642922077612,ok,-3.2258064516129057,10.714285714285703,-13.940092165898609,-3.9752032949451572,23.273424572077868,-27.248627867023025,ok,,,,,,,missing,False,94.79513891285609,88.36000000000001,41.4,75.0,97.39999999999999,81.93054167385682,Watch,10.0,5.0,0.0,5.0,0.0,6.5,8.836000000000002,0.0,0.0,35.336,Below Watchlist,,,,,🟢,🟢,38.65622207658967,97.39999999999999,15,🟢,0.0,0.0,,10,🟢,5.0,0,,0.0,0.0,,,95.8,🟢,1.59,5.89,1.8499999999999999,5.36,False,True,-0.2599999999999998,0.5299999999999994,,,31-MAR-2026,ok,,🟢,5.0,,0.0,,NSE500
SUNTV.NS,553.25,144934227.0,0.575922333440245,0.178832544182857,0.06491359890599309,100.0,1.0,1.0,0.1268142751164845,0.047677188430561686,28.631715590347888,52.90924962875978,47.09075037124022,8.422903301992445,🟢,accelerating_but_price_moved,0.21584022588163865,0.21584022588163865,1.0,9.893696076143943,,no_obv_signal,549734104.8372085,12.88110307836456,3.337201002432149,9.543902075932412,0.0,0.0,-12.747052973294728,-19.135417075233917,6.388364101939189,1.0,468.80641555523766,1.0,497.72213758700525,1.0,-1.0,555.0990514286539,502.605503193986,488.36120803033356,1.0,10.559164551505798,0.0,14.71662421191704,-5.562582081681111,,,,^CNXMEDIA,-14.326882553386392,0.0,1.0,1.154128245545218,67.06349206349206,0.5453868577632962,0.0,-19.781157512698883,-11.827159624986209,-7.953997887712674,555.7170042023456,552.3330057543369,0.0,SUNTV,Sun TV Network Ltd.,Media Entertainment & Publication,SUNTV.NS,,,,,missing,,,,,,,missing,,,,,,,missing,False,91.84,92.32,95.0,55.0,69.6,81.706,Watch,20.0,2.5,0.0,5.0,0.0,10.0,9.232,5.0,0.0,51.732,Category C: Watchlist,🟢,,,,🟢,🟢,10.559164551505798,69.6,0,,0.0,0.0,,0,,1.0,15,🟢,0.0,0.0,,🟢,60.4,,10.27,6.64,,,,,,,,,31-MAR-2026,ok,,,,,,,NSE500
MOTILALOFS.NS,,177376796.0,0.09067254038764604,0.23214764752958672,0.061573669351184745,97.27006948508027,0.0,0.0,0.03674113242059741,0.08734549718125978,7.680660850043184,84.38202595849236,12.888043526587907,6.748266714963225,,quiet_but_not_accelerating,0.3022281603350217,0.3234721004518382,0.9343252784795283,20.867430650769148,,no_obv_signal,782419127.1254883,11.225192076901635,13.498090839226249,-2.2728987623246137,0.0,0.0,49.337927517598246,42.0363239950183,7.301603522579946,1.0,,1.0,,1.0,1.0,830.8703058253852,1015.852934049205,1009.6860754819969,1.0,23.363300297702793,0.0,12.905145425108033,51.20981216362572,,,,^CNXFIN,-6.555019429208301,1.0,1.0,1.0286733229833693,86.11111111111111,0.47548069205294213,0.0,50.29574007096687,30.520275154694765,19.775464916272107,850.6534048596313,806.9544301171021,1.0,MOTILALOFS,Motilal Oswal Financial Services Ltd.,Financial Services,MOTILALOFS.NS,29.055802482957695,26.12561542477472,18.05574501195977,1.6492038010228032,ok,,-140.06514657980455,,-31.34874656113894,77.67842060810811,-109.02716716924705,partial,1.1742746534846285,,,,,,missing,False,87.4145243197781,93.16,35.0,85.0,90.0,80.60635729593344,Watch,10.0,5.0,0.0,5.0,0.0,10.0,9.315999999999999,0.0,0.0,39.316,Below Watchlist,,,,,🟢,🟢,23.363300297702793,90.0,5,,,,,10,🟢,5.0,0,,,,,,49.2,,4.9399999999999995,0.0,,,,,,,,,31-MAR-2026,ok,,,,,0.0,,NSE500
MEDANTA.NS,,58441816.0,0.12182797607486748,0.1366982505062862,0.12418712154084785,97.71047792563165,0.0,0.0,0.14195905671355066,0.17895193737611387,5.634214325382788,86.22616691120854,11.484311014423113,9.258489217221433,,neither,0.14424818736139092,0.26323773597238115,0.8886991535022685,0.07037575351611647,,no_obv_signal,367815882.31192625,14.49671565908875,14.970631336391527,-0.4739156773027773,0.0,1.0,75.71522366947693,70.49602976373257,5.219193905744362,1.0,,1.0,,-1.0,1.0,1235.3520836545235,1471.0399482676403,1461.0377988264086,1.0,20.650843145788674,0.0,15.377233200227348,43.362016052787446,0.0,1.9417639304156964,16.15621425292961,^CNXPHARMA,-5.003644958473523,1.0,1.0,1.2787293510772055,95.23809523809523,0.4224765256624522,0.0,88.84923767002238,73.41299240388986,15.436245266132516,1230.7530766337463,1047.0261098481296,1.0,MEDANTA,Global Health Ltd.,Healthcare,MEDANTA.NS,18.020815991344175,19.500679195179373,15.046421162464501,0.30039756965041636,ok,10.280373831775714,51.12994350282485,-40.84956967104914,12.510622951442004,3.3896883895144447,9.120934561927559,ok,3.5021582231291,,,,,,missing,False,86.08866727397107,91.35999999999999,56.599999999999994,75.0,86.6,80.57860018219131,Watch,10.0,10.0,0.0,5.0,0.0,6.5,9.136,0.0,0.0,40.635999999999996,Below Watchlist,,,,,🟢,🟢,20.650843145788674,86.6,5,,,,,10,🟢,17.0,0,,,,,,73.2,,13.91,0.0,,,,,,,,,31-MAR-2026,ok,,,,,5.0,,NSE500
AUROPHARMA.NS,1697.699951171875,113305724.0,0.03100180252982439,0.13442606780687918,0.19378473248788133,94.14267003468925,0.0,0.0,0.07822739036985418,0.06368743883347434,0.5602334578500507,94.52653023209928,-0.38386019741002997,7.537847829263944,,quiet_but_not_accelerating,0.12205050143542231,0.5234778947962947,0.7677132190262671,7.435767854116326,,no_obv_signal,1242525354.9891357,19.415285147398208,20.839976841661578,-1.4246916942633696,0.0,1.0,92.93627466097746,90.93700280935661,1.999271851620847,1.0,1615.087956237961,1.0,1692.978744011546,1.0,1.0,1484.1106832261128,1700.0083080093564,1686.6927258517094,1.0,18.76183776079162,1.0,15.646401057221437,37.801248293105246,0.0,2.758124128370687,11.67343326712842,^CNXPHARMA,-2.093428421460496,1.0,1.0,1.0377225375985732,34.523809523809526,0.3386809514812178,0.0,147.63998577915504,102.9937588304048,44.64622694875024,1355.9093518695536,1144.5181654189626,1.0,AUROPHARMA,Aurobindo Pharma Ltd.,Healthcare,AUROPHARMA.NS,10.688761055754913,22.054618958117334,13.50404343310974,0.21305445598252037,ok,12.610340479192939,1.2125079770261615,11.397832502166777,4.048677369593784,1.7082901873552356,2.340387182238548,ok,1.1385055460574334,,,,,,missing,False,79.53993451214123,86.68,43.4,100.0,83.6,80.24798035364238,Watch,10.0,15.0,0.0,5.0,0.0,10.0,8.668,5.0,0.0,53.668,Category C: Watchlist,,🟢,,,🟢,🟢,18.76183776079162,83.6,5,,0.0,0.0,,10,🟢,5.0,0,,0.0,0.0,,,53.6,,17.79,15.24,16.71,16.38,True,False,1.0799999999999983,-1.1399999999999988,,,31-MAR-2026,ok,🟢,,5.0,,5.0,,NSE500
PWL.NS,125.1500015258789,117716149.0,3.690530189221043,2.446750278173895,0.4593023772449735,97.20385650324013,0.0,0.0,1.7165954449766114,0.7828587531434147,,60.24048518427788,36.96337131896225,0.8217226254976451,🟢,accelerating_quiet_base,2.7213308176597204,3.411914778302495,0.9576108229377035,0.20818491272409645,,price_not_rising,1606729345.6536117,1.6271845064993045,2.158515954667983,-0.5313314481686784,0.0,1.0,4.23528782875573,3.764542217718726,0.4707456110370041,1.0,120.70455370344708,1.0,131.42185421367157,-1.0,1.0,98.46108642747417,130.7531632711812,129.66580923766193,1.0,20.418943845915834,0.0,6.659146638761082,46.92798591361787,,,,^CNXCONSUM,-19.382892877190834,0.0,0.0,,,,,-1.811551823359565,-2.8117181962699243,1.0001663729103591,118.31843202796445,121.18579779696061,0.0,PWL,Physicswallah Ltd.,Consumer Services,PWL.NS,73.942621039894,,1.9242683959439086,0.2327476169091605,ok,-172.22222222222223,,,-15.116050254106774,28.540196606997387,-43.656246861104165,partial,,,,,,,missing,False,98.43134977613404,83.56,55.400000000000006,60.0,86.0,79.45140493284022,Watch,10.0,5.0,0.0,5.0,,6.5,8.356,0.0,0.0,34.856,Below Watchlist,,,,,🟢,,20.418943845915834,86.0,5,,0.0,0.0,,0,,9.0,0,,0.0,0.0,,,99.0,🟢,5.55,11.559999999999999,,,,,,,,,31-MAR-2026,ok,,,,,0.0,,NSE500
RKFORGE.NS,714.6500244140625,242545767.0,-0.017241595069434037,0.12013950976100561,0.14239277164061076,92.73824669012413,0.0,0.0,0.2930349531272887,0.2176430009797934,3.728840828612347,86.23073957491319,6.507507115210942,26.509115512134528,,neither,-0.0009961104222616845,0.6069513537937595,-0.0020048393424172096,9.751976905343817,,obv_still_strong,398476235.7691986,0.6899847240172221,2.4196660804352943,-1.7296813564180722,0.0,0.0,43.70077221026338,38.10050551008964,5.600266700173741,1.0,687.4261124368169,1.0,702.3290105228491,1.0,1.0,613.9433563121208,710.073881560018,711.3807083503367,0.0,25.90032932907356,1.0,34.851392154090654,40.073687674144566,,,,^CNXAUTO,-5.34436762727649,1.0,1.0,1.2109743553581236,86.5079365079365,0.710776185606913,0.0,4.13315433920161,-9.710795636067527,13.843949975269137,624.5634290609886,571.3133962364524,1.0,RKFORGE,Ramkrishna Forgings Ltd.,Automobile and Auto Components,RKFORGE.NS,10.594635859958368,-33.85623964112371,4.677381431635781,0.7442161637392044,ok,-17.58957654723127,309.3333333333333,-326.9229098805646,-0.008662239555467672,10.765378019073003,-10.774040258628471,ok,,,,,,,missing,False,71.27838634154344,91.6,38.800000000000004,100.0,91.2,79.20351590246304,Watch,10.0,10.0,0.0,0.0,0.0,10.0,9.16,5.0,0.0,44.16,Below Watchlist,,🟢,,,,🟢,25.90032932907356,91.2,10,🟢,0.0,0.0,,10,🟢,4.0,0,,0.0,0.0,,,83.39999999999999,,1.3299999999999998,21.740000000000002,,,,,,,,,31-MAR-2026,ok,,,,,0.0,,NSE500
ABBOTINDIA.NS,,1076232.0,0.23423816776862372,-0.14484329414113428,0.031509375368758016,69.93068874647207,0.0,0.0,0.02146464381878023,0.1192951992201899,10.879093089976356,43.068380000220564,26.862308746251507,6.960016712502615,,quiet_but_not_accelerating,-0.11725056605920603,0.48375265635274883,25.24742466384317,-3.622274283654714,,no_obv_signal,214935260.5,102.52041716218446,-6.360844857073154,108.8812620192576,0.0,0.0,11.153412615436537,-50.267257945755226,61.42067056119176,1.0,,1.0,,1.0,1.0,24773.02365957344,26676.923327688964,26528.273961756917,1.0,7.241997779915248,0.0,12.950040584978794,8.2997939564045,0.0,-0.20278651280667415,-12.252251909485734,^CNXPHARMA,-9.549761841794666,1.0,1.0,0.9851602021894721,94.84126984126983,0.7456973734650519,0.0,13.11051754446089,479.8159501989666,-466.7054326545057,27006.501229683785,25415.641702966484,0.0,ABBOTINDIA,Abbott India Ltd.,Healthcare,ABBOTINDIA.NS,9.014321174065309,17.8006908024275,41.872821051626154,0.03602495920773995,ok,5.047479086592815,-9.46678947907072,14.514268565663535,-0.8427878703510359,-1.8843012833281165,1.0415134129770807,ok,1.9511905681358999,,,,,,missing,False,58.55574106126522,99.4,99.8,85.0,62.4,78.77672231837956,Watch,10.0,5.0,0.0,5.0,0.0,10.0,9.940000000000001,0.0,0.0,39.94,Below Watchlist,,,,,🟢,🟢,7.241997779915248,62.4,0,,,,,0,,20.0,0,,,,,🟢,53.2,,,,5.54,,,,,,,,,partial,,,,,5.0,,NSE500
PARADEEP.NS,154.0800018310547,1634623359.0,0.033966935571528106,0.2467457267201013,0.11304875368164681,99.41438567863207,0.0,0.0,0.3025387311512317,0.2197850579451997,41.89170636552781,56.31270547926495,43.101680199367124,14.386702497563642,,neither,0.161751686698424,0.4312642237820013,0.37514447728463496,5.61340057116948,,obv_still_strong,376454498.2040657,0.8936762495753499,1.262143682290345,-0.36846743271499505,0.0,0.0,6.242439571921551,4.549851940322457,1.6925876315990944,1.0,146.62013208426757,1.0,152.21049318289963,1.0,1.0,122.6685821036787,154.6402122012933,154.29024411862966,1.0,19.697167256286562,0.0,21.934105777593093,39.272457787628554,0.0,21.934105777593093,39.272457787628554,FALLBACK_BROAD_INDEX,-20.71729513550539,0.0,0.0,0.7905294453530233,57.14285714285714,0.3445378524620902,0.0,11.202369270310669,14.24564366953945,-3.043274399228782,137.83028975724073,111.06075197672077,0.0,PARADEEP,Paradeep Phosphates Ltd.,Chemicals,PARADEEP.NS,66.01902090200629,48.509565256731825,23.109079928023064,1.018225887778541,ok,151.99999999999997,-14.285714285714285,166.28571428571425,30.248597928102477,-18.207689778679242,48.45628770678172,ok,0.29843070997200943,,,,,,missing,False,84.43503498752122,86.08,59.4,70.0,85.6,78.29651049625636,Watch,10.0,10.0,0.0,5.0,0.0,10.0,8.608,0.0,0.0,43.608000000000004,Below Watchlist,,,,,🟢,,19.697167256286562,85.6,5,,0.0,0.0,,0,,3.0,5,🟢,0.0,0.0,,🟢,83.8,,15.35,8.36,,,,,,,,,31-MAR-2026,ok,,,,,20.0,🟢,NSE500
RHIM.NS,393.20001220703125,238020301.0,0.48028341385869916,0.048634682992049504,0.3144344760366855,100.0,1.0,1.0,0.06810032811232575,0.48124862639134947,87.53683868883975,39.071207875931286,60.928792124068714,7.630992238582945,,quiet_but_not_accelerating,0.08478828343239653,1.3808765676186896,1.0,1.8692506520421093,,no_obv_signal,400541642.20585024,2.4744549604545227,-0.676929572817327,3.15138453327185,0.0,0.0,-7.299809289517896,-9.011245749371078,1.7114364598531822,1.0,358.1820185744713,1.0,374.04553335271106,1.0,-1.0,456.103736394423,381.84069104209505,378.3472816390604,1.0,11.86598893953422,0.0,11.877112352896212,9.462098067380808,0.0,11.877112352896212,9.462098067380808,FALLBACK_BROAD_INDEX,-19.558383235869513,0.0,0.0,0.7769430599393787,27.77777777777778,0.4901483630315459,0.0,-45.17028266141972,-44.05872810005674,-1.1115545613629791,435.53955185552223,481.4657263544962,0.0,RHIM,RHI MAGNESITA INDIA LTD.,Capital Goods,RHIM.NS,14.332209495212389,,-7.211185694797829,0.12595188542202385,ok,-939.1304347826086,61.62162162162163,-1000.7520564042303,-14.629383380559533,5.472260037967599,-20.101643418527132,ok,,,,,,,missing,False,84.97999999999999,86.32,87.2,55.0,73.6,77.87799999999999,Watch,20.0,10.0,0.0,5.0,0.0,10.0,8.632,5.0,0.0,58.632,Category C: Watchlist,🟢,,,,🟢,,11.86598893953422,73.6,0,,0.0,0.0,,0,,3.0,5,🟢,0.0,0.0,,🟢,85.39999999999999,,13.28,0.0,,,,,,,,,31-MAR-2026,ok,,,,,0.0,,NSE500
CYIENT.NS,,54710563.0,0.11774333659684427,1.7392797075516497,0.26596297838169,92.94258444323127,0.0,0.0,1.4936521527812006,0.5756425329333902,70.69362981570892,72.36684749965679,20.575736943574483,22.772396780102078,🟢,accelerating_but_price_moved,1.7958408366051555,2.140064366262324,0.8391527212527894,27.67488890442509,,obv_still_strong,488032134.404126,25.239749190586508,30.960553340486218,-5.72080414989971,0.0,0.0,33.79061772035311,2.547349773233484,31.243267947119627,1.0,,1.0,,1.0,1.0,907.0884181599627,1074.6827833195932,1060.7289096343027,1.0,24.350471167000336,0.0,28.960396293144775,31.65064360199228,0.0,18.835702898149663,32.741378120922924,^CNXIT,-10.413039425549082,0.0,1.0,1.2656172053129706,95.23809523809523,0.863132018896286,0.0,-117.48472345120422,-122.62311637992087,5.138392928716655,1110.7695743257661,1198.2559108093087,0.0,CYIENT,Cyient Ltd.,Information Technology,CYIENT.NS,6.506330064916233,-5.952531753597034,10.478072260518184,0.07587250743589292,ok,90.06085192697768,-40.31476997578693,130.3756219027646,7.722248170636774,4.241276710846632,3.4809714597901413,ok,,,,,,,missing,False,90.45990455513093,98.56,20.200000000000003,70.0,91.0,77.52997136653929,Watch,10.0,10.0,0.0,5.0,0.0,10.0,9.856,0.0,0.0,44.856,Below Watchlist,,,,,🟢,🟢,24.350471167000336,91.0,10,🟢,,,,0,,1.0,15,🟢,,,,🟢,97.8,🟢,33.29,15.32,,,,,,,,,31-MAR-2026,ok,,,,,10.0,,NSE500
IPCALAB.NS,,5688462.0,0.9091663892582393,2.495841229430851,0.4575445229136473,97.3545349106338,0.0,0.0,1.8569086410128148,0.8167467271429467,-5.278474350747168,87.88391150079823,9.470623409835568,16.92347895201194,🟢,accelerating_but_price_moved,2.4716061855149336,3.205325953159067,0.7710935554242143,9.504402384665367,,obv_still_strong,431693637.2283691,22.250528790606722,30.196614034781582,-7.94608524417486,0.0,0.0,113.81877179725893,102.07879254113254,11.73997925612639,1.0,,1.0,,-1.0,1.0,1633.9691860346747,1966.9050765484697,1956.25198202092,1.0,15.84612326150974,0.0,25.6764587562746,30.23463434600473,0.0,11.041663374863496,5.520015041336612,^CNXPHARMA,-4.493427938636585,1.0,1.0,1.0895971783643794,67.46031746031747,0.5158010523652277,0.0,147.1340876683671,106.97677066522328,40.15731700314382,1561.0851533947969,1371.274291527054,1.0,IPCALAB,Ipca Laboratories Ltd.,Healthcare,IPCALAB.NS,15.496104995789107,34.278088225310775,16.378887159826935,0.10029502183211161,ok,-8.320373250388805,15.439856373429073,-23.760229623817878,-0.16802507836990596,-6.41502053588891,6.246995457519004,ok,1.0857389640685708,,,,,,missing,False,97.42408721872182,95.08,15.0,75.0,79.2,77.37322616561654,Watch,10.0,10.0,0.0,5.0,0.0,6.5,9.508,0.0,0.0,41.007999999999996,Below Watchlist,,,,,🟢,🟢,15.84612326150974,79.2,0,,,,,10,🟢,16.0,0,,,,,,99.4,🟢,31.240000000000002,0.0,,,,,,,,,31-MAR-2026,ok,,,,,5.0,,NSE500
RBLBANK.NS,402.0,1015696267.0,0.12694792917768472,0.15882157278895598,0.09130804864466478,97.21018796295992,0.0,0.0,0.10552698811652511,0.0798147750039739,5.0934234172965285,83.24271537214075,13.96747259081917,9.210348503482324,,neither,0.14699011983709587,0.16592762231655966,0.925430149131669,7.334430084554144,,no_obv_signal,1796317493.2666016,5.341010718777227,7.049348692795558,-1.708337974018331,0.0,1.0,22.811269067909564,21.512660840216498,1.298608227693066,1.0,394.1761309284739,1.0,413.3100521010288,-1.0,1.0,350.64125194137375,410.36877312861725,407.2873132666196,1.0,21.05901306718391,0.0,16.785294548430297,39.71730681047691,,,,^CNXFIN,-6.074766355140187,1.0,1.0,1.0945787011041883,42.46031746031746,0.48998357161269973,0.0,44.94968471054909,35.41799681098892,9.531687899560175,309.45080063774196,255.05707950003287,1.0,RBLBANK,RBL Bank Ltd.,Financial Services,RBLBANK.NS,12.16281909006931,-1.4902490695566706,,1.0613892800310045,partial,-21.025641025641022,6.8493150684931505,-27.874956094134173,-6.026121579837816,1.226128872714388,-7.252250452552204,ok,,,,,,,missing,False,86.67356578703595,85.6,39.0,75.0,87.6,77.11206973611078,Watch,10.0,5.0,0.0,5.0,0.0,6.5,8.56,0.0,0.0,35.06,Below Watchlist,,,,,🟢,🟢,21.05901306718391,87.6,5,,0.0,0.0,,10,🟢,7.0,0,,0.0,0.0,,,62.2,,14.89,0.0,,,,,,,,,18-JUN-2026,ok,,,,,0.0,,NSE500
LALPATHLAB.NS,,67762440.0,-0.19688090841604716,0.01543314853211877,0.3034915688982454,91.70964082972742,0.0,0.0,0.11226066140382752,0.3611648253138209,-1.371940106298442,96.05941981564047,-4.349778985913048,18.231452600801944,,neither,-0.04201136993731326,0.8037911840856747,-0.17772376775533824,3.369167825884123,,no_obv_signal,599940715.0271057,14.536013240423017,13.340964519496172,1.1950487209268452,0.0,0.0,115.80959637232309,108.41284791236627,7.396748459956811,1.0,,1.0,,1.0,1.0,1628.455169189579,1929.9663790577995,1919.93532161677,1.0,26.017366682373932,1.0,21.73360609006845,51.269792174682436,0.0,7.55794874103044,22.56333214070274,^CNXPHARMA,-1.3361130106647803,1.0,1.0,1.1620714059158974,74.20634920634922,0.5602730746173055,0.0,120.62728066578666,69.20223067541929,51.42504999036737,1572.0506675820966,1477.0327390259174,1.0,LALPATHLAB,Dr. Lal Path Labs Ltd.,Healthcare,LALPATHLAB.NS,11.063572953932542,28.32951609321388,25.669302906938135,0.07933930296526628,ok,29.04458598726116,45.101663585951925,-16.057077598690764,13.519282766472179,6.501970294028493,7.0173124724436855,ok,2.052979895901991,,,,,,missing,False,51.378374290404594,93.28,81.2,85.0,91.4,76.95951228712138,Watch,10.0,15.0,0.0,5.0,0.0,10.0,9.328,0.0,0.0,49.328,Below Watchlist,,🟢,,,🟢,🟢,26.017366682373932,91.4,10,🟢,,,,10,🟢,9.0,0,,,,,,82.19999999999999,,18.62,17.18,,,,,,,,,31-MAR-2026,ok,,,,,5.0,,NSE500
ETERNAL.NS,327.8500061035156,9585754173.0,0.052319941149327254,0.11244604205253876,-0.01259028861787888,60.156228913831235,0.0,0.0,0.10301527086685694,0.06980328033735478,1.7089271619261668,80.88988430522505,-20.733655391393818,23.904005495470628,,neither,0.11529436669696569,0.1192681074316978,0.9666822856478394,8.398079970682137,,no_obv_signal,5864854088.050932,4.286195738894435,4.464224776429332,-0.1780290375348974,0.0,1.0,18.05183149610258,14.053590563400451,3.998240932702128,1.0,320.8110887149314,1.0,336.69172949075937,-1.0,1.0,279.8873420365349,331.15098176171125,328.25827383352555,1.0,22.16177353385604,0.0,33.23154926539529,45.13288845185839,,,,^CNXCONSUM,-7.478481598292566,1.0,1.0,0.8762662764871518,26.190476190476193,0.5075393198956782,0.0,26.47818941509763,26.285149243262822,0.19304017183480937,269.86121235199903,220.27955734841893,1.0,ETERNAL,Eternal Ltd.,Consumer Services,ETERNAL.NS,97.70414165813189,,2.8604836869723935,0.14822466107165913,ok,-47.368421052631575,72.72727272727273,-120.09569377990431,16.88063844552394,5.988354275206865,10.892284170317074,ok,,,,,,,missing,False,69.04468011984093,90.28,64.8,75.0,88.8,76.80940403595228,Watch,10.0,5.0,0.0,5.0,0.0,6.5,9.028,0.0,0.0,35.528,Below Watchlist,,,,,🟢,🟢,22.16177353385604,88.8,5,,0.0,0.0,,10,🟢,8.0,0,,0.0,0.0,,,60.0,,28.910000000000004,32.61,,,,,,,,,31-MAR-2026,ok,,,,,5.0,,NSE500
KALYANKJIL.NS,568.8499755859375,1519018499.0,0.050686550186674555,0.1151610293217609,0.40206914437406943,100.0,1.0,1.0,0.5567458495770923,0.7280838235456142,10.399724420783356,79.12149150185945,20.878508498140548,47.70391476377811,,neither,0.113897860993354,2.094148923626976,0.16825805113665981,-6.76280062996878,,price_not_rising,3787430502.7674775,-4.644401076876761,-0.5694920958461905,-4.07490898103057,0.0,0.0,44.59714425150139,40.588176768392096,4.008967483109295,1.0,562.6829883867767,1.0,580.380556007172,-1.0,1.0,468.3870951202628,577.8105110031954,584.0405743152767,0.0,34.11700984535366,0.0,59.34873429863683,54.807537058437376,0.0,59.34873429863683,54.807537058437376,FALLBACK_BROAD_INDEX,-9.9950999678031,1.0,1.0,1.0565284070071082,75.0,0.9338304004298273,0.0,24.378936296660584,19.82475432907671,4.554181967583872,481.65939931905586,399.3454333681317,1.0,KALYANKJIL,Kalyan Jewellers India Ltd.,Consumer Durables,KALYANKJIL.NS,36.43100720906234,46.090690322040516,26.662349521156404,0.9696649697014272,ok,-14.683544303797468,-1.985111662531019,-12.69843264126645,3.0558323346253435,-0.6620152701955263,3.7178476048208697,ok,0.9503097847734923,,,,,,missing,False,83.03,90.4,25.0,75.0,95.19999999999999,76.01899999999999,Watch,20.0,10.0,0.0,0.0,0.0,6.5,9.040000000000001,0.0,0.0,45.54,Below Watchlist,🟢,,,,,🟢,34.11700984535366,95.19999999999999,15,🟢,0.0,0.0,,10,🟢,3.0,5,🟢,0.0,0.0,,🟢,94.8,🟢,13.63,0.0,,,,,,,,,31-MAR-2026,ok,,,,,0.0,,NSE500
PCBL.NS,330.45001220703125,886147432.0,0.09195883778652936,0.054888411392509606,0.151087328084426,98.48889541774504,0.0,0.0,0.05658291809940894,0.0825629381691315,41.376327882406784,68.76218216281713,29.726713254927915,4.3324892516160896,,quiet_but_not_accelerating,0.0611381466098483,0.3923373857905139,0.9923505157704904,5.399120280932301,,no_obv_signal,577246816.4783951,4.262346894127347,4.317515403228952,-0.055168509101604535,0.0,1.0,9.749636757870178,6.787280896944714,2.962355860925464,1.0,315.25033380378824,1.0,339.6795628193257,-1.0,1.0,271.37276516420843,334.876910587796,331.6574753072156,1.0,15.260801529282304,0.0,10.532634906483729,38.14396127511874,0.0,10.532634906483729,38.14396127511874,FALLBACK_BROAD_INDEX,-12.244758035366669,0.0,1.0,0.9596374518720625,49.2063492063492,0.49046750052048554,0.0,2.28129600310632,7.953604597726605,-5.672308594620286,316.5730123868351,278.74371844532294,0.0,PCBL,PCBL Chemical Ltd.,Chemicals,PCBL.NS,12.498481767897252,-23.4900213551794,8.871370575894359,1.2453036467563587,ok,286.27450980392155,1939.9999999999998,-1653.7254901960782,19.71433549848504,11.943953793305232,7.7703817051798065,ok,,,,,,,missing,False,80.41111339621077,88.72,68.8,60.0,78.4,75.94733401886323,Watch,10.0,10.0,0.0,5.0,0.0,6.5,8.872,0.0,0.0,40.372,Below Watchlist,,,,,🟢,🟢,15.260801529282304,78.4,0,,0.0,0.0,,0,,4.0,0,,0.0,0.0,,🟢,52.800000000000004,,5.52,5.56,,,,,,,,,31-MAR-2026,ok,,,,,5.0,,NSE500
PTCIL.NS,22535.0,2620274.0,-0.05527087768028246,0.735320977986245,0.2111163231052468,93.44187287616204,0.0,0.0,0.6581666221862948,0.41543669599895944,2.282184424929987,85.77548330404218,7.666389572119854,31.40707912997842,,neither,0.7085267563054783,0.9155331721643067,0.7738952315955212,27.05079776737893,,obv_still_strong,622881334.0,287.7695300527448,528.0870814869255,-240.3175514341807,0.0,0.0,1534.3814161853188,1150.9695948631258,383.41182132219296,1.0,21382.64022232255,1.0,21266.58058099838,1.0,1.0,18536.40438493041,22263.18874897155,22197.853773189923,0.0,27.509616364212132,0.0,38.16808639605058,30.721071487468322,0.0,38.16808639605058,30.721071487468322,FALLBACK_BROAD_INDEX,-5.434326479227864,1.0,1.0,1.31351904033148,90.47619047619048,0.7482858923748182,0.0,2416.135718354173,2151.624329790236,264.5113885639371,16674.903804342608,12773.158271426453,1.0,PTCIL,PTC Industries Ltd.,Capital Goods,PTCIL.NS,41.0027173142532,57.863274551411514,7.998650470822036,0.17340600045159282,ok,226.3071895424836,1.240694789081889,225.0664947534017,44.965258467103396,24.80144497028696,20.163813496816438,ok,4.4282106739800735,,,,,,missing,False,72.75465550665672,100.0,0.2,100.0,92.2,75.68639665199701,Watch,10.0,10.0,0.0,0.0,0.0,10.0,10.0,5.0,0.0,45.0,Below Watchlist,,,,,,🟢,27.509616364212132,92.2,10,🟢,0.0,0.0,,10,🟢,11.0,0,,0.0,0.0,,,93.2,🟢,6.76,3.9600000000000004,,,,,,,,,31-MAR-2026,ok,,,,,20.0,🟢,NSE500
PFOCUS.NS,,291626279.0,0.3982171468160992,0.1847286935991476,0.20369874866931564,91.58099994977607,0.0,0.0,0.14982699513698713,0.05719937474058153,5.6588682851675705,78.30440648648175,13.276593463294319,49.74583304729296,🟢,accelerating_but_price_moved,0.23071153835003094,0.7805535202824045,0.9972520697811762,8.592297113730707,,no_obv_signal,883230075.9094452,9.487199659246244,11.083421695574987,-1.5962220363287436,0.0,1.0,17.85374810843564,13.978220751082667,3.875527357352972,1.0,,1.0,,-1.0,1.0,235.92123381771347,325.4093740615151,319.1912753418698,1.0,20.622817617838596,0.0,58.54624362509748,24.339630926320122,,,,^CNXMEDIA,-11.819834538298812,0.0,1.0,1.1644252004843758,38.88888888888889,0.7478517582644612,0.0,46.14442473108505,38.368849624641186,7.775575106443867,222.9605759311426,165.3175030097803,1.0,PFOCUS,Prime Focus Ltd.,Media Entertainment & Publication,PFOCUS.NS,-0.29462496929374415,14.093850491084336,24.908136117095363,2.7372025932515363,ok,-129.24528301886792,-7.826086956521728,-121.4191960623462,-8.679948820578089,15.379163624504082,-24.05911244508217,ok,13.910388089047798,,,,,,missing,False,88.41334998242162,89.8,40.6,60.0,86.4,75.53400499472649,Watch,10.0,5.0,0.0,5.0,0.0,6.5,8.98,0.0,0.0,35.480000000000004,Below Watchlist,,,,,🟢,🟢,20.622817617838596,86.4,5,,,,,10,🟢,3.0,5,🟢,,,,,64.2,,0.09,3.4099999999999997,,,,,,,,,30-JUN-2026,ok,,,,,0.0,,NSE500
COALINDIA.NS,425.0,1658386767.0,0.17162329388871414,0.2651707354577783,0.10749354351663291,98.80508820915556,0.0,0.0,0.1955016162226453,0.10304397795015793,18.532039641240708,60.90172455763073,37.90336365152483,-0.6653787631732633,,quiet_but_not_accelerating,0.30377637659554213,0.30377637659554213,1.0,3.9186487949036453,,no_obv_signal,3861693545.3572235,3.6643409442063444,3.5256127266858757,0.1387282175204687,0.0,0.0,-0.9385624239558297,-0.7205315251756249,-0.21803089878020476,0.0,408.3905002428202,1.0,418.0108828215806,1.0,1.0,380.7926081470438,422.39506105128146,419.4648081779204,1.0,6.626266738544172,0.0,3.348180140466317,-2.770014062345638,,,,^CNXENERGY,-9.451129396640386,1.0,1.0,0.8625229423262037,37.301587301587304,0.3678739940969462,0.0,26.77463081149841,29.53329394439437,-2.7586631328959577,396.9397154047912,334.17526879574183,0.0,COALINDIA,Coal India Ltd.,Oil Gas & Consumable Fuels,COALINDIA.NS,9.305839675105098,-0.706993307310555,19.623377292954114,0.11815277650435477,ok,-18.362706083001708,51.50732127476314,-69.87002735776485,-0.5059794540894036,50.85266256886766,-51.35864202295706,ok,,,,,,,missing,False,90.74178087320445,40.440000000000005,73.8,100.0,60.8,75.50053426196133,Watch,10.0,2.5,0.0,5.0,0.0,10.0,4.0440000000000005,5.0,0.0,36.544,Below Watchlist,,,,,🟢,🟢,6.626266738544172,60.8,0,,0.0,0.0,,0,,4.0,0,,0.0,0.0,,🟢,71.2,,9.53,0.0,,,,,,,,,31-MAR-2026,ok,,,,,0.0,,NSE500
ELECON.NS,,311355541.0,0.6727082359679537,0.20254826629073205,0.0640079674675504,100.0,1.0,1.0,0.1084440155701391,0.0733476173786242,39.62937986480854,48.18599685999176,51.81400314000824,-8.043226621042066,,neither,0.25451741383917714,0.25451741383917714,1.0,15.218693828639896,,no_obv_signal,1178012073.756244,6.5089918606556125,0.4968783878872327,6.01211347276838,0.0,0.0,-8.787830142726875,-8.655897293612744,-0.13193284911413095,0.0,,1.0,,1.0,1.0,393.0003595968998,445.3744823275563,436.7378305722306,1.0,13.194967590501866,0.0,-2.7818517913167806,26.519544268585737,0.0,-2.7818517913167806,26.519544268585737,FALLBACK_BROAD_INDEX,-22.12307973710164,0.0,0.0,0.9186924493554504,57.14285714285714,0.5554817856369371,0.0,-6.187894125843684,6.275189889867477,-12.46308401571116,483.62358643771523,428.6893290619718,0.0,ELECON,Elecon Engineering Co. Ltd.,Capital Goods,ELECON.NS,15.894173756330886,12.82910901972909,18.59150102810144,0.11824375604446122,ok,1062.962962962963,-91.58878504672897,1154.5517480096921,-30.183339815721354,35.13792728459057,-65.32126710031193,ok,3.249427527343618,,,,,,missing,False,92.97,41.4,92.2,70.0,76.0,75.40100000000001,Watch,20.0,5.0,0.0,5.0,0.0,10.0,4.14,0.0,0.0,44.14,Below Watchlist,🟢,,,,🟢,,13.194967590501866,76.0,0,,,,,0,,13.0,0,,,,,🟢,61.8,,3.47,0.0,,,,,,,,,31-MAR-2026,ok,,,,,10.0,,NSE500
APARINDS.NS,17803.0,47119041.0,0.023998791362018365,0.07972871145889726,0.08870252897394884,94.60937992534191,0.0,0.0,0.09292390380226447,0.07280147779604236,5.123456578858754,90.48579202208934,4.12358790325257,13.824841604450523,,neither,0.04189568183940489,0.1722057634878646,0.28432525905977235,24.51079700132206,,no_obv_signal,2309156360.6179686,302.3785074996922,392.18418600076603,-89.80567850107383,0.0,0.0,1750.0241246620953,1655.7641503448904,94.25997431720498,1.0,16483.23758811487,1.0,18106.77727655507,-1.0,1.0,13643.476922037016,17766.985215372337,17599.363623168112,1.0,38.3552132334556,0.0,17.804101264374506,88.4735399227786,0.0,17.804101264374506,88.4735399227786,FALLBACK_BROAD_INDEX,-6.02797571918712,1.0,1.0,1.6513843196097002,72.61904761904762,0.4827979183665067,0.0,2541.897052512706,1739.392303160727,802.5047493519792,11493.083152424684,8137.660100805474,1.0,APARINDS,Apar Industries Ltd.,Capital Goods,APARINDS.NS,16.956754741864046,15.277478812681,29.211441068332412,0.1771634856064286,ok,84.27573062261753,21.263482280431433,63.0122483421861,-0.06954600308315541,20.32854547851691,-20.398091481600066,ok,3.7617901948780146,,,,,,missing,True,75.78328297386966,99.52,1.6,90.0,96.8,75.3989848921609,Emerging Compounder,10.0,10.0,0.0,5.0,0.0,6.5,9.952,5.0,10.0,56.452,Category C: Watchlist,,,,,🟢,🟢,38.3552132334556,96.8,15,🟢,0.0,0.0,,10,🟢,4.0,0,,0.0,0.0,,,59.0,,22.25,0.0,22.28,0.0,False,False,-0.030000000000001137,0.0,,,31-MAR-2026,ok,,,0.0,,10.0,,NSE500
NAVINFLUOR.NS,,41824593.0,0.07586082876305875,0.18332382078291373,0.1651863132585163,99.19249236871342,0.0,0.0,0.19004249420302538,0.18085529386783816,4.305777778718161,91.89820533456418,7.294287034149235,12.636078274226946,,neither,0.10466703503356281,0.46345028401422955,0.37450346854382904,14.160969335950725,,no_obv_signal,1016389654.975,48.6635105567475,67.41449409964284,-18.75098354289534,0.0,0.0,545.5118749566982,535.2926679752042,10.21920698149404,1.0,,1.0,,1.0,1.0,7286.601352740219,8470.354692586106,8453.04739617772,1.0,18.40026964107135,0.0,17.029054137992674,39.05088079791889,0.0,17.029054137992674,39.05088079791889,FALLBACK_BROAD_INDEX,-3.908609196057205,1.0,1.0,1.0386287049448937,9.523809523809524,0.3722085853187935,1.0,1081.2543253726453,799.2856588448533,281.96866652779204,6258.19628063048,5094.823961442038,1.0,NAVINFLUOR,Navin Fluorine International Ltd.,Chemicals,NAVINFLUOR.NS,16.458592414204865,20.93295309218628,18.659516820527692,0.32005897478475714,ok,14.385710837557328,14.669249930805417,-0.28353909324808946,11.450235147326998,5.0808521129128055,6.369383034414192,ok,2.5350390251343984,,,,,,missing,True,86.12737232904969,94.47999999999999,6.6000000000000005,85.0,82.8,75.14421169871491,Emerging Compounder,10.0,10.0,0.0,5.0,10.0,10.0,9.447999999999999,0.0,10.0,64.44800000000001,Category C: Watchlist,,,,🟢,🟢,🟢,18.40026964107135,82.8,5,,,,,10,🟢,1.0,15,🟢,,,,,75.6,,18.4,23.78,,,,,,,,,31-MAR-2026,ok,,,,,5.0,,NSE500
AIIL.NS,541.7999877929688,90872969.0,0.4890521899115566,0.2511087465008273,0.4075365277532064,99.39120929613037,0.0,0.0,0.2472287146832481,0.5765255982837704,85.21693412541812,51.980190770862755,47.411018525267615,3.3279323008514883,,quiet_but_not_accelerating,0.24225453919271703,1.4210225334168884,0.9786076250484607,0.4635638895952976,,no_obv_signal,280446849.96726686,2.3417763597605017,0.5379015267490503,1.8038748330114514,0.0,0.0,10.809376560100759,10.064516505931813,0.7448600541689459,1.0,570.5560918348629,-1.0,540.4588030940362,1.0,1.0,414.48421935911955,547.2417997484232,544.5301864220951,1.0,7.158770506940826,0.0,10.24760573698118,14.153173297935151,,,,^CNXFIN,-18.88007665993413,0.0,0.0,0.9086149821338894,8.333333333333332,0.3856891322051678,1.0,58.824424936331354,67.64609235591186,-8.821667419580507,481.92849619075463,374.0025137963938,0.0,AIIL,Authum Investment & Infrastructure Ltd.,Financial Services,AIIL.NS,82.2107166080183,-23.444615567050608,10.993880587909187,0.10243321491814142,ok,1594.805194805195,-59.516298633017875,1654.3214934382129,372.9619259116218,-35.003347000251026,407.96527291187283,ok,,,,,,,missing,False,92.95692325364561,84.75999999999999,85.0,40.0,62.2,74.91907697609368,Watch,10.0,5.0,0.0,5.0,10.0,3.5,8.475999999999999,0.0,0.0,41.976,Below Watchlist,,,,🟢,🟢,,7.158770506940826,62.2,0,,0.0,0.0,,0,,4.0,0,,0.0,0.0,,🟢,91.2,🟢,0.15,14.24,0.16,14.280000000000001,False,False,-0.010000000000000009,-0.040000000000000924,,,31-MAR-2026,ok,,,0.0,,20.0,🟢,NSE500
BELRISE.NS,240.52000427246094,786544139.0,0.14942039953367406,0.1017734209248948,0.15796528348169261,99.53446328193203,0.0,0.0,0.11528650745314001,0.13700874029341023,8.459546954016881,82.58051255544916,16.953950726482873,1.0611513893286961,,quiet_but_not_accelerating,0.0506893474347104,0.30697376884869576,0.3210275315878283,1.8466668286283516,,no_obv_signal,740165301.0654907,3.1537676763828983,1.5889280827487902,1.5648395936341082,0.0,0.0,11.227934306778195,12.839139897204786,-1.6112055904265912,0.0,229.80765292995028,1.0,250.03250883141834,-1.0,1.0,209.50261300954406,241.74437271695632,238.57070250608993,1.0,14.782070263944783,0.0,5.696128561801572,37.7201952255497,,,,^CNXAUTO,-7.747623008971166,1.0,1.0,1.0365096033439576,22.988505747126435,0.38524009852505275,1.0,35.587577647972694,28.45163454658052,7.135943101392172,180.04792583742227,139.90929620737214,1.0,BELRISE,Belrise Industries Ltd.,Automobile and Auto Components,BELRISE.NS,14.244639395042125,16.57092635771107,14.694120010603395,0.29099886439411554,ok,5.51724137931035,-11.04294478527607,16.56018616458642,9.070874727197841,-0.5530815056971602,9.623956232895,ok,2.4265707982757734,,,,,,missing,False,85.80706214867621,33.24,84.2,90.0,78.2,74.75011864460286,Watch,10.0,5.0,0.0,5.0,10.0,6.5,3.3240000000000003,5.0,0.0,44.824,Below Watchlist,,,,🟢,🟢,🟢,14.782070263944783,78.2,0,,0.0,0.0,,10,🟢,3.0,5,🟢,0.0,0.0,,,68.4,,8.86,0.0,,,,,,,,,31-MAR-2026,ok,,,,,10.0,,NSE500
DIVISLAB.NS,,44503695.0,-0.041525850967269295,0.43778635263085747,0.1566737623956643,92.98043275241108,0.0,0.0,0.5588332096591805,0.3511322657258663,-0.6882089907451945,98.13030521208019,-5.149872459669112,46.235324895901606,,neither,0.3319516247194546,0.758828848051714,0.4556051296069406,21.888959795788132,,obv_still_strong,4343447362.675,234.444556158076,251.75987602841434,-17.315319870338328,0.0,0.0,814.7559376753252,634.8110900638691,179.9448476114561,1.0,,1.0,,1.0,1.0,8353.289110949214,9469.856827703667,9318.549732013389,1.0,40.28821068747225,1.0,50.836528117209845,63.01794036292891,1.0,33.27188835186785,32.0820349017372,^CNXPHARMA,-0.7689110556940981,1.0,1.0,1.24478569844944,85.31746031746032,0.7842489395727048,0.0,899.7603928284152,629.5833721773679,270.1770206510473,6816.328495995275,5725.046186042389,1.0,DIVISLAB,Divi's Laboratories Ltd.,Healthcare,DIVISLAB.NS,10.975670295672879,12.078780055201644,18.96053362979433,0.0004176361792255832,ok,28.79890809827115,7.271839921913139,21.52706817635801,8.717357910906298,8.049792531120332,0.667565379785966,ok,7.240167434155672,,,,,,missing,False,72.52315146334388,99.75999999999999,7.6,85.0,98.0,74.54894543900316,Watch,10.0,20.0,0.0,5.0,0.0,10.0,9.975999999999999,0.0,0.0,54.976,Category C: Watchlist,,🟢,,,🟢,🟢,40.28821068747225,98.0,15,🟢,,,,10,🟢,2.0,10,🟢,,,,,91.8,🟢,13.420000000000002,20.29,,,,,,,,,31-MAR-2026,ok,,,,,10.0,,NSE500
JSL.NS,738.2999877929688,240148334.0,0.16641489799211184,0.07963356513292291,0.01824997592878064,93.4594210070091,0.0,0.0,0.07199606534300654,0.0071901491010931936,19.474318423801996,39.22243639097363,54.23698461603547,7.037605915518186,🟢,accelerating_quiet_base,0.09244792979451368,0.09244792979451368,1.0,0.8976627886501998,,no_obv_signal,958522753.8288147,4.414251879754602,5.456862070418241,-1.0426101906636394,0.0,0.0,1.6849359920483948,-3.0365445684486363,4.721480560497032,1.0,709.5892669572236,1.0,735.3319850925864,1.0,1.0,675.0408732234222,743.8690604057645,741.0794367591008,1.0,9.914099942260716,0.0,14.402626417333785,6.065093003455502,,,,^CNXMETAL,-14.247839147887886,0.0,1.0,0.9190694997676399,49.2063492063492,0.51908014634541,0.0,37.33259833097566,52.25349144270373,-14.92089311172807,708.6960865973773,590.1316127177571,0.0,JSL,Jindal Stainless Ltd.,Metals & Mining,JSL.NS,6.390261278578158,14.731888918596425,17.8014806119783,0.3769473065123104,ok,-8.806262230919767,1.6915422885572133,-10.497804519476981,-0.5173239577002767,7.793069678775,-8.310393636475277,ok,1.2116616612189781,,,,,,missing,False,82.60079735245318,91.0,48.6,70.0,68.4,74.53023920573597,Watch,10.0,5.0,0.0,5.0,0.0,10.0,9.1,0.0,0.0,39.1,Below Watchlist,,,,,🟢,🟢,9.914099942260716,68.4,0,,0.0,0.0,,0,,1.0,15,🟢,0.0,0.0,,🟢,42.0,,3.16,0.0,,,,,,,,,31-MAR-2026,ok,,,,,0.0,,NSE500
CHALET.NS,,77044897.0,0.05579863415284447,0.05626269783900019,0.029068685612493702,93.86207569840107,0.0,0.0,0.043501532702968415,0.06603683877939083,15.515880320405161,61.493537043458225,32.368538654942846,6.938367229240305,,quiet_but_not_accelerating,0.06111950190216906,0.12453065146497723,0.9573079650605619,8.067530607126617,,no_obv_signal,142365207.9905548,2.730800643064299,3.3017557131829403,-0.5709550701186412,0.0,0.0,17.14239427256723,10.871859226506974,6.270535046060257,1.0,,1.0,,1.0,1.0,742.1256786352552,874.3488886760715,873.2907024398016,1.0,11.181539091533658,0.0,12.175662227677586,20.942810917206998,,,,^CNXCONSUM,-10.767682842903383,0.0,1.0,0.9879673079681325,90.07936507936508,0.5147023075685324,0.0,26.491978385549828,38.83625195032086,-12.34427356477103,830.4810233718031,716.9808167102002,0.0,CHALET,Chalet Hotels Ltd.,Consumer Services,CHALET.NS,34.89133701728837,52.100838485507126,16.590913732987556,0.6402949002283254,ok,-47.17741935483871,31.448763250883395,-78.62618260572211,-8.230491009768603,-4.0330011896657245,-4.197489820102878,ok,0.6916598282775073,,,,,,missing,False,77.08172649444037,92.19999999999999,54.2,70.0,71.8,74.46451794833212,Watch,10.0,5.0,0.0,5.0,0.0,10.0,9.219999999999999,0.0,0.0,39.22,Below Watchlist,,,,,🟢,🟢,11.181539091533658,71.8,0,,,,,0,,3.0,5,🟢,,,,🟢,47.0,,22.71,4.7,,,,,,,,,31-MAR-2026,ok,,,,,0.0,,NSE500
PPLPHARMA.NS,,1656828704.0,0.04168745604300213,0.10960413048435062,0.1796681084231834,97.72866355375463,0.0,0.0,0.15877546136897844,0.24478597365905885,8.261196945093074,78.5431165037673,19.185547049987335,23.91434430498103,,neither,0.05585649512655387,0.38935419455570486,0.25536694744911764,5.017280935309776,,no_obv_signal,866623887.8265435,0.21016284511426875,0.9706305325232291,-0.7604676874089603,0.0,0.0,11.59764747662004,9.916315782737184,1.6813316938828553,1.0,,-1.0,,1.0,1.0,173.7755619713061,209.39645621555493,209.97261815719688,0.0,27.131861654265254,0.0,30.096929340188062,50.66839895766384,0.0,14.947378187287729,22.076065280975076,^CNXPHARMA,-8.838584066220264,1.0,1.0,1.1955951123653026,71.82539682539682,0.6606443733841235,0.0,3.7374362761136695,2.2699722507134084,1.467464025400261,184.16292958144192,174.16539969420342,1.0,PPLPHARMA,Piramal Pharma Ltd.,Healthcare,PPLPHARMA.NS,7.592121955746656,,1.2288403817438949,0.6951944115708514,ok,-642.8571428571428,93.20388349514562,-736.0610263522884,-17.510547756534887,28.595195035212416,-46.1057427917473,ok,,,,,,,missing,False,80.90503224381412,85.96,52.2,55.0,92.0,74.09350967314424,Watch,10.0,10.0,0.0,0.0,0.0,3.5,8.596,0.0,0.0,32.096000000000004,Below Watchlist,,,,,,🟢,27.131861654265254,92.0,10,🟢,,,,10,🟢,24.0,0,,,,,,77.8,,14.12,0.0,,,,,,,,,31-MAR-2026,ok,,,,,0.0,,NSE500
PETRONET.NS,,555105010.0,0.05185257526017122,0.11667683382500721,0.038621003612838725,100.0,1.0,1.0,0.11247013054063953,0.0182488139687631,11.44334678343388,64.60900452935473,35.390995470645265,3.0577799479166723,🟢,accelerating_quiet_base,0.11457073727426076,0.1789580780572043,0.8089481389264243,3.9261428636299778,,no_obv_signal,415689742.90879667,0.19041854795119662,0.2638987658121071,-0.07348021786091047,0.0,0.0,3.943204747927439,2.9513400797812013,0.9918646681462375,1.0,,1.0,,1.0,-1.0,307.94684196916,286.94526913463665,286.97874252928904,0.0,11.538257270459313,1.0,8.443691399405239,4.949520795189888,,,,^CNXENERGY,-9.340203052333102,1.0,1.0,0.8575119508915848,32.93650793650794,0.36939680139072845,0.0,5.727611685577131,6.634602898046474,-0.9069912124693431,280.59032567407723,260.79322102890694,0.0,PETRONET,Petronet LNG Ltd.,Oil Gas & Consumable Fuels,PETRONET.NS,-9.626597949856608,5.564925769122464,21.258436910427392,0.10506972908015412,ok,57.58620689655174,4.693140794223822,52.893066102327914,-15.422484935725464,1.4051973225858903,-16.827682258311356,ok,1.8966227831039613,,,,,,missing,False,83.16,85.12,67.80000000000001,55.0,73.0,74.092,Watch,20.0,10.0,0.0,0.0,0.0,10.0,8.512,0.0,0.0,48.512,Below Watchlist,🟢,🟢,,,,🟢,11.538257270459313,73.0,0,,,,,0,,1.0,15,🟢,,,,🟢,50.2,,11.72,27.12,,,,,,,,,31-MAR-2026,ok,,,,,10.0,,NSE500
LAURUSLABS.NS,1979.0,286928370.0,0.0844113097356304,-0.1119565040976947,0.15144415819927662,71.85079657817641,0.0,0.0,0.02283048479979395,0.210693829288402,1.2237025916320607,95.3958676542893,-23.54507107611289,30.420453944844404,,neither,-0.19797152178332067,0.392836173868126,-1.036866101758347,8.963773439322065,,no_obv_signal,3238931986.398346,46.128574179390625,48.61945863675287,-2.4908844573622417,0.0,1.0,213.02023925276785,196.96550189028017,16.054737362487685,1.0,1896.9667597053844,1.0,2037.0751176912424,-1.0,1.0,1702.6080225185956,1988.4495065620179,1956.840391280305,1.0,47.36827295959748,0.0,39.049526496299315,112.28772264556777,0.0,23.553075349296936,72.0368945995726,^CNXPHARMA,-2.704031465093412,1.0,1.0,1.3932592195620521,65.47619047619048,0.4933357530157671,0.0,322.7800148473841,220.89000030504175,101.89001454234236,1190.336204169139,857.6156320989785,1.0,LAURUSLABS,Laurus Labs Ltd.,Healthcare,LAURUSLABS.NS,3.77430071243563,4.000924612741641,19.531368168755165,0.47517952626951393,ok,31.52804642166344,11.182795698924721,20.34525072273872,11.85380636685306,1.871460785361218,9.982345581491842,ok,22.30653877250726,,,,,,missing,False,56.69777880236174,96.28,32.4,90.0,98.8,73.94533364070853,Watch,10.0,10.0,0.0,5.0,0.0,6.5,9.628,5.0,0.0,46.128,Below Watchlist,,,,,🟢,🟢,47.36827295959748,98.8,15,🟢,0.0,0.0,,10,🟢,11.0,0,,0.0,0.0,,,66.4,,11.219999999999999,25.82,,,,,,,,,31-MAR-2026,ok,,,,,15.0,🟢,NSE500
BOSCHLTD.NS,,5404462.0,0.03409083795114865,0.22651995814108994,0.20570337527675187,95.89264663246874,0.0,0.0,0.20639425574336773,0.22825988742358466,4.690010206465825,86.10264022146002,9.790006411008719,17.036149585039674,,neither,0.1645745277130125,0.5927237440341024,0.4849159253382529,15.254885788497097,,obv_still_strong,1379243267.25,358.322312669894,545.8848330110878,-187.56252034119382,0.0,0.0,3012.170402742966,2671.5978370475036,340.57256569546234,1.0,,1.0,,-1.0,1.0,41281.51703672939,47750.753599538344,47653.3250309653,1.0,27.640855051211087,0.0,23.590461668230777,59.33553320199627,,,,^CNXAUTO,-5.96,1.0,1.0,1.1706141386559716,51.98412698412699,0.4983661372793896,0.0,4164.944326066005,3279.402173146383,885.5421529196215,37136.930111372756,30516.11646210471,1.0,BOSCHLTD,Bosch Ltd.,Automobile and Auto Components,BOSCHLTD.NS,10.275313182858547,24.835466911870483,24.21767446785979,0.008002586694689192,ok,7.0162808727433745,-3.951917451199393,10.968198323942767,13.920501064352383,1.8937181947109367,12.026782869641446,ok,2.4205698331874994,,,,,,missing,False,82.79242632136406,99.88,1.0,75.0,92.4,73.82372789640922,Watch,10.0,5.0,0.0,5.0,0.0,6.5,9.988,0.0,0.0,36.488,Below Watchlist,,,,,🟢,🟢,27.640855051211087,92.4,10,🟢,,,,10,🟢,6.0,0,,,,,,80.0,,6.49,7.22,,,,,,,,,31-MAR-2026,ok,,,,,10.0,,NSE500
MRPL.NS,171.64999389648438,3096786151.0,-0.025510452083005744,0.0779440424358743,0.1841207745225984,98.39201847106874,0.0,0.0,0.2144785102747666,0.19108363279331356,33.27945201457784,54.22528488563804,44.1667335854307,15.162690628646747,,neither,0.053198795111497894,0.46221075268399053,0.17293280442800113,1.0062324529315658,,price_not_rising,1835616598.265889,-1.2346489488019472,-1.070632073414073,-0.16401687538787413,0.0,0.0,1.836170980326358,1.7019804425226512,0.1341905378037067,1.0,160.96026021101991,1.0,164.5528915180473,1.0,1.0,143.35539632291295,168.2911024386765,169.45020831183473,0.0,7.962143081481827,0.0,21.284671083174842,-5.936398652799935,,,,^CNXENERGY,-16.985060526331907,0.0,0.0,0.9135194997719147,16.666666666666664,0.5466516524397272,1.0,8.816823077680965,8.673251003276564,0.14357207440440156,157.35431653202434,134.85396755552,1.0,MRPL,Mangalore Refinery & Petrochemicals Ltd.,Oil Gas & Consumable Fuels,MRPL.NS,-6.657466118470312,-10.174059178342787,19.028714267678478,1.0805922066337303,ok,705.9701492537314,-91.90821256038647,797.8783618141179,59.72728665799014,-3.083403981522885,62.81069063951303,ok,,,,,,,missing,False,68.87720646487406,82.72,65.60000000000001,85.0,63.6,73.58716193946222,Watch,10.0,2.5,0.0,0.0,10.0,10.0,8.271999999999998,5.0,0.0,45.772,Below Watchlist,,,,🟢,,,7.962143081481827,63.6,0,,0.0,0.0,,10,🟢,2.0,10,🟢,0.0,0.0,,🟢,78.0,,0.27999999999999997,0.0,,,,,,,,,31-MAR-2026,ok,,,,,20.0,🟢,NSE500
GLENMARK.NS,2441.5,225791587.0,0.04899935780209034,0.016222556390803333,0.013550351318712052,93.82133267267078,0.0,0.0,0.019123551384496236,0.0072420890603240124,2.3879742032459945,89.91333331599132,3.907999356679454,10.870993470170976,🟢,accelerating_but_price_moved,0.020854270225645233,0.0669482982554926,0.8683266711490234,9.401912862753248,,no_obv_signal,1187189060.2179322,10.498242601716356,20.856897841700775,-10.358655239984419,0.0,0.0,77.97455769027238,70.13480758930208,7.839750100970292,1.0,2314.5170468068413,1.0,2256.529608913238,1.0,1.0,2083.1372968679266,2415.7744180588224,2414.2340070524715,1.0,12.287534201987256,1.0,17.82057365529388,17.983001885167702,0.0,4.689994862494817,-4.387173186892024,^CNXPHARMA,-2.825870646766169,1.0,1.0,1.1102171665628036,65.47619047619048,0.529932863344322,0.0,297.0572118932305,287.7639471031402,9.29326479009029,2013.245575770387,1523.3375742125909,1.0,GLENMARK,Glenmark Pharmaceuticals Ltd.,Healthcare,GLENMARK.NS,13.491765145167456,66.08803438303426,16.210169641834394,0.05646126766760124,ok,60.20599250936329,-25.210084033613445,85.41607654297674,4.55958430721992,-3.285031709113094,7.844616016333013,ok,0.5675317377820001,,,,,,missing,False,72.25746643543476,93.64,11.799999999999999,100.0,74.2,73.30523993063044,Watch,10.0,12.5,0.0,5.0,0.0,10.0,9.364,5.0,0.0,51.864000000000004,Category C: Watchlist,,🟢,,,🟢,🟢,12.287534201987256,74.2,0,,0.0,0.0,,10,🟢,6.0,0,,0.0,0.0,,,29.4,,16.8,20.34,,,,,,,,,31-MAR-2026,ok,,,,,15.0,🟢,NSE500
CGCL.NS,246.89999389648438,375972200.0,0.09889361043663811,0.6822217282407845,0.125045529273967,92.11952261957472,0.0,0.0,0.35767754211075287,0.18454163469585688,9.601785492455111,74.22717748310134,17.89234513647338,8.531087683412576,,neither,0.8125487579613901,0.8608624794931632,0.9438775383029611,6.326653653606629,,obv_still_strong,1072407993.7549751,1.5544747106794716,4.845695660059818,-3.291220949380347,0.0,0.0,17.688477329757006,17.06150749475647,0.626969835000537,1.0,242.42157226477843,1.0,254.1114326952806,-1.0,1.0,210.90831638928705,257.7525449675032,258.25050774572514,0.0,21.32800142768491,0.0,20.238675504083314,48.57898347056491,,,,^CNXFIN,-11.78992523029651,0.0,1.0,1.4091902539531702,82.93650793650794,0.5174345507286465,0.0,-25.20233596542451,-47.315326063372666,22.112990097948156,221.7301578103903,311.2495327825323,0.0,CGCL,Capri Global Capital Ltd.,Financial Services,CGCL.NS,48.58334472377841,66.76510321181166,3.2591988300158046,3.3472846457545518,ok,24.914675767918087,10.566037735849067,14.34863803206902,15.016083814716922,22.895077965690547,-7.878994150973625,ok,0.2989453328137589,,,,,,missing,False,88.69183291685115,84.52000000000001,28.4,60.0,87.8,72.94154987505536,Watch,10.0,5.0,0.0,0.0,0.0,6.5,8.452,0.0,0.0,29.951999999999998,Below Watchlist,,,,,,🟢,21.32800142768491,87.8,5,,0.0,0.0,,0,,12.0,0,,0.0,0.0,,,84.39999999999999,,7.049999999999999,5.62,,,,,,,,,31-MAR-2026,ok,,,,,5.0,,NSE500
PVRINOX.NS,,55736329.0,0.15449949406187746,0.04051040662801331,0.009686231311404113,70.62162611906321,0.0,0.0,0.15987316345845368,0.07946224511697467,5.225111289089088,71.13999821443502,-0.5183720953718165,27.418345006449506,🟢,accelerating_but_price_moved,-0.00629168173282407,0.3687563966039042,-0.022365277869353477,8.268156159380503,,no_obv_signal,873038897.451416,24.10847286618332,28.757193139351095,-4.6487202731677755,0.0,1.0,66.93963082829191,48.41666587715042,18.52296495114149,1.0,,1.0,,-1.0,1.0,1055.6009053261796,1267.345285499118,1252.6927361692224,1.0,22.162703079037282,0.0,31.143854355528134,25.45554651582038,,,,^CNXMEDIA,-9.212187380863162,1.0,1.0,1.4021927714405353,96.82539682539682,0.8854352291542051,0.0,-57.72758461483204,-98.02459611240704,40.297011497575,1118.4249632493527,1272.4143388401706,0.0,PVRINOX,PVR INOX Ltd.,Media Entertainment & Publication,PVRINOX.NS,20.896014413671793,,7.0564014388814735,0.9187390732784908,ok,-69.76253298153033,95.36082474226805,-165.1233577237984,4.84069023460221,-17.688051920417067,22.528742155019277,ok,,,,,,,missing,False,71.21756914167213,97.24,24.0,75.0,89.0,72.76327074250163,Watch,10.0,5.0,0.0,5.0,0.0,6.5,9.724,0.0,0.0,36.224000000000004,Below Watchlist,,,,,🟢,🟢,22.162703079037282,89.0,5,,,,,0,,2.0,10,🟢,,,,,67.2,,31.16,17.86,,,,,,,,,31-MAR-2026,ok,,,,,10.0,,NSE500
BALRAMCHIN.NS,672.9000244140625,381298368.0,-0.01740034601090979,0.36941674971885874,0.09371479210311408,92.9079088350618,0.0,0.0,0.30179340311980074,0.1430000443084269,15.304349250308402,74.49229507565434,18.415613759407464,21.254168774218975,🟢,accelerating_but_price_moved,0.41656327072726407,0.4293381982032874,0.9702450712993058,14.790175776456827,,obv_still_strong,1454411332.5237763,2.5511214398783295,5.636388744045612,-3.0852673041672825,0.0,0.0,47.998717211238045,43.62143735862134,4.377279852616702,1.0,628.7420408141797,1.0,658.7978512275572,1.0,1.0,540.3573597789957,676.0179962139161,676.4578910063434,0.0,24.108876355018918,0.0,34.5734515780955,40.895465495258506,,,,^CNXFMCG,-12.28000966887293,0.0,1.0,1.5371531948276818,87.6984126984127,0.6179659507666576,0.0,39.118878178499926,21.76508933762459,17.353788840875335,537.5419374500026,483.7245112339094,1.0,BALRAMCHIN,Balrampur Chini Mills Ltd.,Fast Moving Consumer Goods,BALRAMCHIN.NS,10.358306704292541,10.022982786229306,11.792224574447307,0.7660587716998485,ok,40.501792114695334,110.56603773584908,-70.06424562115374,10.306770152078442,-12.966850961662196,23.27362111374064,ok,3.8063918509783994,,,,,,missing,False,75.64776809227163,90.63999999999999,28.999999999999996,70.0,90.60000000000001,72.76233042768148,Watch,10.0,5.0,0.0,0.0,0.0,10.0,9.063999999999998,0.0,0.0,34.064,Below Watchlist,,,,,,🟢,24.108876355018918,90.60000000000001,10,🟢,0.0,0.0,,10,🟢,3.0,5,🟢,0.0,0.0,,🟢,80.80000000000001,,25.540000000000003,0.0,,,,,,,,,03-JUN-2026,ok,,,,,10.0,,NSE500
APLAPOLLO.NS,,81449706.0,0.02340785219166781,0.09672144899571145,0.0037557885692724694,71.05578309875119,0.0,0.0,0.1322645977083911,-0.013140202537060169,-3.9422398292030483,87.86262430993219,-16.806841211180995,23.38256915897825,🟢,accelerating_but_price_moved,0.019506090866240965,0.5113352901349922,0.07595609312613545,16.5000977748186,,no_obv_signal,1318822223.260205,30.036091228796067,34.733780797432566,-4.697689568636498,0.0,0.0,87.47788222885379,54.22758791770985,33.25029431114394,1.0,,1.0,,1.0,1.0,1849.6482098105525,2190.432431872694,2173.334870589233,1.0,15.45542479747828,0.0,29.856409168252117,14.335994610078284,0.0,29.856409168252117,14.335994610078284,FALLBACK_BROAD_INDEX,-3.303082522422697,1.0,1.0,1.145298536313632,60.317460317460316,0.8191638573367479,0.0,151.86864562365213,134.50641972827142,17.362225895380703,1842.7921002091712,1583.2992227719035,1.0,APLAPOLLO,APL Apollo Tubes Ltd.,Capital Goods,APLAPOLLO.NS,12.613774309184267,23.29668451821729,27.952417279334714,0.0939577421443851,ok,-25.70532915360501,14.23455684870188,-39.93988600230689,-10.496578329750921,7.567646038254268,-18.06422436800519,ok,2.079340258143602,,,,,,missing,False,68.36952408456291,98.92,23.599999999999998,85.0,79.0,72.68485722536887,Watch,5.0,10.0,0.0,5.0,0.0,10.0,9.892,0.0,0.0,39.891999999999996,Below Watchlist,,,,,🟢,🟢,15.45542479747828,79.0,0,,,,,10,🟢,17.0,0,,,,,,48.0,,11.88,0.02,14.14,0.02,False,False,-2.26,0.0,,,31-MAR-2026,ok,,,0.0,,0.0,,NSE500
URBANCO.NS,,704733621.0,0.11287018796640158,1.2036341243928674,0.6099949956830547,96.90009267250979,0.0,0.0,1.1178568116879812,0.5203315179739925,10.074265057405526,74.53242346170838,22.36766921080141,22.38840359844223,🟢,accelerating_but_price_moved,0.9941490658228593,1.9446635295889168,0.6105192799679031,23.53257219453424,,obv_still_strong,1068471499.4217819,3.0744830071840568,4.210306031522032,-1.1358230243379754,0.0,0.0,9.775168461636014,6.572813416288981,3.2023550453470326,1.0,,-1.0,,-1.0,1.0,135.89064817760936,168.16406009785098,166.76526460763262,1.0,23.6023781265056,0.0,31.123901245151387,38.87052997093568,,,,^CNXCONSUM,-10.977961249129375,0.0,1.0,1.1862630977133817,,0.6865617297422498,,-5.360863685712758,-7.832660127989863,2.471796442277105,147.36147133563102,155.88217194671827,0.0,URBANCO,Urban Company Ltd.,Consumer Services,URBANCO.NS,,,,,missing,,,,,,,missing,,,,,,,missing,False,91.40503243537842,89.08,48.199999999999996,30.0,90.4,72.02750973061353,Watch,10.0,5.0,0.0,5.0,,0.0,8.908000000000001,0.0,0.0,28.908,Below Watchlist,,,,,🟢,🟢,23.6023781265056,90.4,10,🟢,,,,0,,12.0,0,,,,,🟢,96.39999999999999,🟢,8.88,55.87,,,,,,,,,24-MAR-2026,ok,,,,,,,NSE500
KIRLOSENG.NS,2402.0,186470156.0,0.022348808290872886,0.0022342214179072407,0.14174420908327673,100.0,1.0,1.0,-0.0032699800612682912,0.13385651432458162,8.0355024256701,90.76883607772497,9.23116392227503,1.8222688399448739,,quiet_but_not_accelerating,0.012544114461148776,0.36839710109734863,1.0,9.690380237475749,,no_obv_signal,1512312972.135498,19.78130219768127,3.3379116321123177,16.443390565568954,0.0,0.0,171.14487036378296,192.09161341436982,-20.94674305058686,0.0,1980.8483110892435,1.0,2110.7888285743416,1.0,1.0,1823.673685700941,2197.153179832439,2175.0494030388445,1.0,34.25633234452152,0.0,3.9457001837463146,71.48938540423066,0.0,3.9457001837463146,71.48938540423066,FALLBACK_BROAD_INDEX,-6.105540260529518,1.0,1.0,1.5779448583143418,53.57142857142857,0.34155217478540234,0.0,374.6155667466244,258.4892622097829,116.12630453684147,1529.5484496607917,1071.877821907524,1.0,KIRLOSENG,Kirloskar Oil Eng Ltd.,Capital Goods,KIRLOSENG.NS,15.429936816863776,19.995320047463338,17.852417141772285,1.4845436289255536,ok,-28.084714548802946,42.14659685863874,-70.23131140744168,-5.5145234686210856,13.01025312399872,-18.524776592619805,ok,2.766494003031357,,,,,,missing,False,69.61,8.76,97.6,100.0,95.39999999999999,71.585,Watch,15.0,10.0,0.0,5.0,0.0,10.0,0.876,5.0,0.0,45.876,Below Watchlist,🟢,,,,🟢,🟢,34.25633234452152,95.39999999999999,15,🟢,0.0,0.0,,10,🟢,10.0,0,,0.0,0.0,,,49.8,,24.87,0.0,,,,,,,,,31-MAR-2026,ok,,,,,0.0,,NSE500
VIJAYA.NS,,126893599.0,-0.018862203777014194,0.016208270457091986,0.05653560375799958,94.21068023518598,0.0,0.0,0.007401829282558634,0.0662117794688272,4.20398284553809,90.24622272108402,3.9644575141019516,14.655893021992794,,neither,0.008068348335925117,0.160387888842984,0.2747972594563909,10.533954171542792,,no_obv_signal,211024978.35596314,18.491977169388974,20.11671591775768,-1.6247387483687064,0.0,1.0,103.69168297747001,101.23556804906943,2.4561149284005808,1.0,,1.0,,-1.0,1.0,1220.554059978761,1516.38227704173,1504.344291379463,1.0,30.996717520291515,0.0,16.07556462032349,67.26930534386577,0.0,2.558775924879919,35.52661858707873,^CNXPHARMA,-4.41204105889918,1.0,1.0,1.3470728439147597,69.84126984126983,0.40760411059244145,0.0,159.02386846252148,118.79083536262696,40.23303309989451,1135.4464740749427,917.2051499227416,1.0,VIJAYA,Vijaya Diagnostic Centre Ltd.,Healthcare,VIJAYA.NS,,,,,missing,,,,,,,missing,,,,,,,missing,False,62.953738082315084,87.76,40.0,75.0,94.0,71.53812142469452,Watch,10.0,10.0,0.0,5.0,0.0,6.5,8.776,0.0,0.0,40.275999999999996,Below Watchlist,,,,,🟢,🟢,30.996717520291515,94.0,10,🟢,,,,10,🟢,19.0,0,,,,,,41.199999999999996,,29.060000000000002,0.0,,,,,,,,,31-MAR-2026,ok,,,,,,,NSE500
JUBLFOOD.NS,463.0,130099585.0,0.032534010254957446,0.7315365580918722,0.2843204587068449,96.16779968078771,0.0,0.0,0.8326520119959118,0.9424286440000361,39.98054298949316,23.765324040294285,72.40247564049342,11.186959197327152,,neither,0.46047446847838136,2.0701229398549623,0.36705680793531453,5.647461494580708,,obv_still_strong,474186237.4084274,-0.9012457606900739,0.6914168109087446,-1.5926625715988185,0.0,0.0,-0.5738671444793795,-7.049921034609281,6.476053890129902,1.0,454.8557829505778,1.0,484.1762129018733,-1.0,1.0,413.58986420044226,478.68108111622274,480.4303157920417,0.0,6.313794851221878,0.0,17.179514856796917,3.5142106462906053,,,,^CNXCONSUM,-26.117153202026817,0.0,0.0,0.9114237906936388,57.53968253968254,0.5289092799326979,0.0,-40.40551047475424,-27.598344817178642,-12.807165657575595,522.5421717834853,570.5997965190511,0.0,JUBLFOOD,Jubilant Foodworks Ltd.,Consumer Services,JUBLFOOD.NS,20.204499906264495,6.652215483391366,16.200395262755787,2.1387490483596885,ok,13.0841121495327,-62.056737588652474,75.14084973818518,2.5540175093005595,4.147892957380546,-1.5938754480799866,ok,13.441989999159393,,,,,,missing,False,86.0387298882757,92.44,40.8,60.0,59.8,71.38961896648271,Watch,10.0,5.0,0.0,0.0,0.0,6.5,9.244,0.0,0.0,30.744,Below Watchlist,,,,,,,6.313794851221878,59.8,0,,0.0,0.0,,0,,11.0,0,,0.0,0.0,,🟢,96.8,🟢,30.29,17.29,,,,,,,,,31-MAR-2026,ok,,,,,10.0,,NSE500
MANKIND.NS,2545.0,19856038.0,1.1125296721506794,-0.09096837022394433,0.07830456181445428,66.38200161114321,0.0,0.0,-0.11382599865496972,0.06761903632525677,5.1357939678745055,89.4424452959609,-23.060443684817685,-0.0235739170815763,,quiet_but_not_accelerating,0.19550685192297043,1.5429400692917543,1.0,3.0531219372443186,,no_obv_signal,1137491157.771289,27.772614495914695,0.6991480489594686,27.073466446955226,0.0,0.0,32.510646304101556,35.383417661264254,-2.872771357162698,0.0,2313.3575043498454,1.0,2425.08682678505,1.0,1.0,2131.182409709435,2437.6362768741346,2403.0007580860693,1.0,16.22730863643271,1.0,7.91666256604453,28.80029780995528,0.0,-4.110169394773111,4.379108610629157,^CNXPHARMA,-2.78467111284447,1.0,1.0,1.051829793231168,71.03174603174604,0.5735353980545431,0.0,76.97420140141867,76.27126856894033,0.7029328324783393,2346.8923877101934,2128.658839333687,1.0,MANKIND,Mankind Pharma Ltd.,Healthcare,MANKIND.NS,17.731363147486555,14.27544709406725,13.749497039719492,0.387202966318494,ok,2.4608501118568236,35.59150657229524,-33.130656460438416,17.068601452832326,-3.4836846826642747,20.5522861354966,ok,3.3705073951761815,,,,,,missing,False,61.58370056390012,29.4,99.2,100.0,80.0,71.23511016917004,Watch,5.0,12.5,0.0,5.0,0.0,10.0,2.94,5.0,0.0,40.44,Below Watchlist,,🟢,,,🟢,🟢,16.22730863643271,80.0,0,,0.0,0.0,,10,🟢,18.0,0,,0.0,0.0,,,18.0,,10.36,10.24,,,,,,,,,31-MAR-2026,ok,,,,,10.0,,NSE500
CUB.NS,,803958878.0,0.01640423851083618,0.07310629058645608,0.072690052322806,94.73561301878067,0.0,0.0,0.06836647740394214,0.08044447144115835,8.426364343061735,73.28598688064402,21.44962613813665,8.195293472352084,,neither,0.09327637915757812,0.22247479040059936,0.9605059808389189,1.1757587670314873,,no_obv_signal,509561821.69240415,0.055838641201489736,1.5761890448924556,-1.5203504036909659,0.0,0.0,8.497103171573997,8.043134003548458,0.4539691680255391,1.0,,1.0,,-1.0,1.0,179.60215807407118,225.35655786222708,226.28652762850461,0.0,10.90300049966663,0.0,15.7771189000941,20.78575373676812,,,,^CNXFIN,-9.43055628870003,1.0,1.0,1.1283215268827267,32.53968253968254,0.501229688010174,0.0,23.82547594699693,21.88699085386812,1.9384850931288113,183.9484459565935,152.79459106574194,1.0,CUB,City Union Bank Ltd.,Financial Services,CUB.NS,9.139076894940978,12.258473356757825,,0.4568727307325664,partial,6.280193236714977,8.295964125560532,-2.015770888845555,-1.169366355064817,7.898333650452552,-9.06770000551737,ok,1.253473866835893,,,,,,missing,False,74.36746455657322,83.44,41.6,75.0,70.6,70.82823936697197,Watch,10.0,5.0,0.0,0.0,0.0,6.5,8.344000000000001,0.0,0.0,29.844,Below Watchlist,,,,,,🟢,10.90300049966663,70.6,0,,,,,10,🟢,14.0,0,,,,,,55.2,,31.819999999999997,23.369999999999997,,,,,,,,,31-MAR-2026,ok,,,,,0.0,,NSE500
IKS.NS,,10690151.0,1.048781303220906,0.08403818119441261,0.46291381461426845,95.79649082774414,0.0,0.0,-0.00816897868518401,0.5953451561716689,2.371980359133244,74.44561499846147,21.35087582928267,4.0480142278424225,,quiet_but_not_accelerating,0.3042852005732249,3.0263725848843754,1.0,-0.7798925003229318,,no_obv_signal,395497027.9180115,12.659817369876691,7.963128013829479,4.696689356047212,0.0,0.0,46.36193379275937,54.13815069387042,-7.776216901111049,0.0,,1.0,,-1.0,1.0,1508.825904692193,1811.5188151865852,1798.650424470826,1.0,16.04558981703231,0.0,9.571948570301547,36.73890734000551,0.0,0.9694441126950615,37.871798469406315,^CNXIT,-8.741873265846305,1.0,1.0,1.1306797452114823,88.60103626943005,0.4235876051046081,0.0,-18.206610184751753,-56.607069611462975,38.40045942671122,1672.573481921662,1749.1156201062336,0.0,IKS,Inventurus Knowledge Solutions Ltd.,Information Technology,IKS.NS,45.76066992554253,33.21347451915167,29.569847314703097,0.2687326108468676,ok,-6.135986733001659,12.39515377446412,-18.53114050746578,4.19482494065192,5.239830664457942,-1.0450057238060229,ok,1.2063529510258353,,,,,,missing,True,87.88877178971043,19.439999999999998,90.4,75.0,79.60000000000001,70.75463153691312,Watch,5.0,10.0,0.0,5.0,0.0,6.5,1.944,0.0,10.0,38.444,Below Watchlist,,,,,🟢,🟢,16.04558981703231,79.60000000000001,0,,,,,0,,5.0,0,,,,,,86.0,,3.18,0.0,,,,,,,,,31-MAR-2026,ok,,,,,0.0,,NSE500
THELEELA.NS,533.5999755859375,11639635.0,-0.8462908151934592,2.5642374275015216,0.35798802643448835,82.93103962518121,0.0,0.0,3.069299097837721,0.7811788287601713,-15.110874936992907,77.51749912941904,5.413540495762177,11.29418333511769,🟢,accelerating_but_price_moved,1.6291942144613922,5.502486399213812,0.3146190166981681,13.99272989283773,,obv_still_strong,178042953.58974305,2.288966599383116,3.8886786589112448,-1.599712059528129,0.0,0.0,29.36691742021145,26.725715598164978,2.6412018220464724,1.0,511.77450360769706,1.0,528.952126823893,1.0,1.0,458.8299584970978,539.824376542402,539.5011333081274,1.0,16.629382783682804,0.0,17.32060949213725,32.6256583445027,,,,^CNXCONSUM,-7.256452901989214,1.0,1.0,1.3369749024219362,100.0,0.6140660589100877,0.0,27.437464984400947,13.664667084961348,13.772797899439599,451.1274466094628,427.0599347001835,1.0,THELEELA,Leela Palaces Hotels & Resorts Ltd.,Consumer Services,THELEELA.NS,21.096406592709084,,8.255323913159724,0.2828027242244343,ok,-85.17382413087935,115.41850220264315,-200.59232633352252,-27.3448660253499,5.9001248275696225,-33.24499085291952,ok,,,,,,,missing,False,59.67586386881342,88.24000000000001,40.400000000000006,85.0,80.80000000000001,70.73075916064403,Watch,10.0,5.0,0.0,5.0,0.0,10.0,8.824000000000002,0.0,0.0,38.824,Below Watchlist,,,,,🟢,🟢,16.629382783682804,80.80000000000001,5,,0.0,0.0,,10,🟢,4.0,0,,0.0,0.0,,,99.8,🟢,6.65,8.62,,,,,,,,,31-MAR-2026,ok,,,,,0.0,,NSE500
OLAELEC.NS,37.41999816894531,3339940789.0,0.8455751214271596,0.4351823685298407,0.5288019437667053,92.46932974235436,0.0,0.0,0.35841677744756606,0.3629051530539854,637.7847041754773,42.64876845267856,49.8205612896758,-14.488117906229746,,neither,0.38705047706175927,3.2038629474399825,0.9061685243830724,-3.2074539145395375,,price_not_rising,3803636753.2403784,0.0023543492075432937,-0.055843150653825134,0.05819749986136843,0.0,0.0,-0.04055262049891439,0.2864517667410505,-0.3270043872399649,0.0,36.74244100137541,1.0,39.781849209894105,-1.0,1.0,31.082319240862024,38.53450753791351,38.482784958445265,1.0,16.62990583172794,0.0,-2.312436129051032,61.375814642805906,,,,^CNXAUTO,-34.44289248675749,0.0,0.0,1.0260809622292455,87.3015873015873,0.2741758001065181,0.0,-13.6493582078011,-16.11033860750187,2.4609803997007695,48.72140929687432,73.11102515090242,0.0,OLAELEC,Ola Electric Mobility Ltd.,Automobile and Auto Components,OLAELEC.NS,-4.6685686187117215,,-29.74286292771816,0.8245299910474485,ok,33.62831858407079,-2.7272727272727093,36.3555913113435,71.69811320754717,-43.61702127659575,115.31513448414292,ok,,,,,,,missing,False,93.14426540982402,39.12,72.0,60.0,81.0,70.7172796229472,Watch,10.0,2.5,0.0,5.0,0.0,6.5,3.912,0.0,0.0,27.912,Below Watchlist,,,,,🟢,,16.62990583172794,81.0,5,,0.0,0.0,,0,,14.0,0,,0.0,0.0,,🟢,89.4,,7.51,5.12,,,,,,,,,04-JUN-2026,ok,,,,,20.0,🟢,NSE500
CARTRADE.NS,,86726604.0,0.055365844403084154,0.09602234321945853,0.2706593760065103,97.1557636458224,0.0,0.0,0.09031154508139355,0.46974962913962975,44.46914075289137,76.41372320916221,20.74204043666019,8.331452338216216,,neither,0.13439408657088622,1.1166028488828317,0.9177798453297329,3.1665346573963804,,no_obv_signal,965139769.8056152,3.9069026573592964,18.06677979143982,-14.159877134080524,0.0,0.0,221.19639081830792,203.07901422724495,18.117376591062964,1.0,,1.0,,-1.0,1.0,2333.209713567411,2967.2459720959314,2975.7398486667666,0.0,26.26533970571956,0.0,12.878299191683773,77.04476680486027,,,,^CNXCONSUM,-11.869642054582313,0.0,1.0,1.042267420339446,38.88888888888889,0.3962141667128808,0.0,367.3200526589801,343.66932260821363,23.65073005076647,2193.1763890640887,1671.8503241811602,1.0,CARTRADE,Cartrade Tech Ltd.,Consumer Services,CARTRADE.NS,28.96520434050014,87.19110579326765,10.986467727627872,0.05654755469135908,ok,-20.279720279720276,15.529622980251334,-35.80934325997161,-0.9746331526889174,-3.1137711413742815,2.139137988685364,ok,0.7757928906232877,,,,,,missing,False,80.74451727603784,97.11999999999999,8.6,60.0,91.60000000000001,70.67735518281135,Watch,10.0,5.0,0.0,0.0,0.0,6.5,9.712,0.0,0.0,31.212,Below Watchlist,,,,,,🟢,26.26533970571956,91.60000000000001,10,🟢,,,,10,🟢,10.0,0,,,,,🟢,85.6,,9.89,0.0,,,,,,,,,31-MAR-2026,ok,,,,,0.0,,NSE500
DLF.NS,653.0,554109234.0,-0.0398630491893847,0.03234608537554982,0.035038544326304204,85.35189720735187,0.0,0.0,0.050730624174458824,0.08190441679507401,14.13981731861935,57.04370489156022,28.30819231579165,6.636302673514516,,quiet_but_not_accelerating,0.009649756336982895,0.2851777837278182,0.07939445891057766,-0.9555570923121315,,no_obv_signal,2463271736.488968,0.2686915870779103,-1.0452362412001572,1.3139278282780675,0.0,0.0,12.256744335802978,9.689043943987134,2.567700391815844,1.0,630.6177724843617,1.0,683.2866832222661,-1.0,1.0,570.2446797699503,661.6232768656868,661.0821092994206,1.0,11.888275270464135,0.0,13.379640227239765,23.471007947880306,,,,^CNXREALTY,-15.176604278785025,0.0,0.0,0.9866719010976778,58.730158730158735,0.27507928681744714,0.0,-12.60882461404492,-6.643831330061069,-5.964993283983851,661.2722794516442,627.9568153088678,0.0,DLF,DLF Ltd.,Realty,DLF.NS,11.317235861499086,29.435304705700325,6.3224133664933655,0.006726864551113904,ok,-37.3046875,5.349794238683122,-42.654481738683124,-29.4212980827536,-10.204829177020326,-19.216468905733276,ok,1.302574659353701,,,,,,missing,False,58.603164022573154,88.12,82.39999999999999,60.0,73.8,70.63494920677195,Watch,10.0,5.0,0.0,5.0,0.0,6.5,8.812000000000001,0.0,0.0,35.312,Below Watchlist,,,,,🟢,,11.888275270464135,73.8,0,,0.0,0.0,,0,,2.0,10,🟢,0.0,0.0,,🟢,51.2,,5.1499999999999995,0.0,,,,,,,,,31-MAR-2026,ok,,,,,0.0,,NSE500
CHENNPETRO.NS,1436.9000244140625,737931530.0,0.043313470575608484,0.14019887120913216,0.06571804734420143,98.49811804811318,0.0,0.0,0.13065856240253163,0.06972681786085203,11.32462360931474,79.80790386153105,18.69021418658214,29.68611801164225,,neither,0.126141835161166,0.16823956194896528,0.7497751046179648,18.956106312096278,,no_obv_signal,2896709592.8476195,6.494898203113735,20.64768425683297,-14.152786053719236,0.0,0.0,129.9352849507752,116.99338550310229,12.941899447672924,1.0,1571.8295448291458,-1.0,1368.034944810991,1.0,1.0,1122.3144785555692,1416.5447446491191,1420.9968485069069,0.0,34.65360289532496,0.0,37.00465209069221,50.00157297224857,,,,^CNXENERGY,-11.651500071040056,0.0,1.0,1.4446515883508557,55.55555555555556,0.6451768432468533,0.0,183.96867778273497,128.75334087499147,55.215336907743506,959.0193629785722,709.4623513644312,1.0,CHENNPETRO,Chennai Petroleum Corporation Ltd.,Oil Gas & Consumable Fuels,CHENNPETRO.NS,-6.046735305378103,-4.223500101943056,33.43506360679493,0.1768046512758333,ok,-27.461248428990366,41.95658638120725,-69.41783481019762,62.74453955802708,7.231637481453049,55.51290207657403,ok,,,,,,,missing,False,82.76434131683962,95.56,8.799999999999999,55.0,95.6,70.60130239505189,Watch,10.0,5.0,0.0,0.0,0.0,3.5,9.556000000000001,5.0,0.0,33.056,Below Watchlist,,,,,,🟢,34.65360289532496,95.6,15,🟢,0.0,0.0,,10,🟢,6.0,0,,0.0,0.0,,🟢,63.6,,1.58,0.0,,,,,,,,,31-MAR-2026,ok,,,,,10.0,,NSE500
AFFLE.NS,,88095677.0,0.12243710898553435,0.18136880396952532,0.15465560442162873,98.02667989516117,0.0,0.0,0.2227447029448209,0.20830013276982987,47.077924879145726,37.915147820564435,60.11153207459673,10.639515856667558,,neither,0.14926091771792802,0.4080014416742125,0.6502457034934145,-4.578784063200036,,no_obv_signal,590070096.6230042,-11.567512595079961,-11.34767858928341,-0.21983400579655132,0.0,0.0,16.997463082881268,11.076053125750892,5.9214099571303755,1.0,,-1.0,,-1.0,1.0,1345.3651992512682,1576.0312046519339,1585.654358778912,0.0,10.768283909775219,0.0,12.789838396867648,20.03896904092166,0.0,3.934697092528805,21.033500047891994,^CNXIT,-22.82695347024588,0.0,0.0,0.8838804281004966,45.23809523809524,0.42238083831327483,0.0,17.386093647924554,50.92925251580637,-33.543158867881814,1565.1897737248223,1450.0678493312548,0.0,AFFLE,Affle 3i Ltd.,Information Technology,AFFLE.NS,23.64007775506711,22.97327638844202,15.295760696446163,0.004054801842061238,ok,6.242638398115422,0.0,6.242638398115422,3.1457376476613694,0.9621254568109786,2.1836121908503907,ok,2.2368629154635347,,,,,,missing,False,87.4093379633064,91.96,62.8,30.0,70.19999999999999,70.56480138899192,Watch,10.0,10.0,0.0,0.0,0.0,0.0,9.196,0.0,0.0,29.195999999999998,Below Watchlist,,,,,,,10.768283909775219,70.19999999999999,0,,,,,0,,13.0,0,,,,,🟢,79.60000000000001,,13.71,16.66,15.260000000000002,15.379999999999999,False,True,-1.5500000000000007,1.2800000000000011,,,31-MAR-2026,ok,,🟢,5.0,,0.0,,NSE500
OBEROIRLTY.NS,,120807908.0,0.10806259853893509,0.03269329801700185,0.05999739561530724,98.30357778681218,0.0,0.0,0.04264927872679105,0.13047488204852759,9.035036315610919,77.6653334744975,20.638244312314683,4.439822447508779,,quiet_but_not_accelerating,0.02656596008357515,0.26396534020380696,0.5293260578029456,0.8597870026470833,,no_obv_signal,836920041.0236938,-1.5850653999059432,-9.054840904144028,7.4697755042380845,0.0,0.0,46.994630422167575,52.87201007794485,-5.8773796557772755,0.0,,1.0,,1.0,1.0,1575.6616642972667,1819.12462118157,1816.7325648419562,1.0,12.9553759109354,1.0,10.597663197121697,29.995047422937393,,,,^CNXREALTY,-6.215883961474553,1.0,1.0,1.0876166820693045,78.96825396825396,0.5435711911087746,0.0,71.84922707084024,64.16466595821225,7.684561112627989,1685.3367289867074,1506.5263765323152,1.0,OBEROIRLTY,Oberoi Realty Ltd.,Realty,OBEROIRLTY.NS,12.916874889233586,9.600418099371089,16.70832059799845,0.15765280768570566,ok,-22.750775594622546,12.96728971962616,-35.718065314248705,-25.65620660292714,17.23054453853575,-42.88675114146289,ok,2.696707448782464,,,,,,missing,False,78.59625222538426,22.8,93.4,85.0,75.4,70.45887566761529,Watch,10.0,10.0,0.0,5.0,0.0,10.0,2.2800000000000002,0.0,0.0,37.28,Below Watchlist,,🟢,,,🟢,🟢,12.9553759109354,75.4,0,,,,,10,🟢,1.0,15,🟢,,,,,60.199999999999996,,12.709999999999999,15.42,,,,,,,,,31-MAR-2026,ok,,,,,0.0,,NSE500
FSL.NS,248.89999389648438,912368254.0,0.21658687136810237,0.08086515416462722,0.16052702733394222,93.77476507518762,0.0,0.0,0.13132613030591594,0.17778313435077278,57.93508958101373,28.7222583971049,65.05250667808272,8.951629337458634,,neither,0.03493088806156427,0.565626922833666,0.21048992485245885,-17.61551770185219,,no_obv_signal,675385124.380841,-2.9784781839263132,-1.7551394733689185,-1.2233387105573947,0.0,0.0,-1.3428325760947928,-1.5256557638592514,0.1828231877644586,1.0,243.16935798859927,1.0,260.1253038949004,-1.0,1.0,215.54217901996054,261.13157506342293,263.84235121797695,0.0,8.555894653834303,0.0,11.483993049947582,14.446072951874566,0.0,11.483993049947582,14.446072951874566,FALLBACK_BROAD_INDEX,-30.737383429719245,0.0,0.0,0.8384610216304599,41.66666666666667,0.6995871836130603,0.0,-1.4440567256517625,9.144977010769905,-10.589033736421667,274.5495266327896,248.1989904147523,0.0,FSL,Firstsource Solutions Ltd.,Services,FSL.NS,17.117776693391583,9.497044132600196,17.654808620839887,0.6664100827226636,ok,-18.90034364261169,70.17543859649123,-89.07578223910292,5.308253515822925,5.900714382112361,-0.5924608662894357,ok,3.013985151626651,,,,,,missing,False,83.85116777631566,82.96,46.0,60.0,65.0,70.39735033289469,Watch,10.0,10.0,0.0,0.0,0.0,6.5,8.296,0.0,0.0,34.796,Below Watchlist,,,,,,,8.555894653834303,65.0,0,,0.0,0.0,,0,,6.0,0,,0.0,0.0,,🟢,72.0,,18.490000000000002,8.86,,,,,,,,,31-MAR-2026,ok,,,,,0.0,,NSE500
MCX.NS,3232.0,632934830.0,0.03601763102078068,0.10646170566777095,0.010697339585885805,81.96163058341912,0.0,0.0,0.07929400168646344,0.006094880125146463,3.42136116611771,89.28123297919551,-7.319602395776386,14.194248378687192,🟢,accelerating_but_price_moved,0.11374551080533948,0.16692852059799984,0.9056309823006066,20.344677966422186,,no_obv_signal,6183326138.237402,48.969464739591785,64.87272001516732,-15.903255275575532,0.0,0.0,190.60655680154696,172.50280641440054,18.10375038714642,1.0,3093.397940219338,1.0,3395.99586265184,-1.0,1.0,2661.174008182553,3285.9980920607113,3260.117006438417,1.0,17.251611417273306,0.0,17.184983054965564,29.651577605423984,,,,^CNXFIN,-5.86282366189363,1.0,1.0,1.243334387792826,43.65079365079365,0.475326877073101,0.0,572.3830004701058,486.5514994241714,85.83150104593437,2279.1933347951917,1524.3880038696805,1.0,MCX,Multi Commodity Exchange of India Ltd.,Financial Services,MCX.NS,72.60073543213774,107.53254904815597,39.037934466125904,0.0016713835263383358,ok,-21.992300288739173,560.5212968849333,-582.5135971736726,-21.029540801403922,33.55067455905772,-54.58021536046164,ok,0.5021612198165035,,,,,,missing,True,74.6565707041967,97.0,7.8,75.0,81.8,70.236971211259,Watch,10.0,5.0,0.0,5.0,0.0,6.5,9.7,0.0,10.0,46.2,Below Watchlist,,,,,🟢,🟢,17.251611417273306,81.8,5,,0.0,0.0,,10,🟢,1.0,15,🟢,0.0,0.0,,,43.6,,20.49,,,,,,,,,,31-DEC-2018,partial,,,,,0.0,,NSE500
TBOTEK.NS,,37436667.0,-0.08722956462214322,0.07020000585404847,0.13911247586676243,95.09874189072235,0.0,0.0,0.08101822085224511,0.2036129287098322,2.9657182460307947,87.5808100962947,7.517931794427653,13.280393860585482,,neither,0.04673430497282783,0.5058369200084464,0.3892584627081704,8.682521697224743,,no_obv_signal,276255793.62037355,9.562914664084246,14.621408779052626,-5.058494114968379,0.0,0.0,91.66728414239742,74.92375869990278,16.743525442494644,1.0,,1.0,,-1.0,1.0,1381.4053492485718,1684.7003166829375,1682.358855211953,1.0,26.687516674237475,0.0,19.624374390546386,47.57894488198071,,,,^CNXCONSUM,-5.1744844433622355,1.0,1.0,0.9382655259208142,49.2063492063492,0.46003156398527933,0.0,20.25443245516294,-15.478241544753,35.732673999915946,1452.9277522778157,1445.015854456676,1.0,TBOTEK,TBO Tek Ltd.,Consumer Services,TBOTEK.NS,,,,,missing,,,,,,,missing,,,,,,,missing,False,62.07455966175282,96.63999999999999,22.2,75.0,91.8,70.05036789852585,Watch,10.0,5.0,0.0,5.0,0.0,6.5,9.663999999999998,0.0,0.0,36.164,Below Watchlist,,,,,🟢,🟢,26.687516674237475,91.8,10,🟢,,,,10,🟢,5.0,0,,,,,,70.6,,17.630000000000003,29.709999999999997,,,,,,,,,31-MAR-2026,ok,,,,,,,NSE500
LENSKART.NS,,414214332.0,-0.3068143810049324,1.2267670275902767,1.0836348740654989,89.62653732376224,0.0,0.0,1.0983616281817095,1.209449974460886,-3.020521626686836,83.06464846147385,6.561888862288384,29.524563467723496,,neither,1.290166158625386,2.341481232823097,0.8416621418083361,16.335226918670777,,obv_still_strong,5826937612.55734,11.584214012523944,16.636033734251566,-5.051819721727622,0.0,0.0,49.95311545797051,41.402744372440466,8.550371085530045,1.0,,1.0,,-1.0,1.0,569.3445181287025,678.2898690510839,673.3402958208167,1.0,23.532688017894387,0.0,35.95850498079367,33.76847437743007,,,,^CNXCONSUM,-7.352941049550932,1.0,1.0,,,,,51.52089958579461,29.720057617052465,21.800841968742144,502.142645905951,454.7565580735316,1.0,LENSKART,Lenskart Solutions Ltd.,Consumer Services,LENSKART.NS,35.381064404509566,66.99335902215577,7.213177817637086,0.35436197310960643,ok,50.64935064935063,-39.43469762576149,90.08404827511211,9.012228894962195,33.58256602196497,-24.570337127002777,ok,2.6121992172705464,,,,,,missing,False,64.06928806331678,94.36000000000001,22.400000000000002,75.0,90.2,69.98278641899503,Watch,10.0,5.0,0.0,5.0,,6.5,9.436000000000002,0.0,0.0,35.936,Below Watchlist,,,,,🟢,🟢,23.532688017894387,90.2,10,🟢,,,,10,🟢,6.0,0,,,,,,98.8,🟢,6.43,4.26,,,,,,,,,31-MAR-2026,ok,,,,,10.0,,NSE500
ANANTRAJ.NS,602.2999877929688,711774505.0,-0.0020354775491214006,0.08640996276803077,0.10388600175222427,95.00980644015577,0.0,0.0,0.1269828450239716,0.1294539468966853,39.693905206061075,59.89380702840917,35.1159994117466,15.73902640699496,,neither,0.09059396564221234,0.20517883334498493,0.7727914658502644,-3.554845829788833,,no_obv_signal,1798133143.7276337,0.6158707537256305,0.2343762682109078,0.3814944855147227,0.0,0.0,22.255096119465293,21.136802593277373,1.1182935261879194,1.0,640.8526321461511,-1.0,622.3280814720043,-1.0,1.0,500.68842710727364,609.5547797160821,609.1813830168176,1.0,20.797485171982775,0.0,23.78723997962475,36.418906954940724,,,,^CNXREALTY,-17.98672057600962,0.0,0.0,0.8475224961948684,33.33333333333333,0.40236726883257046,0.0,35.9980184249971,41.26554989206379,-5.267531467066689,539.9600347855163,433.74308253605636,0.0,ANANTRAJ,Anant Raj Ltd.,Realty,ANANTRAJ.NS,37.939351598118165,54.47306696877925,10.385257069689061,0.11756455032352295,ok,-0.47846889952152094,0.966183574879228,-1.444652474400749,-2.3824616193317976,0.813603703299615,-3.1960653226314126,ok,0.6917621146905008,,,,,,missing,False,73.10343225405451,85.24000000000001,76.6,30.0,86.8,69.48902967621636,Watch,10.0,5.0,0.0,5.0,0.0,0.0,8.524000000000001,0.0,0.0,28.524,Below Watchlist,,,,,🟢,,20.797485171982775,86.8,5,,0.0,0.0,,0,,3.0,5,🟢,0.0,0.0,,🟢,68.8,,3.2300000000000004,10.879999999999999,3.04,10.74,True,True,0.1900000000000004,0.1399999999999988,,,31-MAR-2026,ok,🟢,🟢,10.0,,0.0,,NSE500
SAPPHIRE.NS,,171511093.0,0.05850455567867169,0.503014646133061,0.36472000759776413,94.28841991330223,0.0,0.0,0.550182384102964,0.5079466480974024,90.85961109110458,43.88660510125447,50.40181481204777,20.110864748762005,,neither,0.254104274721471,1.1723535844763278,0.2792371688708669,10.97566846390845,,obv_still_strong,153435568.33956298,0.41829917877620915,1.8515371117135997,-1.4332379329373905,0.0,0.0,6.986211916860157,3.0258513639605695,3.960360552899587,1.0,,-1.0,,-1.0,1.0,177.16711881705334,226.81327082574234,227.65297285975592,0.0,19.19663320108165,0.0,26.858463778767174,31.868958872453778,,,,^CNXCONSUM,-28.108826455318425,0.0,0.0,0.9533560279129931,85.31746031746032,0.5092913227498272,0.0,-25.715993581339376,-21.768773377453225,-3.9472202038861504,237.58826296882427,255.4565273342384,0.0,SAPPHIRE,Sapphire Foods India Ltd.,Consumer Services,SAPPHIRE.NS,,,,,missing,,,,,,,missing,,,,,,,missing,False,87.03094696965579,90.16,43.2,30.0,84.6,69.31128409089673,Watch,10.0,5.0,0.0,0.0,0.0,0.0,9.016,0.0,0.0,24.016,Below Watchlist,,,,,,,19.19663320108165,84.6,5,,,,,0,,18.0,0,,,,,🟢,92.80000000000001,🟢,31.330000000000002,28.98,,,,,,,,,31-MAR-2026,ok,,,,,,,NSE500
SAILIFE.NS,1559.9000244140625,10118866.0,-0.5218650748664687,2.7605509397610697,0.41251942589101187,89.31861145642443,0.0,0.0,2.82291887082623,0.6158774138516327,-17.826458843838566,86.8809635623455,2.4376478940789355,26.379321291858517,🟢,accelerating_but_price_moved,2.1863906454160182,4.148337151083229,0.5419217018210141,18.614558084761224,,obv_still_strong,1225278655.448059,30.031700835251513,39.82432035531062,-9.792619520059105,0.0,0.0,145.49994195758268,129.38704836447843,16.112893593104246,1.0,1505.1527187413217,1.0,1617.429142398135,-1.0,1.0,1335.3317875789396,1582.518623430209,1566.3998308181049,1.0,32.82883788826016,0.0,31.77068850985334,56.57573765067312,0.0,17.08543147552495,26.888184297084592,^CNXPHARMA,-6.893875988833999,1.0,1.0,1.3572211570591437,69.74358974358974,0.5540163290678127,0.0,166.76439792274812,99.15160805258444,67.61278987016368,1058.699641888968,901.8136572548009,1.0,SAILIFE,Sai Life Sciences Ltd.,Healthcare,SAILIFE.NS,,,,,missing,,,,,,,missing,,,,,,,missing,False,62.88151400974854,96.4,12.6,75.0,95.0,69.28445420292456,Watch,10.0,10.0,0.0,5.0,0.0,6.5,9.64,0.0,0.0,41.14,Below Watchlist,,,,,🟢,🟢,32.82883788826016,95.0,10,🟢,0.0,0.0,,10,🟢,15.0,0,,0.0,0.0,,,99.6,🟢,27.800000000000004,21.17,,,,,,,,,31-MAR-2026,ok,,,,,,,NSE500
ITCHOTELS.NS,160.52999877929688,132591007.0,0.09971849896904049,-0.12688898354250056,0.14363185139596715,61.30322427406322,0.0,0.0,-0.3787381249618042,0.3311536765390133,4.983435341520774,25.544028386132673,35.759195887930545,-10.81171516193229,,neither,-0.20233576926155156,1.6006575767541207,1.187553597824154,-1.1332120423866776,,no_obv_signal,260507720.36154097,-0.5814185414502617,-1.5364644037675401,0.9550458623172784,0.0,0.0,-3.2110892404048172,-3.344923340247532,0.13383409984271477,1.0,151.7286323997332,1.0,158.39161668931573,1.0,1.0,149.3350725223937,159.31259972938628,159.23957901917439,1.0,3.9147554712924824,0.0,-3.1409365415273505,7.148997277421221,,,,^CNXCONSUM,-29.95989326974807,0.0,0.0,0.8004576854154557,40.0,0.3827382602951965,0.0,-4.623661086138668,0.3476040015474051,-4.971265087686073,175.73482609845303,174.17276694893297,0.0,ITCHOTELS,ITC Hotels Ltd.,Consumer Services,ITCHOTELS.NS,16.542347115313703,28.731266842113556,9.189175573536318,0.0063639685635907915,ok,-42.76315789473684,34.5132743362832,-77.27643223102004,-25.330417725182492,1.6017708512011242,-26.932188576383616,ok,1.3770678201354762,,,,,,missing,False,53.07612849592212,82.6,79.4,85.0,52.800000000000004,69.27283854877663,Watch,5.0,2.5,0.0,5.0,0.0,10.0,8.26,5.0,0.0,35.76,Below Watchlist,,,,,🟢,,3.9147554712924824,52.800000000000004,0,,0.0,0.0,,0,,7.0,0,,0.0,0.0,,,17.599999999999998,,4.67,0.0,,,,,,,,,31-MAR-2026,ok,,,,,0.0,,NSE500
DRREDDY.NS,1251.9000244140625,96295219.0,0.8499872939075805,-0.038407198959460424,-0.19949245639183863,32.952131336145065,0.0,0.0,-0.5316138438730413,-0.4050637593180664,-14.758229067550044,50.252626615278075,-17.30049527913301,-7.166815798061155,,quiet_but_not_accelerating,0.0007961905596986539,0.2326840972732477,1.0,9.041028746224832,,no_obv_signal,1954684315.3059814,12.734335729128816,3.321304810591047,9.413030918537768,0.0,0.0,-17.934207297865214,-19.538427577734208,1.6042202798689935,1.0,1171.4661813161879,1.0,1213.6457630323941,1.0,-1.0,1327.908863505566,1204.9643135230801,1190.4696828308804,1.0,3.6994734709097012,0.0,-3.4631321497524237,0.0939950029974046,0.0,-14.221736614081903,-18.884333706236912,^CNXPHARMA,-8.421956588594622,1.0,1.0,0.8566016218205615,36.11111111111111,0.9201738510936932,0.0,19.34326143707608,31.19781941582411,-11.85455797874803,1231.5670332805028,1161.9822358568993,0.0,DRREDDY,Dr. Reddy's Laboratories Ltd.,Healthcare,DRREDDY.NS,10.962715603768824,-1.6674294475082507,14.219971829617755,0.20511426472499292,ok,100.75471698113209,-81.74931129476583,182.50402827589792,7.3747372342407065,-13.872209744694505,21.246946978935213,ok,,,,,,,missing,False,52.58324596765077,85.84,94.8,70.0,51.800000000000004,68.93297379029524,Watch,0.0,2.5,0.0,5.0,0.0,10.0,8.584,5.0,0.0,31.084,Below Watchlist,,,,,🟢,🟢,3.6994734709097012,51.800000000000004,0,,0.0,0.0,,0,,25.0,0,,0.0,0.0,,,3.0,,13.19,0.0,,,,,,,,,31-MAR-2026,ok,,,,,20.0,🟢,NSE500
KPIL.NS,,105124913.0,0.014777696415511571,0.11130726011926347,0.04333300502465752,91.78947816111007,0.0,0.0,0.09341170384739879,0.065786376350025,4.124600656143147,83.94913581907981,7.8403423420302545,2.1915162718251446,,quiet_but_not_accelerating,0.09397032442813746,0.14213910774124267,0.6611151984941813,7.242537456182885,,no_obv_signal,210511146.11244506,4.884783991500171,10.139785682408856,-5.255001690908685,0.0,0.0,49.47490229621826,49.42177248741855,0.053129808799710077,1.0,,1.0,,-1.0,1.0,1179.774333231697,1401.926569897254,1401.8164916866472,1.0,13.897548101012143,0.0,5.784809748567521,35.45526534860697,0.0,5.784809748567521,35.45526534860697,FALLBACK_BROAD_INDEX,-4.835698679630751,1.0,1.0,1.0505931095813419,65.07936507936508,0.44742710407376934,0.0,101.50018108458084,96.77600136670875,4.72417971787209,1213.692499006909,1004.8179078204081,1.0,KPIL,Kalpataru Projects International Ltd.,Construction,KPIL.NS,18.399113688068635,33.13348455727893,19.935128072181254,0.455551626363876,ok,185.29741863075196,-28.776978417266186,214.07439704801814,16.690321090043838,8.00901611849941,8.681304971544428,ok,0.6296878302652459,,,,,,missing,True,75.45631735638852,82.0,21.4,75.0,77.0,68.79689520691656,Watch,10.0,10.0,0.0,5.0,0.0,6.5,8.2,0.0,10.0,49.7,Below Watchlist,,,,,🟢,🟢,13.897548101012143,77.0,0,,,,,10,🟢,1.0,15,🟢,,,,,57.599999999999994,,40.410000000000004,10.92,,,,,,,,,31-MAR-2026,ok,,,,,15.0,🟢,NSE500
PAYTM.NS,1683.0,311043146.0,0.4773779372551788,0.6542849785052546,-0.02642193969315258,57.03392252281835,0.0,0.0,0.5249389937852295,0.16545239564686873,4.404429123465514,81.26613314172585,-24.232210618907494,47.43758212877793,🟢,accelerating_but_price_moved,0.5358651141761634,0.7564453258799988,0.7083990023373774,25.31645569620253,,obv_still_strong,7482309752.288867,28.50188766433007,52.4049182769424,-23.903030612612326,0.0,0.0,157.4710877206519,122.74877243432353,34.72231528632837,1.0,1837.8859459837834,-1.0,1713.5306891989414,-1.0,1.0,1424.886793921424,1722.5432579685842,1714.6113431944736,1.0,37.866560657438214,0.0,56.57330874433843,63.58086951894091,,,,^CNXFIN,-9.022110503886632,1.0,1.0,1.5036881100557533,98.01587301587301,0.7622445468596757,0.0,170.42922292085382,118.6059133926334,51.82330952822042,1176.0467684845755,1058.2858347717183,1.0,PAYTM,One 97 Communications Ltd.,Financial Services,PAYTM.NS,2.19736849924399,,3.676695875972792,0.010732559590665169,ok,20.14134275618374,-18.20809248554913,38.34943524173287,8.12720848056537,3.1905195989061075,4.936688881659263,ok,,,,,,,missing,False,80.43187288298643,99.03999999999999,5.2,45.0,96.39999999999999,68.17756186489592,Watch,10.0,5.0,0.0,5.0,0.0,0.0,9.904,0.0,0.0,29.904,Below Watchlist,,,,,🟢,🟢,37.866560657438214,96.39999999999999,15,🟢,0.0,0.0,,10,🟢,13.0,0,,0.0,0.0,,,88.4,,16.6,49.4,,,,,,,,,31-MAR-2026,ok,,,,,10.0,,NSE500
ADANIPORTS.NS,1822.0,892462157.0,0.0432265685926576,-0.029868365207041236,0.025803769093492947,75.5472566537803,0.0,0.0,-0.03733350699470532,0.005273602462699218,1.8125204383718736,89.53973804174132,-13.992481387961021,0.6518643877150732,,quiet_but_not_accelerating,-0.01378771337232884,0.1573211580544601,1.0,7.3975832596522295,,no_obv_signal,3465124198.586212,21.93413178508831,17.7934949528363,4.14063683225201,0.0,0.0,49.52379346817156,55.496443986052554,-5.972650517880993,0.0,1684.5501249885433,1.0,1717.465594833358,1.0,1.0,1569.8220774690587,1779.296040585751,1759.9734007137668,1.0,17.40342415116601,1.0,8.13911420426161,36.63058081908564,1.0,8.13911420426161,36.63058081908564,FALLBACK_BROAD_INDEX,-3.249785087015937,1.0,1.0,1.1339788590282633,56.74603174603175,0.4929512626953436,0.0,150.23466417277314,131.64309166281032,18.591572509962816,1512.3647888508667,1272.1018101980114,1.0,ADANIPORTS,Adani Ports and Special Economic Zone Ltd.,Services,ADANIPORTS.NS,22.929311868949952,34.11377534025834,10.969888662878187,0.6578513669138094,ok,8.719723183391014,2.9202279202279215,5.799495263163093,0.7750349706358416,10.64434458333634,-9.869309612700498,ok,0.8496340762904403,,,,,,missing,False,59.3015398288231,22.439999999999998,89.8,100.0,82.0,68.04846194864693,Watch,5.0,20.0,0.0,5.0,0.0,10.0,2.2439999999999998,5.0,0.0,47.244,Below Watchlist,,🟢,,,🟢,🟢,17.40342415116601,82.0,5,,0.0,0.0,,10,🟢,3.0,5,🟢,0.0,0.0,,,19.400000000000002,,5.24,0.01,5.24,15.58,False,False,0.0,-15.57,,,31-MAR-2026,ok,,,0.0,,0.0,,NSE500
BANDHANBNK.NS,185.30999755859375,783116564.0,1.3157063636868478,0.35963563810389715,0.36323639468461044,90.89518675279228,0.0,0.0,-0.14614182794841893,0.1239663396117781,12.275177300789649,63.30288138588019,27.592305366912093,-8.455151528902627,,neither,0.41534781394774917,1.393111491140662,1.0,7.34293601298317,,no_obv_signal,2327345359.836666,3.2394186924130395,1.7638388015106659,1.4755798909023736,0.0,0.0,0.2890266737181548,1.4945588855499745,-1.2055322118318197,0.0,172.81765128580622,1.0,188.74607070697823,-1.0,-1.0,205.81774938623266,181.65791959618593,178.3109752337151,1.0,12.358421209955958,0.0,-2.6157669474858536,19.745139905,,,,^CNXFIN,-13.760149419739474,0.0,1.0,1.0573287857386524,53.17460317460318,0.6951762674312879,0.0,-2.6235938036254254,-7.193235348336072,4.569641544710646,175.55926531467307,194.45879196777193,0.0,BANDHANBNK,Bandhan Bank Ltd.,Financial Services,BANDHANBNK.NS,4.985449538545983,-17.6959679892861,,0.5592520374930622,partial,-6.042296072507558,158.59375000000003,-164.63604607250758,-1.1741178028313544,5.533041739082882,-6.707159541914236,ok,,,,,,,missing,False,92.7533153634773,35.519999999999996,83.8,45.0,74.4,67.65999460904318,Watch,5.0,2.5,0.0,5.0,0.0,6.5,3.5519999999999996,5.0,0.0,27.552,Below Watchlist,,,,,🟢,🟢,12.358421209955958,74.4,0,,0.0,0.0,,0,,21.0,0,,0.0,0.0,,🟢,20.200000000000003,,15.6,0.0,,,,,,,,,31-MAR-2026,ok,,,,,0.0,,NSE500
BEML.NS,,303402049.0,0.03912065295831261,0.0709302129021711,0.02364650028675244,95.57730285958816,0.0,0.0,0.054583949642093475,0.02786366693870243,14.484940204430512,74.18195118851222,21.395351671075943,17.414408116434377,,neither,0.07035301565237484,0.07859386596349653,0.9012330709846007,14.259105730223286,,no_obv_signal,967023367.1324219,32.673587034363436,40.17709326441936,-7.503506230055926,0.0,0.0,74.737459189746,49.56045396165747,25.177005228088532,1.0,,-1.0,,-1.0,1.0,1644.3336527188542,2039.8550669826113,2020.8638718932762,1.0,22.649575650279328,0.0,21.189192973284744,34.43817569672327,0.0,21.189192973284744,34.43817569672327,FALLBACK_BROAD_INDEX,-9.979936985412262,1.0,1.0,1.0902383091053318,95.23809523809523,0.5859651084145683,0.0,65.7568348602706,81.6721268148122,-15.915291954541601,1792.3146340853243,1547.5758076598993,0.0,BEML,BEML Ltd.,Capital Goods,BEML.NS,4.615607295016644,-3.624933191468571,5.909686384922157,0.10526925738203906,ok,-104.52577175583183,,,-54.317595322628286,65.62537502192436,-119.94297034455263,partial,,,,,,,missing,False,77.49205600085585,98.08,15.6,45.0,89.4,67.61361680025675,Watch,10.0,10.0,0.0,5.0,0.0,0.0,9.808,0.0,0.0,34.808,Below Watchlist,,,,,🟢,🟢,22.649575650279328,89.4,5,,,,,0,,20.0,0,,,,,🟢,43.2,,17.549999999999997,0.0,17.919999999999998,0.0,False,False,-0.370000000000001,0.0,,,31-MAR-2026,ok,,,0.0,,0.0,,NSE500
LLOYDSME.NS,1902.199951171875,86187175.0,0.009879703889954926,-0.04725980037299291,0.20655466635799932,90.57435139818087,0.0,0.0,0.05458743219524516,0.1338960952603792,6.181875478188108,80.17248949458462,10.401861903596242,5.070698493142345,,quiet_but_not_accelerating,-0.08425750645094209,0.6355648904694795,-0.7010833001466681,-7.07376887289326,,no_obv_signal,599178311.9841309,-1.0275382243353306,-12.168766558887452,11.141228334552121,0.0,0.0,87.78252030814565,110.69951995684686,-22.916999648701207,0.0,1754.7503338335462,1.0,1801.4052686756756,1.0,1.0,1730.8652218840043,1845.7801831465977,1841.008773965374,1.0,23.30164226009788,0.0,11.048430129612674,62.58612266891434,,,,^CNXMETAL,-9.470778822787155,1.0,1.0,1.0081125931766566,44.047619047619044,0.38430881719681903,0.0,245.83917797205595,202.55705241374838,43.28212555830757,1478.2008025895523,1148.9313394347046,1.0,LLOYDSME,Lloyds Metals And Energy Ltd.,Metals & Mining,LLOYDSME.NS,71.3626430467891,,19.375871136586433,1.4935133938773937,ok,37.32694355697549,81.80058083252662,-44.47363727555113,22.120715854140443,38.657591120274525,-16.536875266134082,ok,,,,,,,missing,False,59.5310229893633,8.4,95.8,100.0,89.8,67.379306896809,Watch,10.0,5.0,0.0,5.0,0.0,10.0,0.8400000000000001,5.0,0.0,35.84,Below Watchlist,,,,,🟢,🟢,23.30164226009788,89.8,5,,0.0,0.0,,10,🟢,4.0,0,,0.0,0.0,,,62.4,,1.6500000000000001,0.0,,,,,,,,,31-MAR-2026,ok,,,,,0.0,,NSE500
IIFL.NS,,354626968.0,0.0710848171285201,0.08293358076841997,0.17404342819835178,90.84401756110948,0.0,0.0,0.11277100589920448,0.2526379610294881,11.144484100749551,64.92700643251524,25.91701112859424,22.24607384767605,,neither,0.032888894718671305,0.7722435066149159,0.1865565437038383,-1.5957804658171981,,no_obv_signal,1618569715.4564178,-3.326710853879149,-2.7721291395216965,-0.5545817143574525,0.0,0.0,32.12109708700541,31.56076613251337,0.5603309544920414,1.0,,-1.0,,-1.0,1.0,521.3090236531276,611.2363425831908,614.8861154169695,0.0,17.886786283450082,0.0,23.925423007212032,27.716702792421955,,,,^CNXFIN,-14.108270613957208,0.0,1.0,1.137538850193454,60.71428571428571,0.7208516126823178,0.0,36.70518957973894,22.505613673094032,14.19957590664491,510.6056510245171,461.88978519895704,1.0,IIFL,IIFL Finance Ltd.,Financial Services,IIFL.NS,13.583804322046312,3.445850747445389,,5.002574720042299,partial,15.014577259475208,26.45161290322582,-11.43703564375061,4.67839919834659,4.67418382063721,0.004215377709379631,ok,4.117728839683261,,,,,,missing,False,79.02540614638832,84.4,54.400000000000006,30.0,82.19999999999999,67.07762184391649,Watch,10.0,5.0,0.0,0.0,0.0,0.0,8.440000000000001,0.0,0.0,23.44,Below Watchlist,,,,,,🟢,17.886786283450082,82.19999999999999,5,,,,,10,🟢,32.0,0,,,,,🟢,75.4,,4.22,28.16,,,,,,,,,31-MAR-2026,ok,,,,,0.0,,NSE500
SHYAMMETL.NS,,129090890.0,-0.16745184966252702,0.05025180161497357,0.09017847415639545,74.99157870239983,0.0,0.0,0.09140959107237198,0.10383322385519704,1.534877694742161,89.32952470630862,-14.337946003908783,12.746936039788315,,neither,0.0754503761913545,0.18131827905827216,0.8075667911551333,4.817468959576354,,no_obv_signal,565418143.7910278,13.983776659449632,15.817684454765143,-1.8339077953155112,0.0,1.0,52.39954583608744,48.353136057194675,4.046409778892766,1.0,,1.0,,-1.0,1.0,917.0029070612184,1083.6743241690588,1074.5651868224322,1.0,20.803421148239533,0.0,19.854155949273355,42.44636495645777,0.0,19.854155949273355,42.44636495645777,FALLBACK_BROAD_INDEX,-3.3550457603584793,1.0,1.0,1.1571017512012443,83.33333333333334,0.5821219163027941,0.0,94.23792049989106,84.27338811101865,9.964532388872414,892.6537705223147,727.3579414421649,1.0,SHYAMMETL,Shyam Metalics and Energy Ltd.,Capital Goods,SHYAMMETL.NS,,,,,missing,,,,,,,missing,,,,,,,missing,False,50.377052545839945,90.52000000000001,37.6,75.0,87.0,66.90711576375199,Watch,10.0,10.0,0.0,5.0,0.0,6.5,9.052000000000001,0.0,0.0,40.552,Below Watchlist,,,,,🟢,🟢,20.803421148239533,87.0,5,,,,,10,🟢,16.0,0,,,,,,62.8,,1.63,3.09,,,,,,,,,31-MAR-2026,ok,,,,,,,NSE500
NUVOCO.NS,,163472504.0,0.038885663264149134,0.028627384436974528,0.4034787948329043,93.04571559093493,0.0,0.0,0.4874687483478024,0.6440033699439299,136.47440057625326,29.489291598023065,63.55642399291187,7.134641671048891,,quiet_but_not_accelerating,0.05082109570386652,1.7483088294893694,0.07932747272833854,-6.686713999789906,,price_not_rising,134757610.8153778,0.17765072048069896,-0.28061824247121653,0.4582689629519155,0.0,0.0,0.17600286714730373,-0.38213656069929175,0.5581394278465954,1.0,,1.0,,-1.0,-1.0,364.9059004089879,331.7411745363919,331.2898729614532,1.0,10.37686515966098,0.0,12.377006451546958,11.789327805474969,0.0,12.377006451546958,11.789327805474969,FALLBACK_BROAD_INDEX,-24.719879517435206,0.0,0.0,0.8907357703408089,32.142857142857146,0.5907701118014045,0.0,-11.68036704591401,-8.53748991618222,-3.14287712973179,341.61655652287556,367.56709304142834,0.0,NUVOCO,Nuvoco Vistas Corporation Ltd.,Construction Materials,NUVOCO.NS,2.6906249176966046,182.96854089736354,6.239655113751218,0.5262183269252177,ok,13.451776649746188,185.50724637681162,-172.05546972706543,-5.384138504573977,22.414642001725117,-27.798780506299096,ok,0.16194213417606673,,,,,,missing,False,72.75600045682722,84.28,77.60000000000001,30.0,69.39999999999999,66.73280013704817,Watch,10.0,10.0,0.0,5.0,0.0,6.5,8.428,0.0,0.0,39.928,Below Watchlist,,,,,🟢,,10.37686515966098,69.39999999999999,0,,,,,0,,1.0,15,🟢,,,,🟢,94.0,🟢,17.87,4.88,,,,,,,,,31-MAR-2026,ok,,,,,0.0,,NSE500
DEVYANI.NS,130.72000122070312,785286110.0,0.03831210134661157,0.18456734215187243,0.23712514245850827,92.60005855710483,0.0,0.0,0.2616098525761305,0.24120458899622899,78.65506302734642,46.83084976710324,45.76920879000159,17.374515575932282,,neither,0.039509760807831584,0.5945599651022592,0.0849631060256641,14.485900220108494,,obv_still_strong,227562856.46308365,-0.4066670852149059,0.9241826945231437,-1.3308497797380496,0.0,0.0,4.041860610213291,2.2218802590224787,1.8199803511908126,1.0,144.28195968571293,-1.0,136.15072828147777,-1.0,1.0,114.52505386596086,136.2313721843792,137.3170476321484,0.0,17.12532223642788,0.0,24.13143492224914,25.3817400774756,,,,^CNXCONSUM,-23.88494407850342,0.0,0.0,0.9920229841748512,78.17460317460318,0.6029067061990637,0.0,-12.263397512987183,-11.529321014047264,-0.7340764989399187,138.34735369091783,148.99754355329745,0.0,DEVYANI,Devyani International Ltd.,Consumer Services,DEVYANI.NS,23.291113531980614,,4.309565347521138,2.4534258818462833,ok,,0.0,,9.997759005388131,-0.28003389555256203,10.277792900940693,partial,,,,,,,missing,False,81.22002049498668,86.44,44.800000000000004,30.0,81.39999999999999,66.584006148496,Watch,10.0,5.0,0.0,0.0,0.0,0.0,8.644,0.0,0.0,23.644,Below Watchlist,,,,,,,17.12532223642788,81.39999999999999,5,,0.0,0.0,,0,,19.0,0,,0.0,0.0,,🟢,83.2,,15.36,6.13,,,,,,,,,31-MAR-2026,ok,,,,,5.0,,NSE500
PINELABS.NS,171.5500030517578,298314896.0,4.077825580115429,1.6881123064739034,0.13889016476720772,72.7401689930232,0.0,0.0,1.2842729226630545,0.36333364474891494,,29.756530782159203,42.983638210864,9.434810578713648,🟢,accelerating_but_price_moved,1.98379747081477,4.451157476253659,0.9586519145220128,23.443909868945912,,obv_still_strong,9276496668.412512,3.6859885054407187,6.353769822765184,-2.667781317324465,0.0,0.0,-1.5884913875813425,-7.009543688058058,5.421052300476716,1.0,199.4201796258088,-1.0,176.84570676698107,-1.0,1.0,128.0463870677732,180.61612438247883,179.06368959015413,1.0,10.772822872979186,0.0,14.086937610432958,3.2325830406970457,,,,^CNXFIN,-31.623419239867935,0.0,0.0,,,,,-24.537076756808375,-17.850282597565748,-6.686794159242627,200.74086416685896,225.34750478445463,0.0,PINELABS,Pine Labs Ltd.,Financial Services,PINELABS.NS,26.041196625502728,,3.62204801696102,0.0747445894348315,ok,-66.66666666666666,34.21052631578947,-100.87719298245614,5.197641718176757,-5.879586709124377,11.077228427301133,ok,,,,,,,missing,False,89.77905914755812,91.47999999999999,31.2,30.0,70.39999999999999,66.46971774426744,Watch,10.0,5.0,0.0,5.0,,0.0,9.148,0.0,0.0,29.148,Below Watchlist,,,,,🟢,,10.772822872979186,70.39999999999999,0,,0.0,0.0,,0,,16.0,0,,0.0,0.0,,,96.6,🟢,8.88,4.8,,,,,,,,,31-MAR-2026,ok,,,,,5.0,,NSE500
SUPREMEIND.NS,,30705004.0,-0.03605287359326362,0.020998580661029168,0.04370596204620866,73.09694345087667,0.0,0.0,0.09834050001938568,0.022041804030511754,11.649717798891366,32.13556457212937,40.9613788787473,9.57420315679791,🟢,accelerating_but_price_moved,-0.028396149774816616,0.29973288545950866,-0.13294577519420786,1.1532167869176435,,no_obv_signal,546588995.3807739,-6.818303903271499,-13.619241331201493,6.800937427929995,0.0,0.0,-27.207651159943453,-42.88954370180625,15.681892541862794,1.0,,1.0,,1.0,-1.0,3873.655358457339,3477.755600161771,3480.577487126227,0.0,4.298973905034749,0.0,8.00425379140468,-8.275435662474672,0.0,8.00425379140468,-8.275435662474672,FALLBACK_BROAD_INDEX,-17.106450858190385,0.0,0.0,0.9501306148639972,79.76190476190477,0.49185688048489445,0.0,-126.30607829742121,-73.65921209083281,-52.6468662065884,3705.772877826782,3587.26644636852,0.0,SUPREMEIND,Supreme Industries Ltd.,Capital Goods,SUPREMEIND.NS,,,,,missing,,,,,,,missing,,,,,,,missing,False,53.36393020780683,96.03999999999999,93.0,40.0,54.400000000000006,65.32717906234205,Watch,10.0,5.0,0.0,0.0,0.0,10.0,9.604,0.0,0.0,34.604,Below Watchlist,,,,,,,4.298973905034749,54.400000000000006,0,,,,,0,,21.0,0,,,,,🟢,48.199999999999996,,10.8,0.0,,,,,,,,,31-MAR-2026,ok,,,,,,,NSE500
EMCURE.NS,,12945236.0,1.1630073492971158,0.261368614150744,0.7235027847986025,98.92708213151045,0.0,0.0,0.23469363596704793,0.33957810779062286,3.1125755851357697,88.98601955220401,9.941062579306433,4.436295005288748,,quiet_but_not_accelerating,0.28602329660587483,3.089517571659015,1.0,1.0806013527646652,,no_obv_signal,390620217.38109744,16.230800681743403,18.616172801283767,-2.3853721195403637,0.0,1.0,94.11767175219711,98.98238195485013,-4.864710202653015,0.0,,1.0,,-1.0,1.0,1625.166812213934,1954.7100722025182,1943.7154217705354,1.0,14.68292704646205,0.0,8.484247175033266,31.644273732071724,0.0,-4.148546390482233,6.662147239638538,^CNXPHARMA,-4.056138855296046,1.0,1.0,1.0051758753912006,30.952380952380953,0.41878720712727585,0.0,153.75288480794052,95.74434073485999,58.00854407308053,1575.15852791109,1432.6613461257339,1.0,EMCURE,Emcure Pharmaceuticals Ltd.,Healthcare,EMCURE.NS,15.772960321617902,20.218551362676564,25.100978204426482,0.3073194274299641,ok,20.716510903426794,5.592105263157892,15.124405640268902,4.484101934524111,4.494435742579368,-0.010333808055256632,ok,1.720686580158356,,,,,,missing,True,94.64447874602865,24.12,33.6,75.0,78.0,64.9573436238086,Watch,10.0,7.5,0.0,5.0,0.0,6.5,2.412,0.0,10.0,41.412,Below Watchlist,,,,,🟢,🟢,14.68292704646205,78.0,0,,,,,10,🟢,14.0,0,,,,,,85.8,,4.9399999999999995,0.0,,,,,,,,,31-MAR-2026,ok,,,,,5.0,,NSE500
AJANTPHARM.NS,3557.5,31124429.0,-0.05273159726880502,0.01148132417809247,0.10258225794064478,88.24156463774175,0.0,0.0,0.040989493715002066,0.11061109413596805,1.6239563758179534,88.33592642472357,-0.09436178698182118,4.8905800160738755,,quiet_but_not_accelerating,-0.04028761618609302,0.20640158531445205,-0.3954929040291247,3.6041157187736816,,no_obv_signal,270379302.9759399,5.917381150535675,5.987214536594467,-0.06983338605879208,0.0,0.0,178.17656917277736,180.6889786563296,-2.512409483552233,0.0,3461.6894054713744,1.0,3489.572173906946,1.0,1.0,3113.43274452466,3540.214788041775,3537.6312658874317,1.0,15.287615973105067,1.0,11.82815524368548,23.485237942136038,0.0,-0.6345951752401824,0.07181102942575013,^CNXPHARMA,-4.321982499118338,1.0,1.0,0.9642585263649066,40.87301587301587,0.3772630358540919,0.0,310.12155658631673,239.12407491834222,70.99748166797451,2910.848852279313,2435.3464845032063,1.0,AJANTPHARM,Ajanta Pharmaceuticals Ltd.,Healthcare,AJANTPHARM.NS,13.40475116851425,21.553402889692585,29.409865607110223,0.05746958863199097,ok,25.210871602624174,-2.6015518028297593,27.812423405453934,14.372133592189302,3.4040324692327837,10.968101122956519,ok,1.8326648558539234,,,,,,missing,False,55.86454762320961,30.479999999999997,68.0,100.0,78.60000000000001,64.84536428696289,Watch,10.0,12.5,0.0,5.0,0.0,10.0,3.0479999999999996,5.0,0.0,45.548,Below Watchlist,,🟢,,,🟢,🟢,15.287615973105067,78.60000000000001,0,,0.0,0.0,,10,🟢,13.0,0,,0.0,0.0,,,55.800000000000004,,15.22,8.260000000000002,18.099999999999998,7.68,False,True,-2.8799999999999972,0.5800000000000018,,,31-MAR-2026,ok,,🟢,5.0,,15.0,🟢,NSE500
ANTHEM.NS,,45145329.0,0.3375575969919543,0.4851449811691439,0.23596018263745966,90.5926744970864,0.0,0.0,0.40786434734968724,0.3034804122564424,13.688737246177551,70.92170729240685,19.670967204679556,9.819351688508071,,neither,0.4437093463907322,0.5406104649926474,0.9099168377499474,8.50330814582765,,obv_still_strong,867785806.8857911,-2.636992047717513,7.207280975931795,-9.844273023649308,0.0,0.0,45.70524920813125,43.204760119523904,2.5004890886073454,1.0,,-1.0,,-1.0,1.0,788.6860735364147,893.1798608041396,901.8684773006113,0.0,15.401005066384139,0.0,17.994440337203056,37.36673056044793,0.0,4.254202049395062,11.298653754483157,^CNXPHARMA,-11.140114174870376,0.0,1.0,1.2262440587091714,,0.6140192351287613,,18.19009616540427,-1.7206638741112306,19.9107600395155,759.5570390977048,752.95018439918,1.0,ANTHEM,Anthem Biosciences Ltd.,Healthcare,ANTHEM.NS,26.20007469781338,15.389575203384464,26.7685083271684,0.017723489375240754,ok,-36.82634730538922,103.65853658536585,-140.48488389075507,-31.545496061007327,44.37874716710032,-75.92424322810766,ok,5.677472239830558,,,,,,missing,True,90.93743607398025,87.88,12.4,30.0,78.8,64.53723082219408,Watch,10.0,10.0,0.0,0.0,,0.0,8.787999999999998,0.0,10.0,38.788,Below Watchlist,,,,,,🟢,15.401005066384139,78.8,0,,,,,10,🟢,22.0,0,,,,,🟢,89.0,,10.12,1.28,11.15,2.58,False,False,-1.0300000000000011,-1.3,,,31-MAR-2026,ok,,,0.0,,0.0,,NSE500
GABRIEL.NS,1303.9000244140625,178547989.0,0.1996491277483856,0.040769023572180034,0.06840117981131577,91.38919211076664,0.0,0.0,0.0745944393616747,0.08839820353533692,19.62077821132904,63.23540010627659,28.15379200449005,5.430304487521154,,quiet_but_not_accelerating,0.04020615009517238,0.15640427819790476,0.47463194310172496,-9.377323301013952,,no_obv_signal,920677330.1612732,-7.8141429350694125,-9.097567235201748,1.283424300132335,0.0,0.0,82.07434736385835,93.15608482687621,-11.08173746301786,0.0,1255.7768758319044,1.0,1381.9324674597265,-1.0,1.0,1196.5982635132668,1356.771325344467,1362.2259309859,0.0,20.807365625847954,0.0,8.010375099171775,57.63675885177524,,,,^CNXAUTO,-17.704990984687257,0.0,0.0,1.2283594744907087,65.47619047619048,0.4786771531951808,0.0,214.89423446962348,191.42253034696236,23.471704122661123,1014.4520168983605,705.1692382311714,1.0,GABRIEL,Gabriel India Ltd.,Automobile and Auto Components,GABRIEL.NS,16.261331300290948,23.969951623418396,22.787152570220965,0.1082144592309013,ok,30.885529157667378,21.522309711286084,9.363219446381294,17.86468671693702,2.6247692286808024,15.239917488256216,ok,3.217469572389626,,,,,,missing,True,79.44621723876831,16.32,82.19999999999999,60.0,87.2,64.5078651716305,Watch,10.0,5.0,0.0,0.0,0.0,6.5,1.6320000000000001,0.0,10.0,33.132000000000005,Below Watchlist,,,,,,,20.807365625847954,87.2,5,,0.0,0.0,,10,🟢,10.0,0,,0.0,0.0,,🟢,58.599999999999994,,12.02,0.0,,,,,,,,,09-JUN-2026,ok,,,,,10.0,,NSE500
GLAXO.NS,2783.800048828125,33291615.0,0.05887276928538364,0.19725005198162276,0.0462802363513466,98.91602730282472,0.0,0.0,0.18962578269253705,0.0867408264376347,10.594983421262583,67.84291574787417,31.073111554950543,13.610578025311582,🟢,accelerating_but_price_moved,0.18783360014127,0.2624879956150303,0.7155892965739669,4.835435384743536,,no_obv_signal,219990306.07087404,1.2982642030538045,15.138711884455546,-13.840447681401741,0.0,0.0,125.96183846591748,98.8370201155145,27.124818350402975,1.0,3037.586840644323,-1.0,2961.7710637625487,-1.0,1.0,2483.681467600796,2844.987661583534,2854.5952457067924,0.0,13.154825044454533,0.0,24.64063431994021,21.622317926372148,0.0,10.74999010604747,-1.4378899104373621,^CNXPHARMA,-10.385007199885193,0.0,1.0,1.3365445413610286,94.84126984126983,0.7269998621595927,0.0,121.83083541132828,123.98740192533472,-2.1565665140064425,2531.773730430953,2222.015458055846,0.0,GLAXO,Glaxosmithkline Pharmaceuticals Ltd.,Healthcare,GLAXO.NS,5.676127654745189,19.264524638602687,55.3586029285005,0.014674078813689538,ok,-14.634146341463408,-6.017191977077369,-8.61695436438604,-5.712850396865267,-4.413883179993469,-1.298967216871798,ok,2.4163429346563094,,,,,,missing,False,85.54060955598865,98.32,9.0,30.0,75.8,64.0461828667966,Watch,10.0,7.5,0.0,0.0,0.0,0.0,9.831999999999999,0.0,0.0,27.332,Below Watchlist,,,,,,🟢,13.154825044454533,75.8,0,,0.0,0.0,,0,,29.0,0,,0.0,0.0,,🟢,69.8,,4.73,0.0,,,,,,,,,31-MAR-2026,ok,,,,,0.0,,NSE500
SWANCORP.NS,284.04998779296875,561722777.0,0.5314051119560342,0.17689714530483736,0.058574753932337326,94.14448761921464,0.0,0.0,0.1136178843718048,0.08012480606066613,59.913910914228126,3.566810204072747,90.57767741514189,-9.334722246844896,,neither,0.23188071271892882,0.23188071271892882,1.0,-7.67046159065411,,no_obv_signal,1119965557.5143065,-1.7750244064478125,-1.8125018583512076,0.03747745190339513,0.0,0.0,-18.960719709179727,-20.654902257581742,1.694182548402015,1.0,273.62330002631217,1.0,292.7583294960489,-1.0,-1.0,347.8733624242499,292.6905241659755,293.7366818771402,0.0,-4.366262611308554,0.0,-3.842451750190967,-11.428837899379296,0.0,-3.842451750190967,-11.428837899379296,FALLBACK_BROAD_INDEX,-40.83066493103708,0.0,0.0,0.6654729591009753,39.682539682539684,0.2862173454010423,0.0,-44.637491077538414,-25.989190641273417,-18.648300436264996,384.0474872427451,383.1502201961301,0.0,SWANCORP,Swan Corp Ltd.,Chemicals,SWANCORP.NS,,,,,missing,,,,,,,missing,,,,,,,missing,False,89.52057066672512,86.19999999999999,71.8,30.0,21.0,64.01617120001754,Watch,10.0,0.0,0.0,0.0,0.0,6.5,8.62,0.0,0.0,25.119999999999997,Below Watchlist,,,,,,,-4.366262611308554,21.0,0,,0.0,0.0,,0,,10.0,0,,0.0,0.0,,🟢,62.6,,4.96,10.42,,,,,,,,,31-MAR-2026,ok,,,,,,,NSE500
PATANJALI.NS,371.3999938964844,255482074.0,1.8842632917992743,0.2223803277054642,-0.15960425540443562,43.04619948895226,0.0,0.0,-0.3307140882980039,-0.39247836934387564,30.729491552897592,13.994724821000345,29.051474667951915,-9.052269834338844,,neither,0.37916516880424184,0.37916516880424184,1.0,5.4260108176998,,no_obv_signal,2022157565.7320938,11.46068485399553,8.297218268310765,3.163466585684766,0.0,0.0,-28.51983832586825,-35.14287391003604,6.623035584167788,1.0,418.91787334233413,-1.0,398.5548718790106,-1.0,1.0,319.2324117028246,383.2060801917442,372.54894253560417,1.0,-3.8814699131392314,0.0,-4.4877379185664035,-19.889611761235404,,,,^CNXFMCG,-38.25616322973826,0.0,0.0,1.0026839819033875,88.4920634920635,0.3169586760740115,0.0,-36.6836183365545,-10.430807988879275,-26.25281034767523,470.5107946986217,468.3483825695069,0.0,PATANJALI,Patanjali Foods Ltd.,Fast Moving Consumer Goods,PATANJALI.NS,8.70939109234432,26.969773350009653,11.28056306646467,0.21295059684551434,ok,-11.559633027522933,228.3132530120482,-239.8728860395711,6.408920833982594,17.798399459361875,-11.38947862537928,ok,0.7169884874094827,,,,,,missing,False,74.81616982113329,92.68,87.4,30.0,23.599999999999998,63.63085094633999,Watch,0.0,0.0,0.0,5.0,0.0,0.0,9.268,0.0,0.0,14.268,Below Watchlist,,,,,🟢,,-3.8814699131392314,23.599999999999998,0,,0.0,0.0,,0,,16.0,0,,0.0,0.0,,🟢,3.2,,2.25,9.2,,,,,,,,,31-MAR-2026,ok,,,,,0.0,,NSE500
CONCORDBIO.NS,1410.699951171875,57513987.0,0.07121910211191303,0.08018110041061861,0.4567960340150936,98.75886897820281,0.0,0.0,0.06374923856907776,0.24615176032020264,134.7706250464235,63.88792278405059,34.870946194152225,10.853509714840648,,neither,0.06698297460299936,1.876049242942154,0.7320882037388723,-0.7108739660151686,,no_obv_signal,234954364.37462768,-0.9262999572736135,11.502585893940262,-12.428885851213876,0.0,0.0,60.375030130507184,48.973441550101796,11.401588580405388,1.0,1579.9512614323512,-1.0,1467.351065684289,-1.0,1.0,1158.441669111347,1465.203148687034,1472.4901605886962,0.0,18.69980999555732,0.0,18.55071023205963,30.518695933627637,0.0,5.338760965893363,5.771689741549757,^CNXPHARMA,-13.871052680807228,0.0,1.0,1.1275849043709203,99.20634920634922,0.5572397188056435,0.0,-50.19063872829497,-41.26711661509455,-8.92352211320042,1392.2342260355924,1356.625118584438,0.0,CONCORDBIO,Concord Biotech Ltd.,Healthcare,CONCORDBIO.NS,8.000025806330079,2.8109097792938575,16.698337085179,0.0011480067561655167,ok,0.0,39.144736842105274,-39.144736842105274,-21.03492521457951,17.39363349005998,-38.428558704639485,ok,18.839073879241713,,,,,,missing,False,81.56560414237097,94.84,10.4,30.0,83.39999999999999,63.5076812427113,Watch,10.0,10.0,0.0,0.0,0.0,0.0,9.484,0.0,0.0,29.484,Below Watchlist,,,,,,🟢,18.69980999555732,83.39999999999999,5,,0.0,0.0,,0,,27.0,0,,0.0,0.0,,🟢,72.2,,4.3,7.8,,,,,,,,,31-MAR-2026,ok,,,,,0.0,,NSE500
USHAMART.NS,498.8999938964844,324513166.0,-0.025644862878359584,0.03484757707654409,0.0609906191898103,91.85351282126724,0.0,0.0,0.03601429025061426,0.05342574973757785,6.190093778665435,75.99416757186167,15.859345249405578,1.1567968699966347,,quiet_but_not_accelerating,0.034562813301050266,0.12737521338796634,0.761751934215152,1.3505613229620073,,no_obv_signal,563147975.2385299,4.40908896695737,4.17348719246115,0.23560177449622,0.0,0.0,15.773071680246119,17.040804862745375,-1.2677331824992564,0.0,484.44948751322954,1.0,518.1230157866736,-1.0,1.0,422.8562354964204,511.2376822140753,507.6637619392944,1.0,12.887476630525242,0.0,9.397301179202078,28.15698359617338,0.0,9.397301179202078,28.15698359617338,FALLBACK_BROAD_INDEX,-6.756376922014281,1.0,1.0,1.0345320003572738,36.904761904761905,0.47420837246179953,0.0,47.29924268010541,42.753996659939595,4.545246020165813,429.24929746865325,344.52084905341246,1.0,USHAMART,Usha Martin Ltd.,Capital Goods,USHAMART.NS,,,,,missing,,,,,,,missing,,,,,,,missing,False,62.848729487443535,34.559999999999995,75.2,75.0,75.2,63.32661884623306,Watch,10.0,10.0,0.0,5.0,0.0,6.5,3.4559999999999995,0.0,0.0,34.956,Below Watchlist,,,,,🟢,🟢,12.887476630525242,75.2,0,,0.0,0.0,,10,🟢,19.0,0,,0.0,0.0,,,44.4,,12.46,0.0,,,,,,,,,31-MAR-2026,ok,,,,,,,NSE500
HYUNDAI.NS,2100.0,74577694.0,0.17302840568209588,0.15084416165332395,0.1875136923446619,99.53879766222109,0.0,0.0,0.24262095343275744,0.5244355776744828,38.068319844206044,45.09304933462109,54.44574832759999,11.259746028313188,,neither,-0.005211808960559881,1.523770375899383,-0.013531136477365426,-2.781008389342532,,price_not_rising,1330899390.2243285,-22.30580663503042,-9.762832605307416,-12.542974029723005,0.0,0.0,43.35595547202638,31.93276595031543,11.423189521710949,1.0,2238.1899218803132,-1.0,2133.2372387187875,-1.0,1.0,1891.3462440265585,2112.382541147352,2136.9044973468526,0.0,9.844121322263065,0.0,18.083726130691048,10.004700343578609,,,,^CNXAUTO,-19.755692204642763,0.0,0.0,1.011341490412256,75.21367521367522,0.3887243618674342,0.0,50.59725904401057,61.777750870719416,-11.180491826708845,2035.965110374227,1943.4068007357996,0.0,HYUNDAI,Hyundai Motor India Ltd.,Automobile and Auto Components,HYUNDAI.NS,5.4950455668095755,4.8712743828827065,32.62312563591464,0.0548369729170366,ok,-29.19093851132686,1.7116524028966411,-30.9025909142235,-12.69888033399015,4.654966685409068,-17.35384701939922,ok,7.424847618334392,,,,,,missing,False,88.42857918177737,94.96000000000001,10.2,30.0,68.0,63.250573754533214,Watch,10.0,5.0,0.0,0.0,0.0,0.0,9.496,0.0,0.0,24.496000000000002,Below Watchlist,,,,,,,9.844121322263065,68.0,0,,0.0,0.0,,0,,16.0,0,,0.0,0.0,,🟢,90.2,🟢,6.23,5.42,,,,,,,,,31-MAR-2026,ok,,,,,0.0,,NSE500
HEROMOTOCO.NS,5208.0,83813334.0,-0.045252084453919365,0.06445451584161296,0.054510506927817344,73.71160767264969,0.0,0.0,0.16488315874167025,0.06772568638924613,19.406812441143124,35.024149649429575,38.68745802322012,10.226858293167718,🟢,accelerating_but_price_moved,-0.06602127950118336,0.4049921938589559,-0.1925310279552592,-3.3048644634236957,,price_not_rising,2701583227.2,-31.100836513667673,-34.43676573377831,3.3359292201106356,0.0,0.0,62.2359362626903,57.36559824084813,4.870338021842173,1.0,5541.840905358859,-1.0,5420.875981827077,-1.0,1.0,5007.748138322196,5319.152801635733,5343.663379323326,0.0,5.383462818549256,0.0,15.729600674754884,3.4534286327469577,,,,^CNXAUTO,-15.162414586614206,0.0,0.0,0.8694575078192197,16.26984126984127,0.7839744370050136,1.0,344.27419631474277,385.6130969970974,-41.33890068235462,4919.832914422292,4213.944158814789,0.0,HEROMOTOCO,Hero MotoCorp Ltd.,Automobile and Auto Components,HEROMOTOCO.NS,11.723108913184443,26.895886141440116,31.90830235439901,0.03602809470464144,ok,-3.264298450144007,15.18167456556082,-18.445973015704826,1.1409061909590483,3.935829939087774,-2.7949237481287255,ok,0.7775552696060094,,,,,,missing,False,56.659062685427386,91.12,88.4,30.0,57.4,63.09171880562822,Watch,10.0,5.0,0.0,0.0,10.0,0.0,9.112,0.0,0.0,34.112,Below Watchlist,,,,🟢,,,5.383462818549256,57.4,0,,0.0,0.0,,0,,7.0,0,,0.0,0.0,,🟢,66.2,,13.28,0.01,,,,,,,,,31-MAR-2026,ok,,,,,0.0,,NSE500
MOTHERSON.NS,158.55999755859375,2322833338.0,0.08374740720773129,0.11293578939398213,0.11602005187858118,91.7214520888561,0.0,0.0,0.15323077797620768,0.1300253213171572,6.020890189820006,82.5687528782935,9.152699210562602,7.2416749675841,,quiet_but_not_accelerating,0.027346276819133642,0.37709592588420937,0.09433846092781147,5.180761232898012,,no_obv_signal,1761500112.0464027,-0.05370523374162417,0.33461263106907124,-0.3883178648106954,0.0,0.0,9.937787862471339,10.464220195496017,-0.5264323330246778,0.0,169.98576172775213,-1.0,165.38047624505728,-1.0,1.0,141.70926691273536,162.20383365550103,162.562238187281,0.0,19.401677957211707,0.0,11.209064686257264,44.37064556486698,,,,^CNXAUTO,-7.101005177689626,1.0,1.0,1.0210505162232872,34.92063492063492,0.505823180808865,0.0,17.551501321325716,12.980684509229903,4.5708168120958135,125.31902940212908,102.04536161495334,1.0,MOTHERSON,Samvardhana Motherson International Ltd.,Automobile and Auto Components,MOTHERSON.NS,,,,,missing,,,,,,,missing,,,,,,,missing,False,81.82250823109963,37.56,58.599999999999994,45.0,85.0,62.598752469329895,Watch,10.0,5.0,0.0,0.0,0.0,0.0,3.7560000000000002,0.0,0.0,18.756,Below Watchlist,,,,,,🟢,19.401677957211707,85.0,5,,0.0,0.0,,10,🟢,24.0,0,,0.0,0.0,,,70.19999999999999,,16.509999999999998,0.0,,,,,,,,,31-MAR-2026,ok,,,,,,,NSE500
CRAFTSMAN.NS,,17708938.0,0.01640196240901783,0.12775646603594115,0.20116512961872393,98.35693981237021,0.0,0.0,0.14053937728988133,0.20151322307431752,10.506269203091934,75.76740947938603,22.589530332984182,12.344001178970787,,neither,0.10824932766223154,0.7230148115766715,0.6622487203271633,4.847218075047288,,no_obv_signal,630034755.05,-2.1559149782424356,101.6283757506849,-103.78429072892733,0.0,0.0,815.3553330573795,803.1770275278847,12.178305529494878,1.0,,-1.0,,-1.0,1.0,9431.492519044285,10870.90443861127,10946.292215794098,0.0,24.280144602370537,0.0,20.379424138541413,59.835978533263166,,,,^CNXAUTO,-11.112986245886423,0.0,1.0,1.4681288646543351,89.28571428571429,0.5374929138556395,0.0,1396.8126759681018,1054.5492283914994,342.2634475766024,7829.266458309898,5989.849518952566,1.0,CRAFTSMAN,Craftsman Automation Ltd.,Automobile and Auto Components,CRAFTSMAN.NS,36.247321265325084,15.627712958486818,13.997169146059548,1.1101143974069103,ok,27.561475409836074,8.685968819599106,18.875506590236967,9.215774344232843,8.220563073572873,0.9952112706599703,ok,3.5006775556554093,,,,,,missing,False,78.74492893432956,95.19999999999999,1.4000000000000001,30.0,90.8,62.493478680298864,Watch,10.0,5.0,0.0,0.0,0.0,0.0,9.519999999999998,0.0,0.0,24.519999999999996,Below Watchlist,,,,,,🟢,24.280144602370537,90.8,10,🟢,,,,10,🟢,15.0,0,,,,,🟢,74.6,,22.55,17.150000000000002,,,,,,,,,18-JUN-2026,ok,,,,,5.0,,NSE500
CRISIL.NS,4464.10009765625,11172452.0,0.04737122649495083,0.22954336849041568,0.09708325101486892,98.45113832028446,0.0,0.0,0.27674706764674756,0.15200757420896688,27.892065069513873,60.36440902953354,38.08672929075092,9.76602518964027,,neither,0.2401589893838205,0.32643484389707145,0.7357026796426955,1.3002699352895553,,price_not_rising,248898043.95876464,-7.5477898810841,17.515364078896564,-25.063153959980664,0.0,0.0,91.19054343162861,59.61361776167479,31.576925669953823,1.0,4848.731475768305,-1.0,4739.531905239197,-1.0,1.0,4008.3392942830833,4571.002194081902,4592.391188414107,0.0,10.571863329907794,0.0,15.709703695848297,14.519706560268443,,,,^CNXFIN,-10.225377339129462,0.0,1.0,1.1581936610382106,100.0,0.7679420789121305,0.0,-4.694413028634699,33.43169446653612,-38.12610749517082,4448.0705221052285,4172.019110144196,0.0,CRISIL,CRISIL Ltd.,Financial Services,CRISIL.NS,9.639068869799017,10.718036765453377,31.037995819759228,0.09784600981064402,ok,-7.210031347962374,-3.39188370684435,-3.818147641118024,1.6763421137227466,-2.2106752221307913,3.887017335853538,ok,3.453335607067619,,,,,,missing,False,85.19789841209956,98.67999999999999,4.3999999999999995,30.0,70.0,62.45536952362987,Watch,10.0,5.0,0.0,0.0,0.0,0.0,9.867999999999999,0.0,0.0,24.868,Below Watchlist,,,,,,🟢,10.571863329907794,70.0,0,,0.0,0.0,,0,,27.0,0,,0.0,0.0,,🟢,79.4,,6.950000000000001,0.0,,,,,,,,,31-MAR-2026,ok,,,,,0.0,,NSE500
ENRIN.NS,3199.0,-11450828.0,0.8566275063802279,0.4405964700084145,0.4767320155219903,57.31758732739719,0.0,0.0,0.35547224948525713,0.5521285492041014,22.198855006477874,61.539911253610754,-4.222323926213562,-13.148536432219505,,neither,-0.02622923962223889,1.9338877263475225,-0.03427489829611095,-0.9842778366819571,,price_not_rising,1120262433.2919922,-22.79209873832542,-40.22302860070765,17.43092986238223,0.0,0.0,26.677605774611038,73.84750045993043,-47.16989468531939,0.0,2972.8090983107695,1.0,3164.312157556402,1.0,1.0,2884.729829233707,3205.332313581624,3212.753320380339,0.0,5.305176095502858,0.0,-5.906372413076499,17.569287927504874,0.0,-5.906372413076499,17.569287927504874,FALLBACK_BROAD_INDEX,-17.383334125676967,0.0,0.0,0.9736569714216364,26.76056338028169,0.4266300629376921,0.0,81.51639495018935,54.47592280364616,27.040472146543195,3143.57315142196,3061.4217728212748,1.0,ENRIN,Siemens Energy India Ltd.,Capital Goods,ENRIN.NS,,,,,missing,,,,,,,missing,,,,,,,missing,False,81.16115556458901,3.84,98.0,70.0,56.99999999999999,62.36634666937671,Watch,10.0,5.0,0.0,0.0,0.0,10.0,0.38399999999999995,0.0,0.0,25.384,Below Watchlist,,,,,,,5.305176095502858,56.99999999999999,0,,0.0,0.0,,10,🟢,32.0,0,,0.0,0.0,,🟢,91.60000000000001,🟢,4.04,0.0,,,,,,,,,31-MAR-2026,ok,,,,,,,NSE500
OIL.NS,,1192588048.0,-0.04140790458447166,0.06843266398335707,0.07969291531698916,92.96643958130525,0.0,0.0,0.08361334142423175,0.07401036064534329,11.788874508168432,60.88472560861793,32.081713972687325,13.61769942188824,,neither,0.06531049648445969,0.18321984423492046,0.6259730984893488,2.638880755122841,,no_obv_signal,1051931722.5730041,-0.2360377438182013,2.20343816995799,-2.4394759137761914,0.0,0.0,6.841032256389042,4.798502121686376,2.042530134702666,1.0,,-1.0,,1.0,1.0,413.0599623155448,476.2823503357031,478.24389232868117,0.0,6.988982290765089,0.0,21.735450658719667,4.047768497475723,,,,^CNXENERGY,-9.52015205150229,1.0,1.0,0.9317960020786565,42.857142857142854,0.739974052442208,0.0,31.52375860429993,35.92262455112467,-4.398865946824742,439.065914115041,362.595590761645,0.0,OIL,Oil India Ltd.,Oil Gas & Consumable Fuels,OIL.NS,-2.0151497655226835,-8.805218667091253,10.128239545999461,0.646190340554457,ok,72.88923315259488,75.64625850340137,-2.7570253508064866,34.54166294533571,11.562660187344914,22.979002757990795,ok,,,,,,,missing,False,64.43825385345684,86.8,33.2,55.0,62.0,61.97147615603705,Watch,10.0,5.0,0.0,0.0,0.0,3.5,8.68,0.0,0.0,27.18,Below Watchlist,,,,,,🟢,6.988982290765089,62.0,0,,,,,0,,9.0,0,,,,,🟢,56.8,,9.31,7.670000000000001,,,,,,,,,31-MAR-2026,ok,,,,,10.0,,NSE500
GRANULES.NS,,251421409.0,0.1592114824007691,0.08278338070310878,0.12958113667354257,93.67725672849889,0.0,0.0,0.025842289972355128,0.11730423322839946,4.623710624517804,85.37029177587931,8.30696495261958,7.344439559634508,,quiet_but_not_accelerating,0.11199836045799787,0.33320188318672767,1.0,2.092453018958551,,no_obv_signal,1273405522.4332855,1.889643771520582,4.433267250658077,-2.543623479137495,0.0,0.0,52.30761445889152,58.72188345052797,-6.4142689916364475,0.0,,1.0,,-1.0,1.0,739.0026199517797,863.9416520163383,864.1024693190562,0.0,19.491933946167528,0.0,17.894976593823042,51.670645222655054,0.0,4.166320678295743,22.88811532809254,^CNXPHARMA,-6.367531524930476,1.0,1.0,1.2767205863138817,52.77777777777778,0.320039417463722,0.0,95.29297745659824,69.51927581621494,25.773701640383294,654.9937748819701,532.9568895806718,1.0,GRANULES,Granules India Ltd.,Healthcare,GRANULES.NS,5.8923873293286855,4.823857567129841,15.217205507044435,0.2973534880565271,ok,-13.48724179829891,32.956381260096926,-46.443623058395836,0.5174859049931009,5.762688495087154,-5.2452025900940535,ok,6.579080447203794,,,,,,missing,False,82.89703985497461,21.599999999999998,31.8,75.0,85.39999999999999,61.76911195649238,Watch,10.0,10.0,0.0,0.0,0.0,6.5,2.1599999999999997,0.0,0.0,28.66,Below Watchlist,,,,,,🟢,19.491933946167528,85.39999999999999,5,,,,,10,🟢,28.0,0,,,,,,53.800000000000004,,2.85,15.310000000000002,,,,,,,,,31-MAR-2026,ok,,,,,0.0,,NSE500
EMAMILTD.NS,381.04998779296875,100683817.0,1.4024286851117018,0.37225534910558156,0.02303923114070765,67.48032593027324,0.0,0.0,0.23226739562629434,0.040202379692663895,49.14634324327241,9.483741280986958,57.99658464928628,-5.75068036160954,🟢,accelerating_quiet_base,0.46612610834375356,0.46612610834375356,1.0,-4.270820379686069,,no_obv_signal,964948141.8729782,-0.28106934615203727,-3.045333095466261,2.7642637493142237,0.0,0.0,-19.399307728500048,-20.30879887543512,0.9094911469350713,1.0,392.26615034320264,-1.0,394.1445404778213,-1.0,-1.0,443.7820207100773,383.05320191073184,381.6776850817167,1.0,-0.30020880938020555,0.0,-1.6807416936953756,-4.893609154278944,,,,^CNXFMCG,-30.353722047772187,0.0,0.0,0.956545492568326,96.42857142857143,0.37806559943750856,0.0,-45.10250478405834,-28.168868201441562,-16.933636582616778,467.67188734851186,498.0776249218911,0.0,EMAMILTD,Emami Ltd.,Fast Moving Consumer Goods,EMAMILTD.NS,3.6642275690297765,6.623502237481871,28.59037429088455,0.055377445694143275,ok,-3.9634146341463388,-55.1912568306011,51.22784219645476,12.334882715382122,-19.682933817209435,32.01781653259155,ok,3.57064059949519,,,,,,missing,False,84.93811407559562,85.0,86.4,0.0,38.800000000000004,61.26143422267869,Watch,10.0,0.0,0.0,5.0,0.0,0.0,8.5,0.0,0.0,23.5,Below Watchlist,,,,,🟢,,-0.30020880938020555,38.800000000000004,0,,0.0,0.0,,0,,8.0,0,,0.0,0.0,,🟢,69.6,,24.709999999999997,8.58,,,,,,,,,31-MAR-2026,ok,,,,,20.0,🟢,NSE500
ASAHIINDIA.NS,,98662754.0,0.016800471952169275,0.034499721606690015,0.08450901004975894,98.01392340511984,0.0,0.0,0.03505607847163875,0.026341210735430543,27.326044368820078,53.56967880557497,44.44424459954487,11.524386567068735,,neither,0.020568836645120304,0.36766548306788094,0.40134392505867295,7.611469207437027,,no_obv_signal,130830009.30503845,4.848148854543638,8.061645077325323,-3.2134962227816857,0.0,0.0,20.85116098007893,15.206032251815394,5.645128728263536,1.0,,1.0,,-1.0,-1.0,1008.2230410574227,956.9957843636258,955.6955070195544,1.0,11.332880468382015,0.0,9.895974479385128,12.960518338189942,,,,^CNXAUTO,-12.278082566848944,0.0,1.0,0.7822638870582818,10.317460317460316,0.5220564327764318,1.0,66.9986551868925,73.06879720842622,-6.070142021533712,846.6562736195422,720.4536115677292,0.0,ASAHIINDIA,Asahi India Glass Ltd.,Automobile and Auto Components,ASAHIINDIA.NS,7.192918913639845,-1.8785988065411985,10.79095217157653,0.5589800843826057,ok,12.49999999999999,33.33333333333334,-20.833333333333353,5.024632771771523,8.613032220000656,-3.5883994482291337,ok,,,,,,,missing,False,72.22487319179194,91.84,28.599999999999998,30.0,72.6,61.215461957537585,Watch,10.0,5.0,0.0,5.0,10.0,6.5,9.184,0.0,0.0,45.684,Below Watchlist,,,,🟢,🟢,🟢,11.332880468382015,72.6,0,,,,,0,,2.0,10,🟢,,,,🟢,39.2,,5.26,0.0,5.2299999999999995,0.0,True,False,0.03000000000000025,0.0,,,31-MAR-2026,ok,🟢,,5.0,,0.0,,NSE500
CHOICEIN.NS,,206810287.0,0.03549843807182548,-0.027951915380271197,0.10845245998477178,92.61652425859718,0.0,0.0,0.025775749689006713,0.13266797886137388,27.204074139980893,64.93336889803061,27.683155360566573,1.570049921547878,,quiet_but_not_accelerating,-0.04365112125829223,0.3560421788500088,-1.0442261039313026,-5.233502836373283,,no_obv_signal,287318585.4879028,-8.40103972446093,-9.627736589135267,1.226696864674338,0.0,0.0,10.550731252408696,15.059221140817746,-4.50848988840905,0.0,,1.0,,1.0,1.0,692.9823337380117,755.5780224757052,761.2114403860811,0.0,10.242198824632412,0.0,10.421815763507958,22.47807335394416,,,,^CNXFIN,-10.984354312568485,0.0,1.0,1.0627716676969357,55.158730158730165,0.45476359752688383,0.0,86.22211695780413,100.76730208070406,-14.545185122899923,688.0191150881853,511.08858695030324,0.0,CHOICEIN,Choice International Ltd.,Financial Services,CHOICEIN.NS,42.19118856101767,53.59624109927967,17.779925796025584,0.5430134072354669,ok,-1.6286644951140006,31.196581196581196,-32.825245691695194,1.1030298874884463,29.708037155409233,-28.605007267920787,ok,1.2874197627439095,,,,,,missing,False,64.62578349050901,25.08,81.8,70.0,69.19999999999999,61.053735047152706,Watch,10.0,5.0,0.0,0.0,0.0,10.0,2.5079999999999996,0.0,0.0,27.508,Below Watchlist,,,,,,🟢,10.242198824632412,69.19999999999999,0,,,,,0,,22.0,0,,,,,🟢,56.99999999999999,,0.29,11.41,,,,,,,,,31-MAR-2026,ok,,,,,0.0,,NSE500
SAGILITY.NS,42.540000915527344,2144522608.0,0.06725176806300838,0.47931222583990996,0.15071923650374786,96.26493718271286,0.0,0.0,0.4772807151089939,0.24628292170803096,32.92729303106927,34.592917952504465,61.67201923020839,8.21683180538293,,neither,0.4861223396273071,0.5455826431879119,0.8910150381376314,-1.7570619672134358,,price_not_rising,562868721.2087657,-0.07062385071056099,0.31035506441743715,-0.38097891512799814,0.0,0.0,0.3897271693903619,0.06961954454677387,0.320107624843588,1.0,46.27841450476769,-1.0,44.1434645547157,-1.0,-1.0,48.815106384390084,44.52432993346708,44.773077540513874,0.0,6.73019149751322,0.0,14.047682496874113,15.469787991212192,0.0,5.720219659353498,17.782991258823166,^CNXIT,-21.802759705597182,0.0,0.0,0.7446439754370087,18.2648401826484,0.3758158505261542,1.0,0.7292157680711,1.1745799757908453,-0.4453642077197453,43.12967752742473,41.18312408538844,0.0,SAGILITY,Sagility Ltd.,Information Technology,SAGILITY.NS,,,,,missing,,,,,,,missing,,,,,,,missing,False,87.6927280139495,83.19999999999999,59.0,0.0,61.199999999999996,60.977818404184845,Watch,10.0,10.0,0.0,0.0,10.0,0.0,8.319999999999999,0.0,0.0,38.32,Below Watchlist,,,,🟢,,,6.73019149751322,61.199999999999996,0,,0.0,0.0,,0,,6.0,0,,0.0,0.0,,🟢,89.60000000000001,,14.540000000000001,10.02,,,,,,,,,31-MAR-2026,ok,,,,,,,NSE500
EIHOTEL.NS,301.8500061035156,291499595.0,0.06905561930778673,0.0049553056190493674,0.16978742836761815,100.0,1.0,1.0,0.004545674467150007,0.02827106623846192,62.743993804302114,23.631831320606,76.368168679394,-5.332566628608992,,quiet_but_not_accelerating,0.017808141988935496,0.5772479949114472,1.0,-7.691129631952409,,no_obv_signal,115186486.05171967,-0.42547322123181175,-1.5150711158620684,1.0895978946302567,0.0,0.0,-7.467140689742109,-7.225498191206791,-0.2416424985353185,0.0,283.0717437868775,1.0,291.3434194308989,1.0,-1.0,347.0674917159002,298.56976623688126,298.08797291554816,1.0,3.255914040693371,0.0,-0.39305378665451807,-2.279856657906143,,,,^CNXCONSUM,-24.024114054379908,0.0,0.0,0.8727153613518002,59.12698412698413,0.49844565677404307,0.0,-7.097657233802465,2.5769807601937162,-9.674637993996182,326.7717718586849,300.06054537959665,0.0,EIHOTEL,EIH Ltd.,Consumer Services,EIHOTEL.NS,13.344248314458484,25.933336268785247,16.228770336100368,0.04796834377778618,ok,-50.78947368421052,-2.313624678663247,-48.475849005547275,-26.614686892607402,2.558168841434774,-29.172855734042177,ok,1.0158532140621495,,,,,,missing,False,73.97999999999999,39.96,80.60000000000001,55.0,50.2,60.806,Watch,20.0,0.0,0.0,5.0,0.0,10.0,3.996,5.0,0.0,43.996,Below Watchlist,🟢,,,,🟢,,3.255914040693371,50.2,0,,0.0,0.0,,0,,1.0,15,🟢,0.0,0.0,,🟢,32.0,,12.809999999999999,0.0,,,,,,,,,31-MAR-2026,ok,,,,,0.0,,NSE500
SAIL.NS,179.4700164794922,4362494662.0,-0.027195179689819667,0.1186429397623132,0.11038387833778221,93.26935029661027,0.0,0.0,0.09675742708011478,0.04154753511988313,10.180900818687395,69.75672631966516,23.512623976945108,4.801429008290925,🟢,accelerating_quiet_base,0.09950949618847045,0.3138175086500074,0.5885824375180247,7.566715753457864,,no_obv_signal,2813640251.35288,0.2657088815508928,0.23795204809229484,0.027756833458597946,0.0,0.0,4.983348519676838,5.418443180470692,-0.4350946607938537,0.0,187.34646091053548,-1.0,177.458972576586,1.0,1.0,159.18713548438626,179.43572738725504,179.41111981997804,0.0,10.917096519940216,0.0,9.379281051329858,20.68747896096852,,,,^CNXMETAL,-11.763554548355767,0.0,1.0,1.1260023960817396,34.523809523809526,0.5011669190919438,0.0,18.222118622873865,14.868454731481465,3.353663891392399,154.13899333721284,130.79174690750907,1.0,SAIL,Steel Authority of India Ltd.,Metals & Mining,SAIL.NS,,,,,missing,,,,,,,missing,,,,,,,missing,False,69.31427260381359,38.28,71.39999999999999,55.0,70.8,60.780281781144076,Watch,10.0,5.0,0.0,0.0,0.0,3.5,3.8280000000000003,5.0,0.0,27.328,Below Watchlist,,,,,,🟢,10.917096519940216,70.8,0,,0.0,0.0,,10,🟢,7.0,0,,0.0,0.0,,🟢,52.6,,8.690000000000001,0.0,,,,,,,,,31-MAR-2026,ok,,,,,,,NSE500
BAJAJHLDNG.NS,,13718791.0,0.022186718246014103,-0.009342772471313954,0.02411341057256835,81.71086332438308,0.0,0.0,0.029919811938311724,0.05172268970013587,21.772707279551536,51.195120572507435,30.51574275187565,3.828936119554993,,quiet_but_not_accelerating,-0.03594606451700768,0.14146165895027002,-0.6039477031171653,-0.9791861279174641,,no_obv_signal,453159602.40004885,-30.138394188494203,-10.315569788664018,-19.822824399830186,0.0,0.0,141.06499298243398,119.01696065003067,22.04803233240331,1.0,,1.0,,-1.0,1.0,9595.81976360483,11047.013191659402,11084.006420732294,0.0,8.697494437003103,0.0,9.571201192833968,16.433174287171525,,,,^CNXFIN,-16.330178944562768,0.0,0.0,0.8328194176156483,69.04761904761905,0.3283541939984434,0.0,341.65273637800783,547.6755780209272,-206.0228416429194,10774.244850854167,9419.790800890905,0.0,BAJAJHLDNG,Bajaj Holdings & Investment Ltd.,Financial Services,BAJAJHLDNG.NS,18.98035290694404,25.71316610223011,,0.00013150955194066814,partial,5.09075194468453,27.704194260485664,-22.613442315801134,18.81434149804757,9.614492060589864,9.199849437457704,ok,0.5434321057331047,,,,,,missing,False,61.57880216353408,97.96,5.6000000000000005,60.0,65.4,60.71564064906023,Watch,10.0,5.0,0.0,0.0,0.0,6.5,9.796,0.0,0.0,31.296,Below Watchlist,,,,,,,8.697494437003103,65.4,0,,,,,0,,10.0,0,,,,,🟢,42.8,,6.9,0.0,7.199999999999999,0.0,False,False,-0.29999999999999893,0.0,,,31-MAR-2026,ok,,,0.0,,5.0,,NSE500
ONESOURCE.NS,,3802039.0,1.6778985596320972,0.12006930038725243,0.5151762277438197,96.6802438304228,0.0,0.0,0.6855034061251335,0.4015992746342459,169.07122608534254,58.23666156126001,38.44358226916279,-2.057916016050032,,quiet_but_not_accelerating,0.3584630282103516,2.8669397609173384,0.37844512709327394,-7.255819253516527,,price_not_rising,580786096.5451844,6.800642581820512,5.292063359274459,1.5085792225460528,0.0,0.0,-14.975494201224137,-10.075045850841112,-4.900448350383025,0.0,,-1.0,,-1.0,1.0,1353.6386687477998,1585.4824777159881,1578.3066662972126,1.0,9.248209032124606,0.0,6.265340663331043,11.06052662723782,0.0,-6.1090652686482505,-10.015423323800231,^CNXPHARMA,-17.144670950819062,0.0,0.0,0.7482112357837719,7.100591715976331,0.3193547824560772,1.0,-15.605467526238272,0.23671483052942666,-15.842182356767697,1632.1825955299785,1626.3742074953066,0.0,ONESOURCE,Onesource Specialty Pharma Ltd.,Healthcare,ONESOURCE.NS,232.38042440864496,,0.4465691348092396,0.25790850016179956,ok,445.0,,,4.858751520841069,47.48811737962389,-42.62936585878282,partial,,,,,,,missing,False,90.93808534064797,24.0,84.0,30.0,66.8,60.7014256021944,Watch,10.0,5.0,0.0,5.0,10.0,0.0,2.4,0.0,0.0,32.4,Below Watchlist,,,,🟢,🟢,,9.248209032124606,66.8,0,,,,,0,,23.0,0,,,,,🟢,93.4,🟢,10.13,17.5,,,,,,,,,31-MAR-2026,ok,,,,,0.0,,NSE500
SIGNATURE.NS,754.4500122070312,40218673.0,0.2428593022788595,0.017641244685923093,0.15377668554932447,89.13557836373657,0.0,0.0,0.23505227537150533,0.18068648185886818,54.52438544486708,9.31066415372558,79.82491421001099,1.8976211952569377,,quiet_but_not_accelerating,0.011084721191642288,0.7769693328506235,0.03512360272157814,-7.253057854154155,,price_not_rising,257409662.20875245,-5.295373728456411,-6.708551432243867,1.413177703787456,0.0,0.0,-32.337009628280725,-36.149786426294405,3.8127767980136795,1.0,818.9589616427666,-1.0,802.8137773115241,-1.0,-1.0,943.274605227704,770.5086347729448,773.7353970678524,0.0,2.644629927099947,0.0,7.415236503687894,-0.39155024706050146,,,,^CNXREALTY,-34.1953761703418,0.0,0.0,0.9242943912313852,54.36507936507936,0.37006905120464517,0.0,-74.9869029231046,-31.142537511784827,-43.84436541131977,939.5488366239874,909.768594017818,0.0,SIGNATURE,Signatureglobal (India) Ltd.,Realty,SIGNATURE.NS,,,,,missing,,,,,,,missing,,,,,,,missing,False,76.3974524273078,89.68,83.39999999999999,0.0,48.4,60.62523572819234,Watch,10.0,2.5,0.0,0.0,0.0,0.0,8.968,0.0,0.0,21.468,Below Watchlist,,,,,,,2.644629927099947,48.4,0,,0.0,0.0,,0,,8.0,0,,0.0,0.0,,🟢,78.60000000000001,,2.64,9.53,,,,,,,,,31-MAR-2026,ok,,,,,,,NSE500
KAJARIACER.NS,,29776332.0,0.00177854762970226,0.13587492335584117,0.2712659680169872,96.25762330905306,0.0,0.0,0.21963807880836964,0.2354725034275384,3.717354511601211,82.61066278711479,13.646960521938269,-0.09493887617797458,,quiet_but_not_accelerating,0.07703457665716297,1.002959145644543,0.2581104253126463,-1.1768256618579498,,price_not_rising,251346085.2791626,-3.154692098832811,-1.1825671489426477,-1.9721249498901634,0.0,0.0,35.22479777789272,39.25518304036903,-4.030385262476315,0.0,,1.0,,-1.0,1.0,1022.8100091199101,1208.6359706989663,1212.522472653879,0.0,13.788959044262478,0.0,5.49999014034801,30.599556185326016,0.0,5.49999014034801,30.599556185326016,FALLBACK_BROAD_INDEX,-5.204665801245832,1.0,1.0,0.928438130109529,49.2063492063492,0.2804466356910915,0.0,9.451930603422397,-16.826902298390692,26.27883290181309,1114.807919923362,1126.6387428759078,0.0,KAJARIACER,Kajaria Ceramics Ltd.,Consumer Durables,KAJARIACER.NS,3.342154665575525,12.108832778792866,20.95174362406127,0.07456663991805793,ok,8.802456499488242,77.63636363636363,-68.83390713687538,-3.2963192194269486,17.555167514080768,-20.851486733507716,ok,2.9010396494633843,,,,,,missing,False,76.49016815816856,26.639999999999997,36.8,75.0,76.8,60.31505044745057,Watch,10.0,10.0,0.0,0.0,0.0,6.5,2.6639999999999997,0.0,0.0,29.164,Below Watchlist,,,,,,🟢,13.788959044262478,76.8,0,,,,,0,,8.0,0,,,,,,81.2,,23.31,10.23,,,,,,,,,31-MAR-2026,ok,,,,,0.0,,NSE500
RADICO.NS,,66407112.0,-0.010854416724365821,-0.01345382057802891,0.15101047443085583,91.3498864614989,0.0,0.0,0.06956456377576926,0.1983393068962998,2.6855344351869865,88.4131833729878,2.936703088511095,15.768682973729842,,neither,-0.06946708770450444,0.3529931161785245,-0.403036767978302,2.5580475549204618,,no_obv_signal,1019036429.9451172,10.386909941186786,7.201345614837583,3.185564326349203,0.0,0.0,348.003243252178,354.5545352210935,-6.551291968915507,0.0,,-1.0,,1.0,1.0,4035.368085085918,4491.497344227065,4486.024084831626,1.0,30.577233414711475,0.0,23.755500852999447,72.88912384651273,,,,^CNXFMCG,-5.379367890923936,1.0,1.0,1.0852182605600167,48.41269841269841,0.3994327111737965,0.0,594.6367352008351,464.0574556430402,130.5792795577949,3251.878314294837,2442.80896672109,1.0,RADICO,Radico Khaitan Ltd,Fast Moving Consumer Goods,RADICO.NS,24.58846679803326,39.98723572869538,23.99058033007446,0.24091705733962301,ok,27.81506338553319,16.003460207612452,11.811603177920738,11.968895388061828,-2.7821512976763145,14.751046685738142,ok,2.194100902479724,,,,,,missing,True,59.312460261524606,21.479999999999997,87.6,55.0,93.8,60.29973807845737,Watch,10.0,5.0,0.0,5.0,0.0,3.5,2.1479999999999997,0.0,10.0,35.647999999999996,Below Watchlist,,,,,🟢,🟢,30.577233414711475,93.8,10,🟢,,,,10,🟢,2.0,10,🟢,,,,,69.19999999999999,,21.33,0.0,,,,,,,,,31-MAR-2026,ok,,,,,10.0,,NSE500
ECLERX.NS,1769.699951171875,61804616.0,-0.10541605924342055,0.009768234919442126,0.04788697501866425,83.40455205705098,0.0,0.0,0.08253231549377141,0.12749511947087652,31.251923070531056,38.81082083517251,44.59373122187847,33.64639278098029,,neither,0.033023040606804575,0.34692300115728364,0.38793395426790517,-4.054127479763514,,no_obv_signal,300788503.3192078,-7.894696799608482,11.383370048379483,-19.278066847987965,0.0,0.0,47.72580943208345,25.89966984317074,21.82613958891271,1.0,1766.272783191218,1.0,1864.4399762391279,-1.0,1.0,1411.9913815227733,1873.9722131728154,1890.2402447761788,0.0,18.57568316421506,0.0,38.746811428328876,23.075945843325663,0.0,38.746811428328876,23.075945843325663,FALLBACK_BROAD_INDEX,-28.41394325528682,0.0,0.0,0.8470955663409641,11.507936507936508,0.6241556324407149,1.0,90.34107210854972,134.5556774195246,-44.21460531097489,1711.729277862552,1451.0569411794074,0.0,ECLERX,eClerx Services Ltd.,Services,ECLERX.NS,,,,,missing,,,,,,,missing,,,,,,,missing,False,50.89159321996784,97.83999999999999,6.4,60.0,83.0,60.24547796599035,Watch,10.0,10.0,0.0,0.0,10.0,6.5,9.783999999999999,0.0,0.0,46.284,Below Watchlist,,,,🟢,,,18.57568316421506,83.0,5,,0.0,0.0,,0,,4.0,0,,0.0,0.0,,🟢,64.4,,22.89,11.82,,,,,,,,,31-MAR-2026,ok,,,,,,,NSE500
HINDZINC.NS,563.2999877929688,483081057.0,0.020846820053277842,0.19467395015804603,0.07506283540346073,84.88690617957474,0.0,0.0,0.15424167028918362,0.026316237591924252,13.533722061603129,43.77451989043617,41.11238628913857,5.655061802171235,🟢,accelerating_quiet_base,0.18164274991775534,0.6364985316890808,0.7537692269794743,4.469579940714841,,no_obv_signal,2478465483.239877,-1.0783715105205829,1.4489298993298005,-2.5273014098503834,0.0,0.0,6.898287091701036,6.755697590529257,0.14258950117177882,1.0,614.7333010613982,-1.0,584.5419716442967,-1.0,1.0,515.0437411256879,580.9771721149582,583.2612965356568,0.0,7.572853491414101,0.0,12.997507771168614,14.751033516363488,,,,^CNXMETAL,-21.123213274324712,0.0,0.0,0.8747175756882845,12.3015873015873,0.42643508697226423,1.0,47.47060473824513,48.73003775676743,-1.2594330185223015,521.6860289783161,433.62033123639685,0.0,HINDZINC,Hindustan Zinc Ltd.,Metals & Mining,HINDZINC.NS,5.61027488857091,9.58395774213101,61.969385129920255,0.39033982942242257,ok,8.648194794290506,28.50753549413737,-19.859340699846868,2.686731799558777,19.431636397854522,-16.744904598295744,ok,1.5603362830223526,,,,,,missing,False,76.58041716285116,82.84,32.0,30.0,63.4,59.85212514885536,Watch,10.0,5.0,0.0,0.0,10.0,0.0,8.284,0.0,0.0,33.284,Below Watchlist,,,,🟢,,,7.572853491414101,63.4,0,,0.0,0.0,,0,,5.0,0,,0.0,0.0,,🟢,61.4,,1.27,0.01,,,,,,,,,31-MAR-2026,ok,,,,,0.0,,NSE500
TVSMOTOR.NS,4091.10009765625,312224479.0,0.00286755709400442,0.000213013260164548,0.007333607032392548,67.32554167504541,0.0,0.0,0.07058499706267637,0.031988037348187705,6.062180625583123,68.28711491821043,-0.9615732431650201,18.219383407722177,🟢,accelerating_but_price_moved,-0.049233052809171424,0.19164211630499703,-0.32309466865090136,-5.147109850769183,,no_obv_signal,2751015149.542578,-26.022805857487583,-22.595225248465827,-3.4275806090217564,0.0,0.0,171.86050222323456,165.6719190070916,6.188583216142973,1.0,4322.513206101822,-1.0,4161.41631780689,-1.0,1.0,3675.1567540334145,4119.957253203429,4144.837155095763,0.0,13.982326891169615,0.0,24.757794805816168,20.348520284943138,,,,^CNXAUTO,-8.39864048302036,1.0,1.0,1.031867223312002,34.92063492063492,0.8126542758903701,0.0,482.30260305902266,452.81152780309947,29.491075255923192,3414.3458934214095,2598.9080070382715,1.0,TVSMOTOR,TVS Motor Company Ltd.,Automobile and Auto Components,TVSMOTOR.NS,,,,,missing,,,,,,,missing,,,,,,,missing,False,55.42393958626589,92.08,27.800000000000004,45.0,77.2,59.79318187587976,Watch,10.0,5.0,0.0,0.0,0.0,0.0,9.208,0.0,0.0,24.208,Below Watchlist,,,,,,🟢,13.982326891169615,77.2,0,,0.0,0.0,,10,🟢,17.0,0,,0.0,0.0,,,45.800000000000004,,14.45,22.57,,,,,,,,,31-MAR-2026,ok,,,,,,,NSE500
SAREGAMA.NS,493.45001220703125,323130126.0,0.07392631021869521,0.04332102786040816,0.5863483385078502,100.0,1.0,1.0,0.07423760111445202,0.5890889422865703,11.516871362445917,74.08084932969808,25.919150670301917,0.13190430806901965,,quiet_but_not_accelerating,0.011434565314475138,2.519762730691648,0.10561194252652399,-5.623020895422027,,no_obv_signal,191974972.3055908,-1.921826437865434,-2.1096342301289286,0.18780779226349464,0.0,0.0,26.574533022687888,29.789120678896566,-3.2145876562086784,0.0,540.0178507462861,-1.0,503.76860305320355,-1.0,1.0,405.2932461267386,495.7476789097074,497.12158340001844,0.0,21.01283620678046,0.0,4.263310184183355,47.850728049233446,,,,^CNXMEDIA,-11.449078114485195,0.0,1.0,1.1552112390364444,62.301587301587304,0.49037198695269474,0.0,7.1070958132182795,-1.965608029681178,9.072703842899458,441.02179608677864,423.4552776177641,1.0,SAREGAMA,Saregama India Ltd,Media Entertainment & Publication,SAREGAMA.NS,,,,,missing,,,,,,,missing,,,,,,,missing,False,79.2,28.439999999999998,74.8,30.0,87.4,59.778,Watch,20.0,5.0,0.0,0.0,0.0,0.0,2.844,0.0,0.0,27.844,Below Watchlist,🟢,,,,,🟢,21.01283620678046,87.4,5,,0.0,0.0,,10,🟢,4.0,0,,0.0,0.0,,🟢,87.6,,2.39,12.18,,,,,,,,,31-MAR-2026,ok,,,,,,,NSE500
ATGL.NS,588.4000244140625,421629595.0,0.5937275530499662,0.18059803420234605,0.4369618257918732,96.45482494895414,0.0,0.0,0.10509478489773436,0.3049192092891309,27.05438101154301,35.43388631576834,61.0209386331858,-19.568035782596194,,neither,0.23032502415732833,0.9948816663057833,1.0,-9.678407646254128,,no_obv_signal,1743474153.9090972,-8.980201453059749,-9.402077101470995,0.4218756484112465,0.0,0.0,-4.243267562102687,8.333785835803019,-12.577053397905706,0.0,577.3850117775858,1.0,607.4645576160724,-1.0,1.0,538.8396360872973,607.9226043480425,613.7595567819678,0.0,-0.14410081650256443,0.0,-15.224348863227,7.168001179378547,,,,^CNXENERGY,-27.202333549654455,0.0,0.0,0.8511819464623813,48.41269841269841,0.4373771523800019,0.0,-80.11255207326872,-111.71562729905173,31.603075225783016,667.2045867471427,909.0474501702242,0.0,ATGL,Adani Total Gas Ltd.,Oil Gas & Consumable Fuels,ATGL.NS,10.409109614490308,6.262183816564049,13.589431049843947,0.5865038922383402,ok,-15.686274509803921,6.250000000000005,-21.936274509803926,12.606439680969933,3.3084552360102166,9.297984444959717,ok,17.950244402387437,,,,,,missing,False,90.85918873213394,14.639999999999999,77.2,60.0,39.4,59.675756619640175,Watch,10.0,2.5,0.0,0.0,0.0,6.5,1.4639999999999997,0.0,0.0,20.464,Below Watchlist,,,,,,,-0.14410081650256443,39.4,0,,0.0,0.0,,0,,14.0,0,,0.0,0.0,,🟢,78.2,,0.15,12.75,0.2,12.76,False,False,-0.05000000000000002,-0.009999999999999787,,,31-MAR-2026,ok,,,0.0,,5.0,,NSE500
POLYMED.NS,,38982546.0,-0.02764397248538051,0.1399076742406582,0.07631538353358981,94.07348948562768,0.0,0.0,0.1359088104529898,0.10011615255430316,36.65813587275066,51.46757705982014,42.60591242580754,-0.7593095468745981,,quiet_but_not_accelerating,0.11103219748357512,0.18836468854308697,0.589453354247855,-1.6283743183130528,,no_obv_signal,242263231.2459839,-9.968136531387472,-4.960657599891361,-5.007478931496111,0.0,0.0,37.10591341878626,33.300322167088964,3.805591251697294,1.0,,-1.0,,-1.0,1.0,1360.9994750643411,1704.2703558385415,1715.3064028280658,0.0,11.776126962719502,0.0,4.950831614960327,33.83392799300602,0.0,-7.2705021256133655,8.436270933457646,^CNXPHARMA,-20.517027027603817,0.0,0.0,0.8812966387938086,53.96825396825397,0.3377177491165897,0.0,-65.76683931178809,-32.353834402084644,-33.413004909703446,1732.1959813249566,1636.6109949590104,0.0,POLYMED,Poly Medicure Ltd.,Healthcare,POLYMED.NS,19.148307364168836,22.713137468943568,13.334006173055174,0.11383008420620012,ok,29.862174578866767,-6.5808297567954215,36.44300433566219,-1.709205827976728,8.27619665941127,-9.985402487387997,ok,2.457723864716098,,,,,,missing,False,70.30572131996968,89.56,22.6,30.0,73.4,59.403716395990905,Watch,10.0,7.5,0.0,0.0,0.0,0.0,8.956000000000001,0.0,0.0,26.456000000000003,Below Watchlist,,,,,,,11.776126962719502,73.4,0,,,,,0,,31.0,0,,,,,🟢,66.60000000000001,,8.84,5.91,,,,,,,,,31-MAR-2026,ok,,,,,10.0,,NSE500
AEGISLOG.NS,,457266457.0,0.04178417932418742,0.02534675748359299,0.2736119421746125,97.58717880557197,0.0,0.0,0.04917897319985468,0.3885539605935501,11.135314023672942,80.25891199473773,17.328266810834236,12.006660640552024,,neither,0.01786990911210564,1.056287883082276,0.28238369559349086,4.70662966938713,,no_obv_signal,1271748487.5504518,19.577378202405953,21.96333496664822,-2.385956764242266,0.0,1.0,147.8108579956729,152.09026196381063,-4.2794039681377285,0.0,,1.0,,-1.0,1.0,1002.399650062486,1366.6274508467043,1353.1406342390594,1.0,47.53863143522313,0.0,21.74788201624034,125.21037456078257,,,,^CNXENERGY,-11.971737847514301,0.0,1.0,1.7296935684434527,76.19047619047619,0.42555026583550115,0.0,149.98092148696048,94.04750309214361,55.93341839481687,882.8464696866309,679.1001518466842,1.0,AEGISLOG,Aegis Logistics Ltd.,Oil Gas & Consumable Fuels,AEGISLOG.NS,-1.3300765894546873,24.720436925775257,14.21951378833571,0.6853707580312721,ok,18.04961505560309,131.94444444444443,-113.89482938884134,-9.155524034551474,50.36455314709632,-59.5200771816478,ok,1.5247777421239048,,,,,,missing,False,74.32551258195018,25.56,33.4,60.0,99.0,59.26965377458506,Watch,10.0,5.0,0.0,5.0,0.0,6.5,2.556,0.0,0.0,29.056,Below Watchlist,,,,,🟢,🟢,47.53863143522313,99.0,15,🟢,,,,10,🟢,7.0,0,,,,,🟢,80.4,,3.36,19.56,3.29,19.54,True,True,0.06999999999999984,0.019999999999999574,,,31-MAR-2026,ok,🟢,🟢,10.0,,0.0,,NSE500
COFORGE.NS,,354905663.0,-0.314926844299014,0.10789693210212234,0.10581526661428116,83.30153850424496,0.0,0.0,0.200304859673538,0.25222530980276553,6.912888474211055,74.38496395791144,8.916574546333521,19.158533821012824,,neither,-0.017836888367183727,0.6038083363853131,-0.04719648239088829,1.7305179450743724,,price_not_rising,4186429231.370282,-13.157366354284022,-1.2413008211088814,-11.916065533175141,0.0,0.0,113.2063406203406,96.83703925926778,16.369301361072814,1.0,,-1.0,,1.0,1.0,1598.6009628002325,1802.2156689438148,1822.535973026059,0.0,28.376049076094528,0.0,25.705279036006857,63.8649478082212,0.0,15.836145216979268,65.22258002426678,^CNXIT,-11.992454011405872,0.0,1.0,0.9935662392973,47.61904761904761,0.6520957120544186,0.0,89.14760781445557,79.94544264816643,9.202165166289134,1555.1636348827724,1372.6043157086697,1.0,COFORGE,Coforge Ltd.,Information Technology,COFORGE.NS,26.96319123662243,30.88720247913117,18.7424188369604,0.07630850528434827,ok,-32.1546961325967,145.2574525745258,-177.41214870712247,24.20681287075319,6.262983214345407,17.943829656407782,ok,1.242368357118997,,,,,,missing,True,54.525538476485735,96.51999999999998,11.0,40.0,92.80000000000001,59.231661542945716,Watch,10.0,10.0,0.0,0.0,0.0,3.5,9.651999999999997,0.0,10.0,43.152,Below Watchlist,,,,,,🟢,28.376049076094528,92.80000000000001,10,🟢,,,,10,🟢,2.0,10,🟢,,,,,81.0,,29.78,0.0,,,,,,,,,03-JUN-2026,ok,,,,,10.0,,NSE500
PHOENIXLTD.NS,1929.0,85388366.0,0.21790933420242625,-0.058089443663108815,-0.01390587276712116,45.232266070985354,0.0,0.0,-0.1322603320284662,-0.03177896759768291,2.854917076663008,67.12310058070129,-21.890834509715937,-0.8747309591328856,,quiet_but_not_accelerating,0.006552716454450905,0.1696012921098867,1.0,2.0205433419684837,,no_obv_signal,707938575.7617004,8.813702333186257,0.5271094255164905,8.286592907669766,0.0,0.0,44.60257338646261,53.39915339561721,-8.796580009154603,0.0,1850.9476526274705,1.0,1986.9033713741821,-1.0,1.0,1757.4771847883176,1935.7367979515873,1924.6439581796826,1.0,11.088651330177486,0.0,6.492988854270543,24.13489187525608,,,,^CNXREALTY,-10.327071015083904,0.0,1.0,1.0253303041803428,54.36507936507936,0.49302638045920194,0.0,138.64605440344803,132.4963688728739,6.149685530574146,1707.6902479242683,1414.4700038508515,1.0,PHOENIXLTD,Phoenix Mills Ltd.,Realty,PHOENIXLTD.NS,19.355210097490726,-2.856014201690571,11.841774085902781,0.48441406569082357,ok,-27.12906057945566,47.730220492866415,-74.85928107232208,-12.832848888479836,9.9898206669626,-22.822669555442438,ok,,,,,,,missing,False,52.771293124844874,17.88,94.0,75.0,71.39999999999999,59.21738793745346,Watch,0.0,5.0,0.0,5.0,0.0,6.5,1.7879999999999998,5.0,0.0,23.288,Below Watchlist,,,,,🟢,🟢,11.088651330177486,71.39999999999999,0,,0.0,0.0,,10,🟢,7.0,0,,0.0,0.0,,,9.4,,14.66,32.97,,,,,,,,,31-MAR-2026,ok,,,,,0.0,,NSE500
NEULANDLAB.NS,,14009689.0,-0.03792998800102767,0.20005525008670147,0.07029892450147429,88.06861549608158,0.0,0.0,0.20726101621482462,0.12727926428778064,9.195302123490347,79.49654661727736,8.572068878804217,18.750684229679628,,neither,0.09259429415284366,0.35506485962361517,0.2607813520352248,11.655035933756896,,obv_still_strong,954919901.25,-101.22600063290156,103.75332798990011,-204.9793286228017,0.0,0.0,1883.2753609157771,1878.619690403739,4.655670512038114,1.0,,-1.0,,-1.0,1.0,18895.90138557807,22302.8431757775,22532.53965212164,0.0,31.992599221390297,0.0,26.287708786073004,80.61886665799854,0.0,11.581734448781788,46.34283439431221,^CNXPHARMA,-10.648051677432798,0.0,1.0,1.148558859824527,84.52380952380952,0.4888710604211395,0.0,2879.1035695344253,2350.6779673048254,528.4256022295999,15613.712075330148,11164.60675751485,1.0,NEULANDLAB,Neuland Laboratories Ltd.,Healthcare,NEULANDLAB.NS,18.507692087607943,30.570476839168336,22.86881035552452,0.16072368931020556,ok,-30.562258687258687,424.22517394054387,-454.78743262780256,-17.3491978038527,76.53715761754414,-93.88635542139684,ok,1.925454951510051,,,,,,missing,True,68.64401542362855,90.88,0.8,30.0,94.6,59.079204627088565,Watch,10.0,10.0,0.0,0.0,0.0,0.0,9.088,0.0,10.0,39.088,Below Watchlist,,,,,,🟢,31.992599221390297,94.6,10,🟢,,,,10,🟢,21.0,0,,,,,,74.0,,11.35,20.46,,,,,,,,,31-MAR-2026,ok,,,,,0.0,,NSE500
PNB.NS,111.75,7753142537.0,-0.00479997513791702,0.028158649529282997,0.003922357674609921,84.75934398122989,0.0,0.0,0.05883823846817752,0.020725607367598802,12.494163307626755,47.184337453861716,37.575006527368174,4.742710134787642,🟢,accelerating_quiet_base,0.014040280648079677,0.10412682027930106,0.1440680940329535,-0.8517426069298173,,no_obv_signal,1510144536.1436458,-0.11841040158390115,0.4809058518023577,-0.5993162533862588,0.0,0.0,1.7022601866548541,1.1710623200139292,0.5311978666409249,1.0,119.43233827869494,-1.0,115.56887476848125,-1.0,1.0,103.53994356129655,115.37157348382885,115.77297229201382,0.0,6.390693079103079,0.0,10.135666611399085,6.354100349989333,,,,^CNXFIN,-13.11613220554456,0.0,1.0,0.8643012116584144,29.365079365079367,0.5348962088985294,0.0,5.652572754916022,7.066615272168365,-1.4140425172523425,107.40335979092723,91.49492522653557,0.0,PNB,Punjab National Bank,Financial Services,PNB.NS,9.965114951410104,76.44139288904096,,0.5752280655710771,partial,4.761904761904752,0.0,4.761904761904752,4.851615772714001,-6.855853548969611,11.707469321683611,ok,0.07885905492002383,,,,,,missing,False,63.63577039343046,84.03999999999999,54.0,30.0,60.199999999999996,59.028731118029135,Watch,10.0,5.0,0.0,0.0,0.0,0.0,8.404,0.0,0.0,23.404,Below Watchlist,,,,,,🟢,6.390693079103079,60.199999999999996,0,,0.0,0.0,,0,,33.0,0,,0.0,0.0,,🟢,42.199999999999996,,6.23,0.0,,,,,,,,,31-MAR-2026,ok,,,,,5.0,,NSE500
KPRMILL.NS,,108086093.0,-0.003918954374785043,0.09820003972063625,0.23303855599570247,98.51606950818412,0.0,0.0,0.06451526538482277,0.2757286701127066,11.608841216048779,71.84585285818304,26.67021665000108,-7.360069601408292,,quiet_but_not_accelerating,0.08969261125382878,0.7643836160662985,0.7375304650814128,3.8378077484087614,,no_obv_signal,273230246.3269165,-3.2814669000383674,0.4360168525992538,-3.717483752637621,0.0,0.0,38.71785234797039,43.438682370861315,-4.720830022890922,0.0,,1.0,,1.0,1.0,930.3349380096413,1118.188228019295,1123.3050416226215,0.0,11.281451004286103,0.0,-2.1720057651464786,37.37370729984306,0.0,-2.1720057651464786,37.37370729984306,FALLBACK_BROAD_INDEX,-9.424308603336721,1.0,1.0,0.9393832653006169,50.79365079365079,0.39741554716650557,0.0,62.34770448179427,56.7256897249292,5.62201475686507,998.9082847113169,868.218662599272,1.0,KPRMILL,K.P.R. Mill Ltd.,Textiles,KPRMILL.NS,2.2822347640103935,2.1010646712754877,20.02164796863087,0.10463001965739961,ok,9.016393442622963,-1.9292604501607735,10.945653892783737,22.004337160937112,-16.600450664136623,38.604787825073736,ok,19.812812318018274,,,,,,missing,False,74.37062432786445,24.479999999999997,26.400000000000002,85.0,72.0,58.967187298359335,Watch,10.0,5.0,0.0,0.0,0.0,10.0,2.4479999999999995,0.0,0.0,27.448,Below Watchlist,,,,,,🟢,11.281451004286103,72.0,0,,,,,10,🟢,2.0,10,🟢,,,,🟢,74.4,,17.73,6.63,,,,,,,,,31-MAR-2026,ok,,,,,15.0,🟢,NSE500
LTFOODS.NS,402.79998779296875,455728559.0,0.002460064443428231,0.34105794500701636,0.034616080699949155,88.4137963312751,0.0,0.0,0.288309175733831,0.12175493518702431,12.146988823061326,54.96053118237359,33.4532651489015,10.015526759571603,🟢,accelerating_but_price_moved,0.3312830470835703,0.4175158332438705,0.7934622371316594,-1.6066819745054528,,price_not_rising,193288597.61122435,-3.9226302197271252,-0.08630157334522215,-3.836328646381903,0.0,0.0,6.826445679831409,5.707174405127399,1.1192712747040092,1.0,445.63911473987577,-1.0,420.75300728863556,-1.0,1.0,372.6041097007153,419.87772645675943,425.0283624239931,0.0,6.19906893881127,0.0,13.51376732605658,6.6908794200501776,,,,^CNXFMCG,-12.035512222638236,0.0,1.0,0.9666222785535151,71.82539682539682,0.7807191095664415,0.0,30.9233388271241,39.05183088092519,-8.12849205380109,386.6977497696159,306.80688390578473,0.0,LTFOODS,LT Foods Ltd.,Fast Moving Consumer Goods,LTFOODS.NS,16.650975286165902,15.80813663910825,18.515593028292038,0.3561705094705128,ok,35.0383631713555,-13.686534216335541,48.724897387691044,8.433192446357188,3.470823074930449,4.962369371426739,ok,1.5754574095966893,,,,,,missing,True,77.29482871594628,85.35999999999999,25.4,30.0,59.0,58.92044861478388,Watch,10.0,5.0,0.0,0.0,0.0,0.0,8.535999999999998,0.0,10.0,33.536,Below Watchlist,,,,,,🟢,6.19906893881127,59.0,0,,0.0,0.0,,0,,4.0,0,,0.0,0.0,,🟢,78.4,,9.02,8.74,,,,,,,,,31-MAR-2026,ok,,,,,10.0,,NSE500
BHEL.NS,,6216341248.0,-0.006244021325186473,0.013200730377437872,0.0457951696102334,92.42235607990776,0.0,0.0,0.011510606089672927,0.03923077484481723,6.790457964702138,85.5261805560194,6.89617552388836,-0.1259937165193903,,quiet_but_not_accelerating,0.014250191099364148,0.22007729674580778,0.7315175333305581,2.208435210045745,,no_obv_signal,2507520192.374448,-0.4545990004610303,1.214736390069763,-1.6693353905307933,0.0,0.0,26.65500449064882,30.89402814804901,-4.239023657400189,0.0,,1.0,,-1.0,1.0,344.007414278164,421.5946372768957,423.04081806662344,0.0,21.77193808675911,0.0,8.361191836848981,65.79821281732119,0.0,8.361191836848981,65.79821281732119,FALLBACK_BROAD_INDEX,-6.946797791482862,1.0,1.0,1.1545342068948754,30.555555555555557,0.348627349017954,0.0,55.546865226338866,41.564520104786965,13.982345121551901,318.2400117241282,239.78480600146253,1.0,BHEL,Bharat Heavy Electricals Ltd.,Capital Goods,BHEL.NS,13.492474858984572,35.909687050936554,6.595519083171028,0.31311707330319305,ok,-70.88948787061994,231.24999999999994,-302.13948787061986,-37.4696292637833,45.28767511300468,-82.75730437678797,ok,1.6413350223964929,,,,,,missing,False,63.92782462796771,25.8,39.6,75.0,88.4,58.538347388390314,Watch,10.0,10.0,0.0,0.0,0.0,6.5,2.58,0.0,0.0,29.08,Below Watchlist,,,,,,🟢,21.77193808675911,88.4,5,,,,,10,🟢,26.0,0,,,,,,36.6,,12.879999999999999,0.0,,,,,,,,,31-MAR-2026,ok,,,,,0.0,,NSE500
JSWDULUX.NS,,-3085192.0,-0.012798346880401169,0.09972225941801809,-0.004290388871630041,8.131891896350595,0.0,0.0,0.10085312896544266,0.14521387405617828,-131.69284812203475,54.892157650633834,-46.76026575428324,-1.3399558064435046,,quiet_but_not_accelerating,0.09850118017826219,0.30245589175885185,0.7898071994113143,7.327153573501666,,no_obv_signal,87664769.12994385,14.221323867889623,14.474309917423408,-0.252986049533785,0.0,0.0,40.64090283930682,25.207362848269817,15.433539991037001,1.0,,1.0,,1.0,-1.0,3340.850595134753,3156.685787095922,3147.193108262359,1.0,8.352437322628829,1.0,6.263023892370012,15.042005029244375,1.0,6.263023892370012,15.042005029244375,FALLBACK_BROAD_INDEX,-11.412572092632278,0.0,1.0,0.964595859582482,52.77777777777778,0.4361897494116238,0.0,73.16969184173104,106.24088619716882,-33.07119435543778,3053.923702042084,2781.2045904698243,0.0,JSWDULUX,JSW Dulux Ltd.,Consumer Durables,JSWDULUX.NS,-1.7643355455582266,80.59660102020334,89.58561140228498,0.03226464349812368,ok,69.11764705882354,-18.31831831831832,87.43596537714186,-2.688112812603283,-8.783036880715505,6.094924068112222,ok,0.08989673520082797,,,,,,missing,False,41.17616216372271,95.92,62.0,40.0,64.4,58.49684864911682,Watch,10.0,20.0,0.0,5.0,0.0,10.0,9.592,0.0,0.0,54.592,Category C: Watchlist,,🟢,,,🟢,🟢,8.352437322628829,64.4,0,,,,,0,,2.0,10,🟢,,,,,67.60000000000001,,18.55,8.44,,,,,,,,,31-MAR-2026,ok,,,,,15.0,🟢,NSE500
KIMS.NS,769.9000244140625,71845057.0,0.07676967913647723,0.07807674823635288,0.21518626147662648,98.7849622038776,0.0,0.0,0.08571509315139333,0.2523816825591287,14.446982999002142,69.93111699202078,28.85384521185682,-5.487349927763329,,quiet_but_not_accelerating,0.04246173300530225,0.4375923114809254,0.3428424005040329,-4.324591433461478,,no_obv_signal,325690512.1714233,0.05324647609586464,-0.04376122864047672,0.09700770473634135,0.0,0.0,17.67106546689388,24.68286372443594,-7.011798257542061,0.0,813.6996340393764,-1.0,792.6703198587884,-1.0,1.0,677.8975924230313,780.4828333838225,779.9403518037751,1.0,8.333998316074476,0.0,0.7621868527124764,18.56003782812976,0.0,-10.467310617526982,-3.9195461830201728,^CNXPHARMA,-9.492740572789794,1.0,1.0,0.9513725540739076,54.36507936507936,0.38873142261436794,0.0,70.46596234686274,70.70345817253822,-0.2374958256754809,684.8705228018275,557.1526754603801,0.0,KIMS,Krishna Institute of Medical Sciences Ltd.,Healthcare,KIMS.NS,21.334656948446273,-10.464761198697792,8.138286450504618,1.8923645101005606,ok,-1.8867924528301903,-20.30075187969925,18.41395942686906,9.76177182207333,7.707727773879924,2.054044048193406,ok,,,,,,,missing,False,81.67473677135716,20.52,73.0,45.0,64.2,58.18642103140715,Watch,10.0,5.0,0.0,5.0,0.0,0.0,2.052,0.0,0.0,22.052,Below Watchlist,,,,,🟢,🟢,8.333998316074476,64.2,0,,0.0,0.0,,0,,35.0,0,,0.0,0.0,,🟢,74.2,,27.41,14.57,,,,,,,,,31-MAR-2026,ok,,,,,5.0,,NSE500
MINDACORP.NS,,277692929.0,-0.004681108359381838,0.04670832649877503,0.05117648279620756,96.01644733541755,0.0,0.0,0.0425150310633212,0.07911944281491629,9.296311473420548,72.72969688285322,23.286750452564334,0.20180430698208962,,quiet_but_not_accelerating,0.03482826094185176,0.18592769582308097,0.48872566276677504,-4.688508906426037,,no_obv_signal,101187300.9619873,-7.793402160352457,-6.424791383605752,-1.3686107767467046,0.0,0.0,29.981006041586625,35.740361361577904,-5.759355319991279,0.0,,1.0,,-1.0,1.0,611.3777931668626,683.6688585732851,690.6413450195117,0.0,11.332652068954177,0.0,6.121110099170446,39.14936484674296,,,,^CNXAUTO,-9.694733310969474,1.0,1.0,0.8797692156483929,7.936507936507936,0.3977402445696205,1.0,64.0701968667903,55.51693048918203,8.553266377608267,580.4629881272401,466.2501542532126,1.0,MINDACORP,Minda Corporation Ltd.,Automobile and Auto Components,MINDACORP.NS,12.787668601555957,8.191713023823777,14.900158194788526,0.5566062715134092,ok,45.530726256983236,31.135531135531142,14.395195121452094,9.198290061462933,12.584783675354288,-3.3864936138913553,ok,4.19311112341268,,,,,,missing,False,69.74575656739614,23.16,44.4,75.0,72.39999999999999,58.07572697021884,Watch,10.0,5.0,0.0,0.0,10.0,6.5,2.316,0.0,0.0,33.816,Below Watchlist,,,,🟢,,🟢,11.332652068954177,72.39999999999999,0,,,,,10,🟢,8.0,0,,,,,,48.8,,15.15,0.01,,,,,,,,,31-MAR-2026,ok,,,,,5.0,,NSE500
ELGIEQUIP.NS,594.8499755859375,228273770.0,-0.003882666721443398,0.11201278230406736,0.06423415375938601,96.10372819840819,0.0,0.0,0.09897277931239896,0.06038145529045529,6.777840920659828,79.2157442351476,16.887983963260595,-0.07951790577969131,,quiet_but_not_accelerating,0.10608430322844788,0.1445724112088965,0.7337797186986379,4.423760219758699,,no_obv_signal,230598031.66168824,-2.8770391794813577,-0.08899689159537238,-2.788042287885985,0.0,0.0,21.6962331920937,24.841294010270186,-3.1450608181764856,0.0,590.8997600317593,1.0,611.6497783596687,-1.0,1.0,518.8483885433736,605.4578129349301,609.2786407312277,0.0,9.934868673626271,0.0,3.564842486938802,29.567982784433823,0.0,3.564842486938802,29.567982784433823,FALLBACK_BROAD_INDEX,-7.401937581103882,1.0,1.0,1.0245554141270845,46.82539682539682,0.3668346773333937,0.0,16.847867004033674,5.528320875099468,11.319546128934206,545.3115046512232,500.94714334806616,1.0,ELGIEQUIP,Elgi Equipments Ltd.,Capital Goods,ELGIEQUIP.NS,9.14816365262132,5.076769718964647,25.65543071161049,0.2388547874008692,ok,34.5514950166113,-21.409921671018285,55.96141668762958,10.882997807454654,3.6570247933884295,7.225973014066224,ok,8.621323680784583,,,,,,missing,False,74.49630486944287,28.559999999999995,30.2,75.0,68.8,57.910891460832865,Watch,10.0,10.0,0.0,0.0,0.0,6.5,2.856,0.0,0.0,29.356,Below Watchlist,,,,,,🟢,9.934868673626271,68.8,0,,0.0,0.0,,10,🟢,25.0,0,,0.0,0.0,,,58.199999999999996,,7.5600000000000005,0.75,,,,,,,,,31-MAR-2026,ok,,,,,15.0,🟢,NSE500
POONAWALLA.NS,443.0,666340995.0,0.02818029449748093,-0.014077546111058896,0.050818335906162984,90.87467317643768,0.0,0.0,-0.01585702552596965,0.04822056491641744,27.63527023838664,42.84893939587818,48.0257337805595,0.44212952295705765,,quiet_but_not_accelerating,-0.01712000039634501,0.1410643181859929,1.0662477066260734,-4.433176212733891,,no_obv_signal,554436674.4941651,-3.573184113373827,-3.5468083543873528,-0.026375758986474374,0.0,0.0,8.355608155253776,9.930195586971514,-1.5745874317177382,0.0,432.40197815814986,1.0,459.0332533141135,-1.0,1.0,404.29553966581886,456.43178331013735,459.0929709650626,0.0,6.669779556740511,0.0,8.994707485618436,12.074073027761756,,,,^CNXFIN,-18.34101382488479,0.0,0.0,0.93777573354851,29.365079365079367,0.40057353204185053,0.0,17.407255417934493,18.434812518024586,-1.0275571000900925,425.5812176788971,380.14689848532015,0.0,POONAWALLA,Poonawalla Fincorp Ltd.,Financial Services,POONAWALLA.NS,51.362927405357816,-7.47312998317069,1.8308183270294665,4.68062407290192,ok,12.73885350318471,69.72972972972973,-56.99087622654501,12.048672958264858,14.473521161666797,-2.4248482034019396,ok,,,,,,,missing,False,64.8961356117532,33.6,70.0,60.0,61.0,57.83884068352596,Watch,5.0,5.0,0.0,0.0,0.0,6.5,3.3600000000000003,0.0,0.0,19.86,Below Watchlist,,,,,,,6.669779556740511,61.0,0,,0.0,0.0,,0,,43.0,0,,0.0,0.0,,🟢,31.8,,10.639999999999999,11.26,,,,,,,,,13-APR-2026,ok,,,,,0.0,,NSE500
IDBI.NS,83.31999969482422,3382206691.0,-0.08417583113904607,0.08030645416296571,0.05194512725688244,87.54664865479475,0.0,0.0,0.05901981200718472,0.11338290817861806,30.702006762795193,40.02935028381039,47.51729837098436,-0.25140558786252987,,quiet_but_not_accelerating,0.0883663558241741,0.28717634571673006,0.8017171760675396,-0.5134332002098896,,no_obv_signal,1298381683.186851,-0.6948003385655994,-0.6779782132864252,-0.01682212527917426,0.0,0.0,-0.19215941132068792,-0.7056486050266138,0.5134891937059258,1.0,90.40019405522985,-1.0,81.89976808168097,1.0,-1.0,94.38429997425612,83.64150115163258,84.23207192661609,0.0,9.735394873623385,0.0,2.177365541057763,20.252032762081807,,,,^CNXFIN,-28.178606878240036,0.0,0.0,0.8628975573256232,31.746031746031743,0.29980821454544027,0.0,1.9721591253231026,3.9964261741290987,-2.024267048805996,85.6540634379408,76.4983659682317,0.0,IDBI,IDBI Bank Ltd.,Financial Services,IDBI.NS,7.908062825746964,35.45090160514681,,0.3369653805154797,partial,,,,7.486248312761709,-5.069372170937734,12.555620483699443,partial,0.28608211754274787,,,,,,missing,False,60.41132702917817,83.92,70.39999999999999,10.0,67.80000000000001,57.63739810875345,Watch,10.0,5.0,0.0,0.0,0.0,3.5,8.392000000000001,0.0,0.0,26.892000000000003,Below Watchlist,,,,,,,9.735394873623385,67.80000000000001,0,,0.0,0.0,,0,,23.0,0,,0.0,0.0,,🟢,59.8,,0.05,0.0,,,,,,,,,31-MAR-2026,ok,,,,,5.0,,NSE500
INDHOTEL.NS,,643067343.0,0.019128092647706565,-0.024479503782863846,0.015937907521759442,60.325028479698105,0.0,0.0,-0.03920094435240655,0.011843932096602445,2.340468712251497,77.53988596328759,-17.214857483589483,0.558660953995771,,quiet_but_not_accelerating,-0.010786960037235884,0.09306683017968043,1.0,-5.1051051051051015,,no_obv_signal,1153407438.012961,0.5940601866379893,0.7820488269751864,-0.1879886403371971,0.0,1.0,11.518976831882014,12.172685022502172,-0.6537081906201578,0.0,,1.0,,-1.0,1.0,644.1640099701698,726.4546788497329,726.0080284102105,1.0,9.112672679141882,0.0,4.186182251263304,17.032719408211317,,,,^CNXCONSUM,-5.48982965081935,1.0,1.0,0.9216100111537645,53.57142857142857,0.28885873911332405,0.0,28.527777350450606,38.500542341584136,-9.97276499113353,689.00955333611,585.3264618878311,0.0,INDHOTEL,Indian Hotels Co. Ltd.,Consumer Services,INDHOTEL.NS,18.576971212171344,27.62953186124879,17.424242004806835,0.21732201782215993,ok,-40.38004750593825,-33.7007874015748,-6.6792601043634505,-15.40887212552752,-2.6977860349899365,-12.711086090537583,ok,1.7540686625954847,,,,,,missing,False,51.70375996789433,37.199999999999996,64.60000000000001,75.0,66.60000000000001,57.6311279903683,Watch,5.0,5.0,0.0,5.0,0.0,6.5,3.7199999999999993,0.0,0.0,25.22,Below Watchlist,,,,,🟢,🟢,9.112672679141882,66.60000000000001,0,,,,,0,,16.0,0,,,,,,20.0,,12.839999999999998,0.0,,,,,,,,,31-MAR-2026,ok,,,,,0.0,,NSE500
CENTRALBK.NS,30.040000915527344,3197936640.0,0.08817521084274768,0.025704657570216234,-0.00407308715018512,65.5402547983218,0.0,0.0,0.000644656159070689,-0.0123450544712088,21.602032486241107,4.130427891253568,61.40982690706823,-7.654466514626012,🟢,accelerating_quiet_base,0.029815405807456997,0.1337080858205738,1.0,-3.0029009313736976,,no_obv_signal,220848075.66027364,-0.053207331374338196,-0.016302744476511966,-0.03690458689782623,0.0,0.0,-0.9894435132410848,-1.0589760266400665,0.0695325133989817,1.0,29.832673027003516,1.0,30.874057058985024,-1.0,-1.0,34.7796773389248,30.861428176187726,30.90273602190541,0.0,-2.0966403207317614,0.0,-5.810153363655568,-8.014704171906317,,,,^CNXFIN,-24.500683153822695,0.0,0.0,0.6404087800620575,24.6031746031746,0.31168002836406744,1.0,-3.235552006858221,-2.3819771927764473,-0.8535748140817736,36.09720180123154,36.6389985442913,0.0,CENTRALBK,Central Bank of India,Financial Services,CENTRALBK.NS,9.265674731657958,39.15632086189462,,0.4782989637695179,partial,78.04878048780488,-41.42857142857142,119.4773519163763,-5.058281669975822,-4.997250329960404,-0.06103134001541832,ok,0.1581471359845316,,,,,,missing,False,65.96908917941263,82.24,69.6,30.0,31.2,57.358726753823795,Watch,5.0,0.0,0.0,0.0,10.0,6.5,8.223999999999998,0.0,0.0,29.723999999999997,Below Watchlist,,,,🟢,,,-2.0966403207317614,31.2,0,,0.0,0.0,,0,,15.0,0,,0.0,0.0,,🟢,22.0,,2.36,0.84,,,,,,,,,27-MAY-2026,ok,,,,,10.0,,NSE500
ICICIAMC.NS,,4628619.0,9.212566977783736,-2.6460215508796945,,28.957783096421778,0.0,0.0,-2.2519841848947166,-0.860045648617167,-54.93616135229058,67.75756468843896,-38.79978159201718,-2.065626171267665,,quiet_but_not_accelerating,-2.9543847684415336,1.3242151642124247,1.5286574760055358,5.345090872257496,,no_obv_signal,1276578680.0460815,23.36993327954542,8.921906440569096,14.448026838976325,0.0,0.0,27.913760686745718,43.48638103597208,-15.572620349226362,0.0,,1.0,,1.0,1.0,2747.869088420055,3157.0078301249423,3129.9436974148557,1.0,8.94437239356313,0.0,2.0325228215251956,11.536488548711388,,,,^CNXFIN,-8.803722934811654,1.0,1.0,,,,,154.16305859510976,115.47377692446328,38.68928167064648,2951.7427587740576,2794.700672812525,1.0,ICICIAMC,ICICI Prudential Asset Management Company Ltd.,Financial Services,ICICIAMC.NS,28.93886856292007,29.58345998902456,98.2958332222548,,partial,26.278317152103575,-16.711590296495967,42.98990744859954,3.1120427683403538,0.15448909663491056,2.957553671705443,ok,1.553095750701436,,,,,,missing,False,45.31522408374762,11.4,97.0,85.0,66.0,57.324567225124284,Watch,0.0,5.0,0.0,5.0,,10.0,1.1400000000000001,0.0,0.0,21.14,Below Watchlist,,,,,🟢,🟢,8.94437239356313,66.0,0,,,,,10,🟢,39.0,0,,,,,,0.2,,5.13,0.0,,,,,,,,,31-MAR-2026,ok,,,,,10.0,,NSE500
IGIL.NS,324.29998779296875,49818738.0,0.36302058171752677,0.03339514989103853,0.35941409263037033,96.97756389961796,0.0,0.0,-0.0669080220175589,0.15561035119401867,16.86832174739202,41.06268291077246,55.9148809888455,-7.997669696540221,,quiet_but_not_accelerating,0.04226268904727811,1.3393892929130322,1.0,-7.555167449475819,,no_obv_signal,178845199.8102417,-2.4814329128370787,-4.122860022505698,1.6414271096686193,0.0,0.0,-4.1607196766565835,-1.1449347980105207,-3.0157848786460626,0.0,338.86019989772444,-1.0,318.96618029465503,1.0,1.0,282.5701915232933,324.6675699623818,325.6098809610485,0.0,-0.2980191653141599,0.0,-1.6730983745396277,-2.1126247433415513,0.0,-1.6730983745396277,-2.1126247433415513,FALLBACK_BROAD_INDEX,-14.29606051776117,0.0,1.0,0.8323823040351247,28.87700534759358,0.5993792711530909,0.0,-36.781221480561896,-42.807889149323614,6.026667668761718,367.5400595166403,430.4967226863266,0.0,IGIL,International Gemological Institute Ltd.,Services,IGIL.NS,29.5798288869586,20.905843596627484,38.39913729138216,0.10115689558430356,ok,-7.711442786069643,28.43450479233226,-36.1459475784019,0.6007130414964104,20.94190842775716,-20.34119538626075,ok,1.3750621383505146,,,,,,missing,True,81.75214736486629,29.04,84.6,40.0,39.0,56.87364420945989,Watch,5.0,0.0,0.0,0.0,0.0,3.5,2.904,0.0,10.0,21.404,Below Watchlist,,,,,,🟢,-0.2980191653141599,39.0,0,,0.0,0.0,,0,,11.0,0,,0.0,0.0,,🟢,44.2,,5.2299999999999995,0.0,,,,,,,,,31-MAR-2026,ok,,,,,0.0,,NSE500
BRIGADE.NS,563.0499877929688,150636505.0,-0.034269857958343426,0.163214579706347,0.18377486201519388,92.40057758167308,0.0,0.0,0.16558041864540587,0.1362896326333866,50.03750985063061,29.168954011222613,63.231623570450466,12.852812949346326,,neither,0.14985866028144132,0.8571766929813198,0.7350906041538869,-2.6202047897290304,,no_obv_signal,429719094.45955503,-10.457909339552884,-0.7320104162213061,-9.725898923331577,0.0,0.0,12.039931292850952,7.513329992236823,4.526601300614129,1.0,638.2710772309507,-1.0,593.8612602409015,-1.0,1.0,519.0363955126413,603.1421566588308,616.4620601122182,0.0,8.765826074954708,0.0,18.6673521215589,15.823415542438845,,,,^CNXREALTY,-27.66178628047229,0.0,0.0,1.1568151600441898,93.25396825396825,0.6866443188887862,0.0,-38.82136597479746,-25.307117591985904,-13.514248382811555,630.1516991696404,610.1880761155974,0.0,BRIGADE,Brigade Enterprises Ltd.,Realty,BRIGADE.NS,18.554243806793714,30.281109093507254,9.776560303404256,1.0078267269970764,ok,-22.047244094488185,14.7590361445783,-36.80628023906648,-7.460431334954384,,,partial,1.093717667266726,,,,,,missing,False,69.50020215358558,90.75999999999999,12.8,30.0,65.60000000000001,56.76206064607567,Watch,10.0,5.0,0.0,0.0,0.0,0.0,9.076,0.0,0.0,24.076,Below Watchlist,,,,,,,8.765826074954708,65.60000000000001,0,,0.0,0.0,,0,,6.0,0,,0.0,0.0,,🟢,71.39999999999999,,22.64,15.83,,,,,,,,,18-JUN-2026,ok,,,,,0.0,,NSE500
UNOMINDA.NS,1162.0,83131605.0,-0.14268857071742308,0.10110095857299847,0.09958504983358421,69.1151003926709,0.0,0.0,0.17994894365932348,0.12904860452011524,26.612688180888142,42.7720868022165,26.343013590454397,6.821102026223458,,quiet_but_not_accelerating,-0.08492628269075132,0.43966408138075674,-0.2176352027516253,-1.5671325709445183,,price_not_rising,669001922.2923279,-10.976601862922507,-4.914524635655084,-6.062077227267423,0.0,0.0,23.569889987675197,22.064457342862557,1.5054326448126396,1.0,1144.4664414128306,1.0,1198.8879708239251,-1.0,1.0,1050.0239490741433,1204.6813536799054,1216.3716754155764,0.0,6.268498846596359,0.0,12.244171049370722,13.367104214001092,,,,^CNXAUTO,-14.758661473977588,0.0,1.0,0.9448119955474122,43.65079365079365,0.5986167609048777,0.0,80.70653962436609,96.28209711819134,-15.575557493825258,1111.9970613628727,927.1360261595493,0.0,UNOMINDA,UNO Minda Ltd.,Automobile and Auto Components,UNOMINDA.NS,,,,,missing,,,,,,,missing,,,,,,,missing,False,52.49028513743481,85.72,19.6,60.0,59.4,56.74108554123044,Watch,10.0,5.0,0.0,0.0,0.0,6.5,8.572,0.0,0.0,30.072,Below Watchlist,,,,,,🟢,6.268498846596359,59.4,0,,0.0,0.0,,0,,13.0,0,,0.0,0.0,,🟢,71.8,,12.01,8.959999999999999,,,,,,,,,31-MAR-2026,ok,,,,,,,NSE500
RRKABEL.NS,2523.199951171875,66675211.0,-0.06981890411610063,0.0032709115852633803,0.4184991744231338,88.50504784989458,0.0,0.0,0.20878923270026783,0.45200850276471266,7.268993963230256,76.19992761171429,12.305120238180294,5.3440214850277945,,quiet_but_not_accelerating,-0.14414899976102716,0.9919593242872122,-0.27201273115297264,-3.0582486615554183,,price_not_rising,1318568202.0970826,-39.78063449593037,-53.28620840853867,13.505573912608298,0.0,0.0,219.9328735799395,260.73742022670467,-40.804546646765175,0.0,2674.4000359935803,-1.0,2445.012198816757,1.0,1.0,2283.5409945521387,2485.469337660191,2511.951405337961,0.0,31.522653642022835,0.0,6.295315835731308,83.48154714606363,0.0,6.295315835731308,83.48154714606363,FALLBACK_BROAD_INDEX,-13.836906320327785,0.0,1.0,1.339079026706179,57.936507936507944,0.45329319783473726,0.0,295.7814157053665,138.98865442783858,156.79276127752792,1837.2584134544281,1597.7463346634083,1.0,RRKABEL,R R Kabel Ltd.,Capital Goods,RRKABEL.NS,20.080450807953575,37.37215826354907,26.510748915830934,0.13091509209583174,ok,22.15488215488216,42.10526315789475,-19.950381003012588,6.884243338871868,16.889162178110716,-10.004918839238847,ok,1.4541272039138369,,,,,,missing,True,53.95676674746311,4.56,96.39999999999999,55.0,94.39999999999999,56.719030024238926,Watch,10.0,10.0,0.0,0.0,0.0,3.5,0.45599999999999996,5.0,10.0,38.956,Below Watchlist,,,,,,🟢,31.522653642022835,94.39999999999999,10,🟢,0.0,0.0,,10,🟢,18.0,0,,0.0,0.0,,,87.4,,11.43,0.0,,,,,,,,,31-MAR-2026,ok,,,,,0.0,,NSE500
KAYNES.NS,3511.5,52592428.0,0.11851715774596405,-0.07566932644597593,0.023950827843454297,47.79972309480151,0.0,0.0,0.08373510618425804,-0.06910207048704166,29.88466705758934,11.117160278745644,36.682562816055864,12.479583261582473,🟢,accelerating_but_price_moved,-0.2663049352816799,0.8172153230209175,-1.1628450670787305,-7.703834572175106,,no_obv_signal,3705663250.35,-25.6766253425576,-35.4043074281761,9.727682085618497,1.0,0.0,-93.15828362708271,-140.72177523881362,47.56349161173091,1.0,3724.627792488952,-1.0,3768.39004194362,-1.0,-1.0,4260.253356838277,3551.4665637035014,3569.111386875179,0.0,2.948784859080756,0.0,17.490089361197715,-0.31671688138676934,0.0,17.490089361197715,-0.31671688138676934,FALLBACK_BROAD_INDEX,-53.75345713156855,0.0,0.0,0.8093438266541508,68.65079365079364,0.2095328879710722,0.0,-162.74264525192393,121.1143702745893,-283.85701552651324,4185.575490696443,3616.9793146490074,0.0,KAYNES,Kaynes Technology India Ltd.,Capital Goods,KAYNES.NS,47.67124842631232,56.35693199910714,11.98589268312714,0.19225044978753686,ok,-36.81027966742253,18.12500000000001,-54.935279667422535,-23.870266320521342,54.550813897954306,-78.42108021847565,ok,1.3269851169539322,,,,,,missing,False,50.42990308318052,99.16,95.39999999999999,0.0,49.6,56.710970924954154,Watch,5.0,5.0,10.0,0.0,0.0,0.0,9.915999999999999,0.0,0.0,29.915999999999997,Below Watchlist,,,🟢,,,,2.948784859080756,49.6,0,,0.0,0.0,,0,,24.0,0,,0.0,0.0,,🟢,26.6,,12.98,0.0,,,,,,,,,31-MAR-2026,ok,,,,,0.0,,NSE500
STARHEALTH.NS,538.0999755859375,84937482.0,0.48323832522460125,0.12168158490260111,0.35357587665893914,97.7569446321678,0.0,0.0,0.104153925081608,0.35678796466169826,21.796138233844367,60.97163999049137,36.78530464167643,-8.634015717316712,,neither,0.1096202813642061,0.7658401303544066,0.9821411047347044,-10.465894245268304,,no_obv_signal,563178933.5612122,-7.288456405967963,-7.005400818869261,-0.28305558709870215,0.0,0.0,13.639508896025859,21.21281615547279,-7.573307259446931,0.0,586.2435546529546,-1.0,537.1953017034549,1.0,1.0,495.7184892156892,550.2890163627414,555.8883024195374,0.0,5.5548635657037755,0.0,-2.9948960564501026,20.374147195318137,,,,^CNXFIN,-11.84469953085725,0.0,1.0,1.2337156900419415,91.26984126984127,0.5370770566148945,0.0,8.583131058517552,-8.909647621438719,17.49277867995627,514.2787085870802,549.525423822426,0.0,STARHEALTH,Star Health and Allied Insurance Company Ltd.,Financial Services,STARHEALTH.NS,,,,,missing,,,,,,,missing,,,,,,,missing,False,89.12493062125873,19.8,61.6,40.0,57.8,56.607479186377624,Watch,10.0,2.5,0.0,0.0,0.0,3.5,1.98,0.0,0.0,17.98,Below Watchlist,,,,,,🟢,5.5548635657037755,57.8,0,,0.0,0.0,,0,,53.0,0,,0.0,0.0,,🟢,81.8,,11.93,0.0,,,,,,,,,31-MAR-2026,ok,,,,,,,NSE500
BATAINDIA.NS,,22881949.0,0.08109598378198657,0.5860842923697185,0.8428408220815,86.85058309605758,0.0,0.0,0.7355629904226554,1.1088759392077172,139.45514903127938,7.68031488946652,79.17026820659106,-5.993833026227636,,quiet_but_not_accelerating,0.3376646629564802,2.5407616582868,0.2712285658373373,-6.497403554494296,,price_not_rising,98525349.20635375,-14.1733990040849,-13.004565837228903,-1.1688331668559968,0.0,0.0,-29.91830388389758,-32.45335159563389,2.5350477117363113,1.0,,-1.0,,-1.0,-1.0,734.6521196367659,635.3577788481117,646.9307454040116,0.0,0.06292346588125941,0.0,-3.3390905037178786,1.5047544342282837,0.0,-3.3390905037178786,1.5047544342282837,FALLBACK_BROAD_INDEX,-46.36032543892454,0.0,0.0,0.6736586446759841,21.428571428571427,0.20104821821596647,1.0,-183.17638815994644,-170.11185849834172,-13.064529661604723,873.3190712817035,1136.0168839090722,0.0,BATAINDIA,Bata India Ltd.,Consumer Durables,BATAINDIA.NS,0.6087001718996898,-25.380468167121762,11.234584502242496,0.8689965335902066,ok,-96.69260700389106,26.913580246913575,-123.60618725080462,-12.390955253678227,0.30015267759121905,-12.691107931269446,ok,,,,,,,missing,False,85.92770408362014,88.0,47.4,0.0,40.0,56.48831122508604,Watch,10.0,5.0,0.0,0.0,10.0,0.0,8.8,0.0,0.0,33.8,Below Watchlist,,,,🟢,,,0.06292346588125941,40.0,0,,,,,0,,7.0,0,,,,,🟢,97.0,🟢,16.63,0.0,,,,,,,,,31-MAR-2026,ok,,,,,0.0,,NSE500
CLEAN.NS,775.75,1620030.0,-0.2126255468091633,1.9056724886056895,0.5681872952847054,95.3184799574208,0.0,0.0,1.837482769210295,0.73937338977223,139.14468476309418,27.58762967133836,67.73085028608244,2.485881054531758,🟢,accelerating_quiet_base,1.839227036453811,2.9007851362697337,0.6652317080876601,6.178755807928882,,obv_still_strong,308782758.28352356,-4.389373686038766,3.922713246855802,-8.312086932894568,0.0,0.0,-0.2877511404388997,-7.9778934128661545,7.690142272427255,1.0,850.0707998310935,-1.0,802.0349528929685,-1.0,1.0,689.1424127419687,810.9667380318165,818.532506998842,0.0,6.974225760181848,0.0,7.008186426338248,13.442036067628237,0.0,7.008186426338248,13.442036067628237,FALLBACK_BROAD_INDEX,-29.290934817684168,0.0,0.0,0.9458992659955499,95.63492063492063,0.34855192220285736,0.0,-167.77844191425754,-163.77962318093662,-3.998818733320917,954.6944153532662,1227.3949204716362,0.0,CLEAN,Clean Science and Technology Ltd.,Chemicals,CLEAN.NS,0.5608507397348861,-8.02602554065791,19.16552352138614,0.0013505740413228932,ok,25.912408759124084,26.851851851851855,-0.939443092727771,7.69459143922039,13.467018709883005,-5.772427270662615,ok,,,,,,,missing,False,67.97146798509728,93.4,14.2,30.0,61.8,56.47144039552918,Watch,10.0,10.0,0.0,0.0,0.0,0.0,9.34,0.0,0.0,29.34,Below Watchlist,,,,,,,6.974225760181848,61.8,0,,0.0,0.0,,0,,5.0,0,,0.0,0.0,,🟢,99.2,🟢,12.49,13.389999999999999,,,,,,,,,31-MAR-2026,ok,,,,,0.0,,NSE500
JSWSTEEL.NS,1272.4000244140625,294729135.0,0.04470291343615134,0.03317414125457526,0.03748269073656516,92.763122985541,0.0,0.0,0.047030783458508474,0.02718197549158864,4.315922414739815,74.38998770017969,18.373135285361315,4.346744494004184,,quiet_but_not_accelerating,0.011131410449001804,0.09801933842897018,0.16045489071763785,0.18897830031987528,,no_obv_signal,1669012004.7621887,-5.7876914984028645,-5.313537937957685,-0.4741535604451794,0.0,0.0,20.180528133158987,24.376048102217442,-4.195519969058456,0.0,1312.832722811135,-1.0,1260.4033160203917,1.0,1.0,1152.2399999908998,1273.383470693969,1278.4832425274228,0.0,8.394327145178796,1.0,9.461453933985764,14.582847047222769,,,,^CNXMETAL,-5.115583563455444,1.0,1.0,0.9284413104824526,9.126984126984127,0.5184899735519388,1.0,100.74076321327084,97.71451907649111,3.0262441367797237,1153.3664506139696,989.8718747074427,1.0,JSWSTEEL,JSW Steel Ltd.,Metals & Mining,JSWSTEEL.NS,3.613916948222462,75.2799343943875,18.746973274953945,1.1901592156157237,ok,-71.58649536898716,665.0285714285715,-736.6150667975586,-6.297441664323869,10.126274353700877,-16.423716018024745,ok,0.17401322285127616,,,,,,missing,False,73.70709304493934,25.92,56.39999999999999,55.0,64.60000000000001,56.4461279134818,Watch,10.0,10.0,0.0,0.0,10.0,3.5,2.5920000000000005,0.0,0.0,36.092,Below Watchlist,,🟢,,🟢,,🟢,8.394327145178796,64.60000000000001,0,,0.0,0.0,,10,🟢,3.0,5,🟢,0.0,0.0,,,41.4,,5.33,0.01,,,,,,,,,31-MAR-2026,ok,,,,,0.0,,NSE500
JMFINANCIL.NS,125.77999877929688,1752094881.0,-0.020785408695901335,0.023939757840575344,0.026525538533121687,93.57031679822063,0.0,0.0,0.03168261750355718,0.033183215438627275,35.642024840062724,22.524091797034497,71.04622500118613,2.8370544435999845,,quiet_but_not_accelerating,0.009005298322850928,0.05780101077676313,0.1642678497849034,2.963322698647164,,no_obv_signal,306139442.94961965,-0.39756129025752784,-0.46694649929005827,0.06938520903253043,0.0,0.0,-1.1787979409680531,-1.6735342139261196,0.49473627295806644,1.0,130.69412159530032,-1.0,125.06843924300576,1.0,-1.0,149.61649072350573,126.08366490379134,126.39207380305656,0.0,3.766747729399315,0.0,7.2741209158763365,5.592786806459249,,,,^CNXFIN,-27.526153909456553,0.0,0.0,0.6398207176821311,2.380952380952381,0.27480654567126944,1.0,5.459861196784445,9.10473121060481,-3.6448700138203645,126.22929458151204,110.87801582183899,0.0,JMFINANCIL,JM Financial Ltd.,Financial Services,JMFINANCIL.NS,19.133826058929905,26.251378332912935,,1.0949581653362959,partial,76.30057803468208,-47.09480122324159,123.39537925792366,33.112061827215015,-19.613042079455063,52.72510390667008,ok,0.45424258676160795,,,,,,missing,False,63.17961087937722,83.8,72.39999999999999,10.0,52.2,56.40388326381317,Watch,10.0,5.0,0.0,0.0,10.0,3.5,8.379999999999999,0.0,0.0,36.879999999999995,Below Watchlist,,,,🟢,,,3.766747729399315,52.2,0,,0.0,0.0,,0,,6.0,0,,0.0,0.0,,🟢,40.0,,5.17,17.150000000000002,,,,,,,,,31-MAR-2026,ok,,,,,20.0,🟢,NSE500
TTML.NS,,2807688931.0,0.07071794221065565,0.05849387679457436,0.06709097967690912,100.0,1.0,1.0,0.043186024550614134,0.0586722822754796,60.7732946096396,17.67934872002384,82.32065127997616,-13.853844149860494,,neither,0.07279233479644227,0.17071034920392067,1.0,-8.541827379789801,,no_obv_signal,195143938.27521592,-0.7696926620759541,-0.8003604682415439,0.03066780616558984,1.0,0.0,-2.372413798352241,-2.0785360433896525,-0.2938777549625886,0.0,,-1.0,,1.0,1.0,32.53316255316044,35.64450334287931,36.18456329335181,0.0,-0.38808895399089494,0.0,-10.666833555219368,-5.136201082733594,0.0,-10.666833555219368,-5.136201082733594,FALLBACK_BROAD_INDEX,-38.32651936179881,0.0,0.0,0.7847160326729025,59.92063492063492,0.3513512995513237,0.0,-9.791390214687269,-9.3647776281223,-0.4266125865649695,50.17534263393243,61.31271615678645,0.0,TTML,Tata Teleservices (Maharashtra) Ltd.,Telecommunication,TTML.NS,,,,,missing,,,,,,,missing,,,,,,,missing,False,80.06,39.48,71.6,40.0,38.2,56.38399999999999,Watch,20.0,0.0,10.0,0.0,0.0,3.5,3.948,0.0,0.0,37.448,Below Watchlist,🟢,,🟢,,,,-0.38808895399089494,38.2,0,,,,,0,,1.0,15,🟢,,,,🟢,45.2,,0.16,2.6,,,,,,,,,31-MAR-2026,ok,,,,,,,NSE500
NAUKRI.NS,1245.0,76097630.0,-0.5234283186869376,0.16683285855533056,-0.02839729440595034,75.93477952821588,0.0,0.0,0.6841690523154996,0.7801663748726498,-2.6865813890732966,69.11406292713087,6.82071660108501,26.554800718849304,,neither,-0.005246629038896827,2.704253773130514,-0.005201654794064632,0.07635956228366769,,price_not_rising,1671725373.4091735,-10.570644170075639,-5.055071062213532,-5.515573107862107,0.0,0.0,48.65296293005781,37.36255481237123,11.290408117686582,1.0,1356.6917083949638,-1.0,1273.1917974744692,-1.0,1.0,1100.6105103037519,1263.521880162572,1275.6455124824158,0.0,18.9069950362449,0.0,33.40756820852111,30.28674849134594,,,,^CNXCONSUM,-10.357582981314565,0.0,1.0,1.123932710352641,95.63492063492063,0.8405072656350906,0.0,-24.88879699824588,-14.64810098625585,-10.24069601199003,1211.4053771717458,1194.912163251325,0.0,NAUKRI,Info Edge (India) Ltd.,Consumer Services,NAUKRI.NS,11.877575609692293,,4.71463034968744,0.006819009128050694,ok,108.1145584725537,-14.139344262295072,122.25390273484877,6.052007898327341,1.7335629355479103,4.318444962779431,ok,,,,,,,missing,False,52.247172834875556,94.72,20.599999999999998,30.0,84.0,56.30815185046267,Watch,10.0,5.0,0.0,0.0,0.0,0.0,9.472000000000001,0.0,0.0,24.472,Below Watchlist,,,,,,🟢,18.9069950362449,84.0,5,,0.0,0.0,,0,,17.0,0,,0.0,0.0,,,95.6,🟢,15.58,27.97,,,,,,,,,31-MAR-2026,ok,,,,,10.0,,NSE500
KOTAKBANK.NS,406.0,116143261.0,-0.6205807537401081,0.7953071021142886,0.0867686718628613,57.713738247183755,0.0,0.0,0.943763229553702,0.3979962981326377,-50.14722844375606,58.112669362173996,-0.3989311149902406,3.6841124094153743,🟢,accelerating_quiet_base,0.3489020969399626,1.9997338714624262,0.19309699187588905,4.022550012314929,,obv_still_strong,4755766874.621277,-0.3518975509152824,1.99365888621719,-2.3455564371324726,0.0,0.0,4.438877650079689,2.3293082190572347,2.1095694310224546,1.0,420.98439580669896,-1.0,407.8921909378545,-1.0,1.0,372.6310518465142,408.8617353114566,410.44914393126595,0.0,6.972833131960417,0.0,8.400313338839993,11.862144202498115,,,,^CNXFIN,-8.631168841515233,1.0,1.0,0.9555723240060917,42.46031746031746,0.5704810978977278,0.0,5.703465633107612,6.963057404192314,-1.2595917710847022,396.1887154073201,387.441817924505,0.0,KOTAKBANK,Kotak Mahindra Bank Ltd.,Financial Services,KOTAKBANK.NS,13.483136568379317,8.923950945073944,,0.5263792141059039,partial,1.1009174311926533,10.1010101010101,-9.000092669817446,7.760560781254743,1.4486073583407955,6.311953422913947,ok,2.207344607925428,,,,,,missing,False,50.57980838651431,87.16,33.800000000000004,45.0,61.6,55.91594251595429,Watch,10.0,5.0,0.0,0.0,0.0,0.0,8.716,0.0,0.0,23.716,Below Watchlist,,,,,,🟢,6.972833131960417,61.6,0,,0.0,0.0,,0,,30.0,0,,0.0,0.0,,,95.19999999999999,🟢,23.57,0.01,,,,,,,,,31-MAR-2026,ok,,,,,5.0,,NSE500
TATASTEEL.NS,188.0,3635940008.0,-0.006137415824768021,-0.13721919300652974,0.02047319406102706,49.41387880408441,0.0,0.0,-0.10156554721094437,-0.06720799594910606,2.7663812870835276,51.61607565109251,-2.2021968470080964,-0.031903413470513176,,quiet_but_not_accelerating,-0.16483830183886625,0.29240759844977665,2.246085497415189,-0.8909285780247078,,no_obv_signal,4537892237.949742,0.3611412997271941,-0.03191955819693475,0.39306085792412887,0.0,0.0,-1.3598989841320304,-0.6372630415342526,-0.7226359425977777,0.0,180.31639025290397,1.0,185.2974563233924,1.0,1.0,178.78654960666267,186.81460394278784,186.32119762920607,1.0,4.615721911621325,0.0,4.541822241056259,1.9854241713308074,,,,^CNXMETAL,-13.228834120352277,0.0,1.0,0.9631713141241133,34.92063492063492,0.2165293193463256,0.0,14.597722627854978,15.190299464803651,-0.5925768369486732,176.11103359825447,152.76255295074347,0.0,TATASTEEL,Tata Steel Ltd.,Metals & Mining,TATASTEEL.NS,,,,,missing,,,,,,,missing,,,,,,,missing,False,38.804857581429545,36.72,76.8,85.0,56.00000000000001,55.90545727442886,Watch,0.0,5.0,0.0,5.0,0.0,10.0,3.6719999999999997,5.0,0.0,28.672,Below Watchlist,,,,,🟢,🟢,4.615721911621325,56.00000000000001,0,,0.0,0.0,,0,,6.0,0,,0.0,0.0,,,8.799999999999999,,14.469999999999999,0.0,,,,,,,,,31-MAR-2026,ok,,,,,,,NSE500
BLUESTARCO.NS,1529.5,62772023.0,0.15378111157073723,-0.21976812872965723,-0.030605095044250158,22.90275918759992,0.0,0.0,-0.19623755655565367,-0.10227424497367334,12.985763401463142,14.99399710582897,7.9087620817709485,-5.607011033276866,,quiet_but_not_accelerating,-0.10771785203033749,0.25307655232804244,1.0,-9.023314036271124,,no_obv_signal,1014887091.6717346,5.839308425685886,-0.5374454275838558,6.376753853269742,0.0,0.0,-53.15990435221988,-55.5032321358184,2.343327783598518,1.0,1443.451248820408,1.0,1599.019086102129,-1.0,-1.0,1802.167390064029,1538.8854660597003,1530.0859108546808,1.0,0.35552695575547294,0.0,-0.933814389040033,-10.21928258040542,0.0,-0.933814389040033,-10.21928258040542,FALLBACK_BROAD_INDEX,-23.78632860384306,0.0,0.0,0.8515506368713207,49.2063492063492,0.5456348824024821,0.0,34.90551604848133,99.80911180090075,-64.90359575241942,1654.7126927436664,1410.2787168524615,0.0,BLUESTARCO,Blue Star Ltd.,Consumer Durables,BLUESTARCO.NS,15.752689783847519,9.631956251945306,20.656545507477652,0.2360514458620982,ok,-54.84162895927602,181.88775510204084,-236.72938406131686,-17.046408942893766,39.200973572031685,-56.24738251492545,ok,6.296245789919558,,,,,,missing,False,39.92596571565997,87.52000000000001,92.60000000000001,30.0,42.0,55.671789714698,Watch,0.0,0.0,0.0,5.0,0.0,6.5,8.752,0.0,0.0,20.252000000000002,Below Watchlist,,,,,🟢,,0.35552695575547294,42.0,0,,0.0,0.0,,0,,12.0,0,,0.0,0.0,,🟢,5.800000000000001,,22.05,0.04,,,,,,,,,31-MAR-2026,ok,,,,,0.0,,NSE500
ATHERENERG.NS,1407.0,332571164.0,-0.4003008043885743,0.3933734055198408,0.5183465138591009,85.48831883760168,0.0,0.0,0.4426037154271036,0.4930498694336085,7.527321660130063,72.53685179805123,12.951467039550451,23.361530819769193,,neither,0.2675962118716859,1.1187643042428803,0.46418451417444556,11.640081368582212,,obv_still_strong,6144167674.026819,-10.647103425218347,18.506093177522626,-29.153196602740973,0.0,0.0,188.34842684010073,187.87484374503597,0.47358309506475393,1.0,1611.5840249003445,-1.0,1488.1787900303837,-1.0,1.0,1245.2879405685287,1508.924783394743,1533.3922972965888,0.0,35.541406490161314,0.0,36.85694161402417,88.87860503201796,,,,^CNXAUTO,-18.46314210092377,0.0,0.0,1.4439141389343821,24.271844660194176,0.5225135654000208,1.0,268.4330619015159,175.39591670685417,93.03714519466172,858.2900980962368,590.6763240334762,1.0,ATHERENERG,Ather Energy Ltd.,Automobile and Auto Components,ATHERENERG.NS,27.199636224445122,,-13.429757656474067,0.2581871470052048,ok,49.23664122137404,-18.01801801801801,67.25465923939205,3.5976367629782233,23.181627516778526,-19.583990753800304,ok,,,,,,,missing,False,59.71091159316059,83.68,4.0,30.0,96.0,55.64927347794817,Watch,10.0,5.0,0.0,0.0,10.0,0.0,8.368,0.0,0.0,33.368,Below Watchlist,,,,🟢,,,35.541406490161314,96.0,15,🟢,0.0,0.0,,10,🟢,9.0,0,,0.0,0.0,,,92.0,🟢,20.45,17.22,21.05,16.77,False,True,-0.6000000000000014,0.4499999999999993,,,31-MAR-2026,ok,,🟢,5.0,,10.0,,NSE500
FIRSTCRY.NS,184.3699951171875,415015989.0,1.1632246046525216,0.2572308170488243,0.5676869891612798,97.31563913189203,0.0,0.0,0.13846081059163917,0.18973670597138326,255.94641165248066,7.432914275554896,89.88272485633713,-17.43024736405078,,neither,0.36753937772938644,2.3866377402786294,1.0,-13.139545892502236,,no_obv_signal,1660677776.1836975,-2.7679810174863064,-5.563213333090046,2.79523231560374,0.0,0.0,-19.677527144088486,-19.451024787719064,-0.22650235636942284,0.0,184.92127297744742,-1.0,173.58200145051444,1.0,-1.0,225.33616041219767,178.9733132432743,179.52701147677115,0.0,-7.883340287248771,0.0,-12.200318524201315,-11.124990957618873,,,,^CNXCONSUM,-51.2119613403088,0.0,0.0,0.8962016013092422,92.06349206349206,0.3295916662249791,0.0,-91.67340210936896,-89.51841218640894,-2.154989922960027,303.390902963114,435.63501217621297,0.0,FIRSTCRY,Brainbees Solutions Ltd.,Consumer Services,FIRSTCRY.NS,17.55245796843439,,-0.1526385217773663,0.3302260382132245,ok,-6.779661016949159,18.57688963718414,-25.3565506541333,-10.767439432817948,15.461528163991767,-26.228967596809717,ok,,,,,,,missing,False,94.0304736961622,40.08,86.6,25.0,8.4,55.47514210884866,Watch,10.0,0.0,0.0,0.0,0.0,3.5,4.008,5.0,0.0,22.508,Below Watchlist,,,,,,,-7.883340287248771,8.4,0,,0.0,0.0,,0,,20.0,0,,0.0,0.0,,🟢,73.8,,15.42,3.52,,,,,,,,,31-MAR-2026,ok,,,,,0.0,,NSE500
NTPCGREEN.NS,89.98999786376953,995307331.0,0.13634117954941116,0.02674842138877413,0.5484388417632462,97.74043826766942,0.0,0.0,0.1393022871024342,0.10455544252823074,25.43242049940781,14.281465305849695,83.45897296181973,-5.769635744743951,,quiet_but_not_accelerating,0.0263160842857462,2.878373586873643,0.11740336153287248,-0.04443065208231678,,no_obv_signal,258696781.23632583,0.5447002457801631,0.0590337636761395,0.4856664821040236,0.0,0.0,-2.362427160137173,-2.0282729541204456,-0.3341542060167275,0.0,89.17018265932819,1.0,93.52618116268474,-1.0,-1.0,99.99605204150075,91.49957015787159,90.8001844756778,1.0,0.25154427489212744,0.0,0.41582577113576935,-7.845071677113613,0.0,0.41582577113576935,-7.845071677113613,FALLBACK_BROAD_INDEX,-24.289081775478074,0.0,0.0,0.8419387354364062,59.523809523809526,0.4016688744870054,0.0,-6.393155719600941,-6.3440111505750965,-0.0491445690258443,99.60083029722038,109.2477181169502,0.0,NTPCGREEN,NTPC Green Energy Ltd.,Power,NTPCGREEN.NS,156.23029072225822,45.057153099084644,2.8963648184033586,1.6723344190066116,ok,1050.0,-92.3076923076923,1142.3076923076924,39.69753095868603,-3.957601329001338,43.655132287687366,ok,3.27326206508587,,,,,,missing,False,78.90915339368429,39.0,78.2,30.0,41.6,55.44274601810528,Watch,10.0,5.0,0.0,5.0,0.0,6.5,3.9000000000000004,0.0,0.0,30.4,Below Watchlist,,,,,🟢,,0.25154427489212744,41.6,0,,0.0,0.0,,0,,2.0,10,🟢,0.0,0.0,,🟢,67.4,,3.81,1.6099999999999999,,,,,,,,,31-MAR-2026,ok,,,,,20.0,🟢,NSE500
SCHAEFFLER.NS,,15573708.0,0.027402101677559923,-0.030290934063431352,0.1131659003755183,90.30551158649897,0.0,0.0,0.033448592369297425,0.027094431521090676,9.070629609863229,51.3267450189059,38.97876656759306,-3.3405002884262402,,quiet_but_not_accelerating,-0.04566621320282454,0.4761803133179308,-0.5513462803737424,-2.094009940628161,,no_obv_signal,189884449.43796387,-1.9424274483485533,-4.971266160146838,3.0288387117982847,0.0,0.0,0.6647692300812196,18.1086709517531,-17.44390172167188,0.0,,1.0,,-1.0,1.0,3425.894515630549,4017.4178968593233,4015.377881719097,1.0,0.9484855787194083,0.0,0.46703929126767907,2.6859371362055517,,,,^CNXAUTO,-9.173363949483353,1.0,1.0,0.8376700450144421,20.634920634920633,0.46257081861057775,1.0,182.70757146517462,214.12414558528639,-31.41657412011176,3894.413403926193,3422.8965253424954,0.0,SCHAEFFLER,Schaeffler India Ltd.,Automobile and Auto Components,SCHAEFFLER.NS,,,,,missing,,,,,,,missing,,,,,,,missing,False,62.51692905527464,10.319999999999999,87.0,75.0,43.8,55.43907871658239,Watch,10.0,5.0,0.0,5.0,10.0,6.5,1.0319999999999998,0.0,0.0,37.532,Below Watchlist,,,,🟢,🟢,🟢,0.9484855787194083,43.8,0,,,,,0,,5.0,0,,,,,,38.6,,15.110000000000001,4.25,,,,,,,,,31-MAR-2026,ok,,,,,,,NSE500
NYKAA.NS,327.3500061035156,966297310.0,-0.0038764087832728533,0.02122610596883772,0.16389248479728852,95.42870727381624,0.0,0.0,0.0122381576765776,0.1534723205130102,5.134175231291379,81.21828669332695,14.210420580489298,5.308026275059929,,quiet_but_not_accelerating,0.05932186681235122,0.4273900756313592,1.0,-1.8146334444286705,,no_obv_signal,1167277934.6010177,-0.674422947747189,0.6414381822579229,-1.315861130005112,0.0,0.0,18.045272193467724,19.15659019805297,-1.1113180045852467,0.0,347.8459261141824,-1.0,334.34121492614173,-1.0,1.0,290.0432543895801,332.30033085293,333.5821252549856,0.0,17.210789754165322,0.0,14.244519218596153,38.458935453467234,,,,^CNXCONSUM,-6.351017726998667,1.0,1.0,1.1408795105003628,58.730158730158735,0.36128223505585605,0.0,33.65088305103686,23.021053424179325,10.629829626857532,262.1774868047868,245.41324809750492,1.0,NYKAA,FSN E-Commerce Ventures Ltd.,Consumer Services,NYKAA.NS,24.72564760638678,117.95673606589823,23.952987647925404,0.8607977857828343,ok,3.703703703703707,22.727272727272734,-19.023569023569028,5.053678578036909,-7.833958639315621,12.88763721735253,ok,3.1113102332279707,,,,,,missing,False,66.77004754583568,35.879999999999995,45.0,45.0,81.6,55.197014263750695,Watch,10.0,5.0,0.0,0.0,0.0,0.0,3.5879999999999996,0.0,0.0,18.588,Below Watchlist,,,,,,🟢,17.210789754165322,81.6,5,,0.0,0.0,,10,🟢,23.0,0,,0.0,0.0,,,58.8,,19.6,12.4,,,,,,,,,31-MAR-2026,ok,,,,,5.0,,NSE500
SONATSOFTW.NS,260.8500061035156,449620759.0,0.06325504822359942,0.03662128099810605,0.2945595018043161,97.3558947569471,0.0,0.0,0.1473811808935618,0.3819659140888694,86.52936514832864,30.98715105045857,66.36874370648852,-0.8308365656728767,,quiet_but_not_accelerating,-0.008316880352638235,0.6309279464721477,-0.04162499760268071,-18.79274468347486,,no_obv_signal,338841317.9113922,-6.251062659823276,-6.411973435999675,0.16091077617639904,0.0,0.0,-2.714271572570624,-0.4939624730725462,-2.2203090994980776,0.0,296.93947838573047,-1.0,280.198716908822,-1.0,1.0,237.81014452500017,274.7294414456479,279.2542280739893,0.0,5.528509522856858,0.0,1.6710501657362986,15.897998107986776,0.0,-5.752703420226036,18.21977969775963,^CNXIT,-31.899970346027285,0.0,0.0,0.9227560990652686,68.65079365079364,0.5387970844206001,0.0,-54.507883252969805,-53.00326638061359,-1.504616872356216,335.1540100370408,381.33228270819137,0.0,SONATSOFTW,Sonata Software Ltd.,Information Technology,SONATSOFTW.NS,,,,,missing,,,,,,,missing,,,,,,,missing,False,76.90456316493149,31.2,74.0,30.0,57.599999999999994,55.051368949479446,Watch,10.0,7.5,0.0,0.0,0.0,0.0,3.12,0.0,0.0,20.62,Below Watchlist,,,,,,,5.528509522856858,57.599999999999994,0,,0.0,0.0,,0,,21.0,0,,0.0,0.0,,🟢,84.0,,24.82,8.74,,,,,,,,,31-MAR-2026,ok,,,,,,,NSE500
TITAGARH.NS,,475598328.0,0.015845014993122315,0.02200679863146051,0.11322315730290741,97.95294737843358,0.0,0.0,0.017764184439928322,0.08743021612738182,12.44247473601758,68.42258455457518,29.530362823858397,-6.685053091602078,,quiet_but_not_accelerating,0.02210273556770352,0.37811824511443637,0.9618904937003726,-0.6265977226913466,,no_obv_signal,557709954.1098022,-5.05467921168497,-3.0873807372707764,-1.9672984744141937,0.0,0.0,10.54355754560629,14.594746659326738,-4.051189113720447,0.0,,1.0,,-1.0,1.0,695.7744911131383,829.7447328997515,834.6900610652299,0.0,11.745943663991513,0.0,-2.5794152775118317,31.791358088944644,0.0,-2.5794152775118317,31.791358088944644,FALLBACK_BROAD_INDEX,-12.113253449090177,0.0,1.0,0.9594566016493049,61.111111111111114,0.2909519984342526,0.0,-17.492019417117717,-9.74798465332485,-7.744034763792866,839.9688079337242,753.1510532676558,0.0,TITAGARH,Titagarh Rail Systems Ltd.,Capital Goods,TITAGARH.NS,,,,,missing,,,,,,,missing,,,,,,,missing,False,70.42353158245174,26.52,37.0,60.0,73.2,54.96105947473552,Watch,10.0,5.0,0.0,0.0,0.0,6.5,2.652,0.0,0.0,24.152,Below Watchlist,,,,,,🟢,11.745943663991513,73.2,0,,,,,0,,38.0,0,,,,,🟢,46.0,,9.33,10.67,,,,,,,,,31-MAR-2026,ok,,,,,,,NSE500
GODIGIT.NS,,142228036.0,0.19639194862799392,0.11194744198545861,0.09183339654364853,100.0,1.0,1.0,0.00546335627219345,0.13628784879010294,44.01156555542338,19.15481740196108,80.84518259803892,-17.670054730258013,,neither,0.06128332324165387,0.5324224203215724,0.5557525606046964,3.255541537991391,,no_obv_signal,210616888.81797943,-2.7880045155742152,-3.9514457648666923,1.163441249292477,1.0,0.0,-17.700027989315004,-16.894572518581512,-0.8054554707334916,0.0,,1.0,,1.0,-1.0,299.7480263652598,251.84096015299096,253.127254602037,0.0,-8.05714379433969,0.0,-11.085030364159,-16.27734635228738,,,,^CNXFIN,-27.9950777885207,0.0,0.0,0.9304579789496351,71.82539682539682,0.693712650269856,0.0,-12.43882104847728,-2.0008787674346715,-10.43794228104261,310.42556534164635,313.6733492574871,0.0,GODIGIT,Go Digit General Insurance Ltd.,Financial Services,GODIGIT.NS,20.83791508649888,148.32765704904375,,0.07469248038788873,partial,-42.2360248447205,6.622516556291397,-48.85854140101189,-10.470808264505491,5.46490818549642,-15.935716450001912,ok,0.3306163393640428,,,,,,missing,False,87.49,36.6,81.0,40.0,7.8,54.887,Watch,20.0,0.0,10.0,0.0,0.0,10.0,3.66,0.0,0.0,43.66,Below Watchlist,🟢,,🟢,,,,-8.05714379433969,7.8,0,,,,,0,,3.0,5,🟢,,,,🟢,53.400000000000006,,8.28,0.0,,,,,,,,,31-MAR-2026,ok,,,,,0.0,,NSE500
HFCL.NS,216.2100067138672,5600760837.0,-0.009632575090869571,0.0632380894237525,0.27140175055558946,97.65489468525477,0.0,0.0,0.036134140986887615,0.21339571491956677,13.068159155805168,81.59876574706817,16.056128938186603,1.6734618608068796,,quiet_but_not_accelerating,0.03021407066358866,0.8986004003408385,0.3412799786461921,11.598580785312551,,no_obv_signal,1489350177.7632623,-4.072953898407434,-2.01858811435095,-2.054365784056484,0.0,0.0,27.01876878522671,31.149174418843362,-4.13040563361665,0.0,234.76805709474252,-1.0,202.60943228326073,1.0,1.0,176.66406161527868,215.7857914373186,220.17010439755316,0.0,69.04820347253018,0.0,8.154550677254857,210.039852797633,0.0,8.154550677254857,210.039852797633,FALLBACK_BROAD_INDEX,-13.941238113088414,0.0,1.0,1.8359603338536743,59.92063492063492,0.38424423789966106,0.0,31.024716081938976,13.625937583474137,17.39877849846484,134.51846250507492,107.02887729542513,1.0,HFCL,HFCL Ltd.,Telecommunication,HFCL.NS,1.4877865777898291,1.1788582382425083,12.175342087227472,0.387738076982058,ok,23.1404958677686,80.59701492537312,-57.45651905760452,4.981031949652435,50.65535724609552,-45.67432529644309,ok,52.80588452501796,,,,,,missing,False,70.37921313983918,26.4,36.6,40.0,99.8,54.853763941951755,Watch,10.0,10.0,0.0,0.0,0.0,3.5,2.64,0.0,0.0,26.14,Below Watchlist,,,,,,🟢,69.04820347253018,99.8,15,🟢,0.0,0.0,,10,🟢,2.0,10,🟢,0.0,0.0,,🟢,67.80000000000001,,6.92,0.0,,,,,,,,,31-MAR-2026,ok,,,,,0.0,,NSE500
NIACL.NS,168.2899932861328,1245419975.0,0.19499152071769466,0.3459554232250176,0.3631941564415081,96.08321774343777,0.0,0.0,0.26375370783059215,0.44334922094758455,25.441930407975867,44.98107271875267,51.1021450246851,-4.681705491824994,,quiet_but_not_accelerating,0.3710923162414298,0.9881964435409002,0.9661688470058734,-3.069923960922316,,no_obv_signal,2703825378.08594,-4.013526304949693,-0.3482952932114191,-3.665231011738274,0.0,0.0,6.436302244108589,7.59898265164796,-1.162680407539371,0.0,195.9684284400657,-1.0,176.16764296069582,-1.0,1.0,154.0436536135267,181.30579368312831,186.20370080405795,0.0,9.729546628759694,0.0,-1.3926849224936366,32.142710278305685,,,,^CNXFIN,-27.210209555579183,0.0,0.0,1.6899983575674151,92.85714285714286,0.6521282222384223,0.0,-2.8031302525769775,-3.974768540174344,1.1716382875973665,170.94608830822392,168.89314487147016,1.0,NIACL,The New India Assurance Company Ltd.,Financial Services,NIACL.NS,,,,,missing,,,,,,,missing,,,,,,,missing,False,90.66912621020322,35.76,26.6,30.0,67.60000000000001,54.48273786306097,Watch,10.0,2.5,0.0,0.0,0.0,0.0,3.5759999999999996,0.0,0.0,16.076,Below Watchlist,,,,,,,9.729546628759694,67.60000000000001,0,,0.0,0.0,,10,🟢,65.0,0,,0.0,0.0,,🟢,88.8,,0.1,1.0,,,,,,,,,31-MAR-2026,ok,,,,,,,NSE500
CPPLUS.NS,3817.60009765625,17375499.0,-0.48463323590210605,-0.15716445359539544,0.6503824582602786,83.05269210283356,0.0,0.0,-0.10626213115637285,0.21171937789207068,-9.942745881331046,96.89355673860122,-13.840864635767659,4.725338003958646,,quiet_but_not_accelerating,-0.23399230039909802,2.268119981403233,4.774858380143217,12.580362655743137,,no_obv_signal,921895456.6606567,35.61406178834113,23.486316610606266,12.127745177734866,0.0,0.0,372.0212325433358,418.71856150029964,-46.697328956963815,0.0,3898.8931826616813,-1.0,3662.883491772359,1.0,1.0,2862.8483880869817,3702.4634890887864,3672.343755731848,1.0,46.225999182262456,1.0,8.404545225056825,130.95915318476048,1.0,8.404545225056825,130.95915318476048,FALLBACK_BROAD_INDEX,-2.0902258972266363,1.0,1.0,1.635015776186753,,0.2939784816837626,,588.3533417027766,337.5231217012321,250.83022000154443,2279.211850891316,1747.3483480442658,1.0,CPPLUS,Aditya Infotech Ltd.,Capital Goods,CPPLUS.NS,22.673760548993236,50.329106079051215,25.90429675081071,0.09604301233391782,ok,75.67237163814181,31.08974358974358,44.582628048398234,24.836846309838382,23.865311927762722,0.9715343820756601,ok,1.670998286119081,,,,,,missing,True,33.938442235991744,4.08,96.0,70.0,98.6,54.187532670797516,Watch,5.0,20.0,0.0,5.0,,3.5,0.40800000000000003,5.0,10.0,48.908,Below Watchlist,,🟢,,,🟢,🟢,46.225999182262456,98.6,15,🟢,0.0,0.0,,10,🟢,6.0,0,,0.0,0.0,,,46.2,,13.08,0.0,11.73,0.0,True,False,1.3499999999999996,0.0,,,31-MAR-2026,ok,🟢,,5.0,,10.0,,NSE500
EMMVEE.NS,314.54998779296875,251913521.0,0.34208176637826365,0.13415472209422064,0.7656427854551889,96.897103176752,0.0,0.0,0.1493111747258027,0.5687898396264258,14.063516261193868,74.1031758960764,22.793927280675604,-8.011856247814574,,neither,0.13622050816716658,1.8511968672724433,0.8986269669557616,-0.6551234373228909,,no_obv_signal,798120301.3035781,-1.5250199757764449,0.6746558755503136,-2.1996758513267585,0.0,0.0,17.075409416842945,21.929557385284564,-4.8541479684416196,0.0,347.2422959010689,-1.0,324.5840275572643,-1.0,1.0,252.68306137617924,324.0997630728018,326.2006453423788,0.0,13.046931362805841,0.0,0.0765057731222818,38.19416116652532,0.0,0.0765057731222818,38.19416116652532,FALLBACK_BROAD_INDEX,-13.63916022183142,0.0,1.0,,,,,26.53379510949054,14.144388757973491,12.38940635151705,257.9245633500212,235.32942720812395,1.0,EMMVEE,Emmvee Photovoltaic Power Ltd.,Capital Goods,EMMVEE.NS,102.89736248434505,394.59845518585144,34.80225951807178,0.09744672776768906,ok,-3.1746031746031695,37.95620437956203,-41.1308075541652,-10.541134486407973,50.905067009230706,-61.446201495638675,ok,0.04479650076601163,,,,,,missing,True,88.3539861118632,24.240000000000002,35.6,30.0,75.6,54.03419583355896,Watch,10.0,10.0,0.0,0.0,,0.0,2.4240000000000004,0.0,10.0,32.424,Below Watchlist,,,,,,🟢,13.046931362805841,75.6,0,,0.0,0.0,,10,🟢,22.0,0,,0.0,0.0,,🟢,89.2,,7.59,2.45,,,,,,,,,31-MAR-2026,ok,,,,,0.0,,NSE500
ABCAPITAL.NS,,995151898.0,-0.01966654887936875,0.019597952087072008,0.008643069251324064,59.65280864698376,0.0,0.0,0.024271744041754882,0.06675168633089117,8.491487722909797,71.19341925558469,-11.540610608600929,-0.6747925430339086,,quiet_but_not_accelerating,-0.004848235238264019,0.1500235314825051,-0.12839112171575226,-2.8803390274181884,,no_obv_signal,965196166.9386765,-3.2079488655485306,-2.514219583014353,-0.6937292825341776,0.0,0.0,13.330869339078504,16.961663095748698,-3.6307937566701938,0.0,,1.0,,-1.0,1.0,347.27401803207766,393.10992512187704,395.97316525370803,0.0,9.367023954138194,0.0,3.4115062164718823,21.619269886183233,,,,^CNXFIN,-9.889333363034138,1.0,1.0,0.9501066201925116,5.555555555555555,0.34444452422896243,1.0,50.15890577192886,44.672219850421286,5.486685921507572,322.79424592725235,251.96620719646765,1.0,ABCAPITAL,Aditya Birla Capital Ltd.,Financial Services,ABCAPITAL.NS,17.132834826171074,-7.753633848827423,,5.206578952337543,partial,3.521126760563389,19.327731092436977,-15.806604331873588,-10.162461747392857,13.712893972343787,-23.875355719736646,ok,,,,,,,missing,False,51.14848302644431,27.24,52.800000000000004,75.0,67.2,53.7925449079333,Watch,10.0,5.0,0.0,0.0,10.0,6.5,2.7239999999999998,0.0,0.0,34.224,Below Watchlist,,,,🟢,,🟢,9.367023954138194,67.2,0,,,,,10,🟢,8.0,0,,,,,,44.800000000000004,,6.41,0.0,6.569999999999999,0.0,False,False,-0.15999999999999925,0.0,,,30-JUN-2026,ok,,,0.0,,0.0,,NSE500
EXIDEIND.NS,407.0,685201688.0,0.049465990280329004,0.036941719041253936,0.113027704293679,87.09502202672577,0.0,0.0,0.13110571801182327,0.1805539495193453,14.944390331408089,59.01982521280278,28.075196813922993,5.508356880369081,,quiet_but_not_accelerating,-0.026743350482272867,0.3575593166288393,-0.11663802262772,-9.515337695533344,,no_obv_signal,852903912.6527145,-6.10910672817397,-5.9080400763565235,-0.2010666518174462,0.0,0.0,16.970144332705104,21.993093193313523,-5.02294886060842,0.0,443.96087066993766,-1.0,420.7094273644236,-1.0,1.0,399.15888694304226,419.92541366850713,424.6134892524451,0.0,14.464405891255362,0.0,11.523609691057457,37.186764939801954,,,,^CNXAUTO,-17.048811767463825,0.0,0.0,1.2086077022385222,58.730158730158735,0.5334755964057216,0.0,15.402482209425216,11.554610862616553,3.847871346808663,381.33096036221514,338.19026181261836,1.0,EXIDEIND,Exide Industries Ltd.,Automobile and Auto Components,EXIDEIND.NS,6.129948989267353,1.2599390969455948,8.811111989149177,0.11329859725203796,ok,62.84584980237155,10.480349344978155,52.365500457393395,16.752443966691516,12.725355247715203,4.027088718976312,ok,32.88658959821865,,,,,,missing,False,72.67325770935402,23.76,63.6,30.0,77.60000000000001,53.73397731280621,Watch,10.0,5.0,0.0,0.0,0.0,0.0,2.376,0.0,0.0,17.376,Below Watchlist,,,,,,,14.464405891255362,77.60000000000001,0,,0.0,0.0,,10,🟢,27.0,0,,0.0,0.0,,🟢,72.39999999999999,,8.91,0.0,,,,,,,,,31-MAR-2026,ok,,,,,10.0,,NSE500
ZENSARTECH.NS,429.0,544187539.0,0.6372173347422299,0.17586401715253971,0.2874717829993599,97.97917057936125,0.0,0.0,0.3115755382566705,0.49506277173434676,107.38326162103708,3.7169143419012776,94.26225623745998,3.319550016096051,,quiet_but_not_accelerating,0.2188275351105144,1.3917279135609335,1.0,-15.542870422228216,,no_obv_signal,1533321612.0994232,-11.040078981257693,-12.042506406129146,1.0024274248714526,1.0,0.0,-32.67628432164446,-32.6733564754957,-0.002927846148757851,0.0,462.12577471561303,-1.0,424.84469441516336,1.0,-1.0,545.3914289275884,434.33498099916574,442.020566927456,0.0,-3.216422267943934,0.0,6.878617024315892,-20.31708278631913,0.0,-0.9253794437402041,-18.720796972704456,^CNXIT,-45.42288602412338,0.0,0.0,0.7700376024344792,36.904761904761905,0.3623317682710694,0.0,-44.405844936814105,-8.55962400045358,-35.846220936360524,571.7608546298411,558.3376097700053,0.0,ZENSARTECH,Zensar Technolgies Ltd.,Information Technology,ZENSARTECH.NS,,,,,missing,,,,,,,missing,,,,,,,missing,False,91.22270970277643,41.879999999999995,79.80000000000001,10.0,26.400000000000002,53.672812910832924,Watch,10.0,2.5,10.0,0.0,0.0,3.5,4.188,0.0,0.0,30.188,Below Watchlist,,,🟢,,,,-3.216422267943934,26.400000000000002,0,,0.0,0.0,,0,,11.0,0,,0.0,0.0,,🟢,90.8,🟢,20.97,10.5,,,,,,,,,31-MAR-2026,ok,,,,,,,NSE500
HSCL.NS,667.5999755859375,1357304608.0,0.013908337328528655,-0.09123137322236735,0.15466627046930825,84.21481326688152,0.0,0.0,0.014577508871216829,0.1391861374382157,12.743183705367775,64.87220384463296,19.342609422248557,-1.7078969983230663,,quiet_but_not_accelerating,-0.08803501805415721,0.5298330851798033,-1.8890590182993257,-11.063750899488966,,no_obv_signal,1782130568.3186035,-6.950458745352307,-10.408165955808492,3.457707210456185,0.0,0.0,32.213661959074216,45.43106930232575,-13.217407343251537,0.0,707.4013604080826,-1.0,665.6898182850438,1.0,1.0,596.9896804440939,669.4986368044001,672.7973531114375,0.0,20.519557081532508,0.0,4.182026834751662,49.57921864931587,0.0,4.182026834751662,49.57921864931587,FALLBACK_BROAD_INDEX,-16.64378134157845,0.0,0.0,0.8930285771424152,37.301587301587304,0.4656757799527243,0.0,79.07228474443468,65.43589287400566,13.636391870429023,544.4497346559006,410.3880858446431,1.0,HSCL,Himadri Speciality Chemical Ltd.,Chemicals,HSCL.NS,3.7402585863998805,51.52193845940267,20.975548826807728,0.1635928672658487,ok,14.321608040201001,3.645833333333337,10.675774706867664,11.191526371373547,8.798431929166457,2.39309444220709,ok,0.8083507966769705,,,,,,missing,False,55.09518464340853,13.68,88.8,40.0,86.2,53.51455539302256,Watch,10.0,10.0,0.0,0.0,0.0,3.5,1.368,0.0,0.0,24.868,Below Watchlist,,,,,,,20.519557081532508,86.2,5,,0.0,0.0,,10,🟢,11.0,0,,0.0,0.0,,🟢,56.2,,1.1400000000000001,5.9799999999999995,,,,,,,,,31-MAR-2026,ok,,,,,5.0,,NSE500
HDFCBANK.NS,722.7000122070312,-108822866.0,3.9830717277453362,-1.2344904388183997,-0.49769184788901916,8.37336551867518,0.0,0.0,-1.3935470314985732,-0.6740801070523005,-80.28194003834832,11.63494575009136,-3.261580231416179,-9.430415295297479,,neither,-0.7976057815712926,2.0561348443997605,1.0,-3.4017257737795625,,no_obv_signal,19936420402.898766,1.051148841729173,-1.0676681358095887,2.1188169775387617,0.0,0.0,-27.679792302930423,-29.73112482268138,2.0513325197509573,1.0,704.5522355829753,1.0,730.7416748385126,-1.0,-1.0,796.5015716765936,725.4818466537323,723.0818077110351,1.0,-0.3471383001255455,0.0,-4.6397302024528635,-6.8026972059346384,,,,^CNXFIN,-27.22604446735702,0.0,0.0,0.8829580035116118,21.825396825396826,0.5003165440226306,1.0,-25.945204497748136,1.6789322185515756,-27.624136716299713,818.3080251523227,810.3227720786169,0.0,HDFCBANK,HDFC Bank Ltd.,Financial Services,HDFCBANK.NS,16.901404653643336,12.466083352511493,,0.8134343829261803,partial,,,,-10.44996274626888,45.996302676821536,-56.446265423090416,partial,1.2754345170327097,,,,,,missing,False,38.56067793153632,86.92,85.2,30.0,38.4,53.492203379460896,Watch,0.0,0.0,0.0,5.0,10.0,6.5,8.692,0.0,0.0,30.192,Below Watchlist,,,,🟢,🟢,,-0.3471383001255455,38.4,0,,0.0,0.0,,0,,11.0,0,,0.0,0.0,,,1.0,,29.54,0.01,,,,,,,,,31-MAR-2026,ok,,,,,0.0,,NSE500
HONAUT.NS,33980.0,611813.0,0.16688422862667313,0.03194959334561737,0.40124652563318836,100.0,1.0,1.0,0.05603705721492465,0.4874419344641197,15.60169551524521,55.78964612121109,44.21035387878891,-12.670229644624476,,neither,-0.021781591919370503,1.9424210392497199,-0.1539261076731486,-13.985571446652322,,no_obv_signal,148256216.75,-674.9337490311955,-712.3310727227118,37.39732369151636,0.0,0.0,304.1182429422406,817.2339409511225,-513.1156980088819,0.0,36351.15322865109,-1.0,34463.31083353917,-1.0,1.0,32461.51922945895,34150.76700732572,34629.378822812796,0.0,4.480519710282027,0.0,-7.941443318285691,21.261724966298633,0.0,-7.941443318285691,21.261724966298633,FALLBACK_BROAD_INDEX,-15.272409923949631,0.0,0.0,1.1592161847069182,83.33333333333334,0.5404287388485907,0.0,-1439.7731059035286,-1796.8710374257655,357.0979315222369,36000.82265095417,38393.32974145984,0.0,HONAUT,Honeywell Automation India Ltd.,Capital Goods,HONAUT.NS,10.881051653785544,6.225405503268422,15.683321328007334,0.024760795034396217,ok,-5.620155038759693,31.74788444703821,-37.3680394857979,2.007283814686203,1.0267818944125953,0.9805019202736078,ok,9.433498905278917,,,,,,missing,False,80.75999999999999,0.24,99.4,30.0,55.2,53.466,Watch,20.0,5.0,0.0,0.0,0.0,0.0,0.023999999999999997,0.0,0.0,25.024,Below Watchlist,🟢,,,,,,4.480519710282027,55.2,0,,0.0,0.0,,0,,36.0,0,,0.0,0.0,,🟢,84.6,,10.02,0.0,,,,,,,,,31-MAR-2026,ok,,,,,0.0,,NSE500
IDFCFIRSTB.NS,79.45999908447266,3608323857.0,-0.07390337600671172,0.032318953676330114,0.05531149392976005,89.17229437663987,0.0,0.0,0.09651909376406109,0.12506202442492848,7.501082991891424,71.11801988180363,18.054274494836235,0.2559201878634676,,quiet_but_not_accelerating,-0.006541218432330738,0.2073450547786552,-0.03945039556112082,-5.8887202342602585,,no_obv_signal,1892220825.995166,-0.7057369710489638,0.05177823244919755,-0.7575152034981614,0.0,0.0,2.71190699681749,2.835720680138499,-0.12381368332100928,0.0,85.68432646783201,-1.0,82.05032569581975,-1.0,1.0,74.92121319035698,83.57566780691337,84.4806575372611,0.0,12.174345573026756,0.0,7.4280348136005925,28.887731671243454,,,,^CNXFIN,-9.601822861085394,1.0,1.0,1.0318570019110649,61.111111111111114,0.39012208217552663,0.0,2.966942989595964,2.0530726626522178,0.913870326943746,75.02854464657062,69.6079277482772,1.0,IDFCFIRSTB,IDFC First Bank Ltd.,Financial Services,IDFCFIRSTB.NS,19.64432443645019,-13.459190861707448,,0.7727783905977178,partial,247.3684210526316,-29.629629629629633,276.99805068226124,13.359616939925855,-4.070474195081351,17.430091135007206,ok,,,,,,,missing,False,57.29030303182395,41.51999999999999,52.400000000000006,45.0,74.0,53.45109090954718,Watch,10.0,5.0,0.0,0.0,0.0,0.0,4.151999999999999,0.0,0.0,19.152,Below Watchlist,,,,,,🟢,12.174345573026756,74.0,0,,0.0,0.0,,10,🟢,45.0,0,,0.0,0.0,,,65.60000000000001,,11.19,0.0,,,,,,,,,31-MAR-2026,ok,,,,,20.0,🟢,NSE500
IDEA.NS,13.5600004196167,2684654599.0,-1.4888494122988367,0.47441946130134344,0.38476130012336524,83.53150286164168,0.0,0.0,-0.1583270897472427,0.639047311212412,-20.355881346286477,72.69076453909636,10.84073832254532,-6.224063735518548,,quiet_but_not_accelerating,0.11369230963725172,3.3047671036165434,0.09756109199623439,4.227518686078713,,obv_still_strong,5783907416.89922,-0.12114108478527541,0.027538222990530235,-0.14867930777580565,0.0,0.0,0.7276070029940875,0.8699335788653337,-0.1423265758712462,0.0,14.895747093466074,-1.0,13.982590856912338,-1.0,1.0,12.237238073055634,14.064843092678421,14.234895100644305,0.0,16.31172959967033,0.0,-0.9407110702878696,53.58718281988113,0.0,-0.9407110702878696,53.58718281988113,FALLBACK_BROAD_INDEX,-13.076922512618761,0.0,1.0,1.0387459983558525,27.77777777777778,0.41055338275174946,0.0,0.9541616006846354,0.3312430924421455,0.62291850824249,11.22113354343291,10.724928247837953,1.0,IDEA,Vodafone Idea Ltd.,Telecommunication,IDEA.NS,,,,,missing,,,,,,,missing,,,,,,,missing,False,57.62602600157459,41.160000000000004,65.8,30.0,80.2,53.41980780047237,Watch,5.0,5.0,0.0,0.0,0.0,0.0,4.1160000000000005,0.0,0.0,14.116,Below Watchlist,,,,,,🟢,16.31172959967033,80.2,5,,0.0,0.0,,10,🟢,9.0,0,,0.0,0.0,,,82.6,,5.93,0.0,,,,,,,,,31-MAR-2026,ok,,,,,,,NSE500
JINDALSTEL.NS,1130.0,301980642.0,-0.0032997627036841074,0.04204707502800621,0.0008127547098741306,61.49924636723381,0.0,0.0,0.0671226024179376,-0.02092729061819549,9.022876721537939,48.2243879901652,13.274858377068611,6.784594343679684,🟢,accelerating_quiet_base,0.022762013452734882,0.17400859361379215,0.209653171017317,2.6871833372935194,,no_obv_signal,773966527.9857483,4.944181757265824,5.187064854180695,-0.24288309691487164,0.0,1.0,2.1869990390546263,-1.1359538480277862,3.3229528870824128,1.0,1188.5072790897161,-1.0,1164.5147050312771,-1.0,-1.0,1222.8547037501155,1141.6886639078134,1138.6032490377702,1.0,6.280799906543681,0.0,11.72371233110956,0.7181582238821038,,,,^CNXMETAL,-12.164538155407477,0.0,1.0,0.9847419141784136,49.2063492063492,0.5725994195299944,0.0,86.87526536045016,93.35898196959991,-6.483716609149752,1063.0571783455227,889.5002051654219,0.0,JINDALSTEL,Jindal Steel Ltd.,Metals & Mining,JINDALSTEL.NS,-13.073621647753274,-5.372330731936181,7.548482517153129,0.44420499378080985,ok,-19.182083739045755,449.1978609625668,-468.37994470161254,-4.440349678535617,24.33514336090646,-28.77549303944208,ok,,,,,,,missing,False,57.61473622853184,89.19999999999999,62.2,0.0,59.599999999999994,53.39442086855956,Watch,5.0,5.0,0.0,5.0,0.0,0.0,8.919999999999998,0.0,0.0,23.919999999999998,Below Watchlist,,,,,🟢,🟢,6.280799906543681,59.599999999999994,0,,0.0,0.0,,0,,10.0,0,,0.0,0.0,,,35.199999999999996,,14.49,9.2,,,,,,,,,31-MAR-2026,ok,,,,,0.0,,NSE500
SARDAEN.NS,500.3500061035156,270762185.0,0.12262408706342845,0.28345662071289346,0.07177397147572868,97.29628830904328,0.0,0.0,0.23772644993346037,0.08644372284174431,27.227622968164866,26.52669841963488,70.7695898894084,-0.6390432725647877,🟢,accelerating_quiet_base,0.2729605834751058,0.33994523100959423,0.802954589668599,-1.8621241492716045,,price_not_rising,329417005.49481964,-2.7460516433370685,-1.1927568359049459,-1.5532948074321227,0.0,0.0,-6.386617796851965,-4.7101283326553425,-1.6764894641966226,0.0,538.4729469409818,-1.0,510.1164013564483,-1.0,1.0,475.45574895380594,502.9533740488654,505.7882138556934,0.0,3.7811989925461016,0.0,4.741215162017398,-0.2075516195818139,,,,^CNXMETAL,-18.023564938429185,0.0,0.0,0.8211233369420976,36.11111111111111,0.41058030759633124,0.0,46.80048945067176,60.76461478582973,-13.964125335157966,482.24888575356755,371.94333564379616,0.0,SARDAEN,Sarda Energy and Minerals Ltd.,Metals & Mining,SARDAEN.NS,,,,,missing,,,,,,,missing,,,,,,,missing,False,89.20370090816513,32.76,41.199999999999996,30.0,52.400000000000006,53.35311027244954,Watch,10.0,2.5,0.0,0.0,0.0,0.0,3.276,0.0,0.0,15.776,Below Watchlist,,,,,,,3.7811989925461016,52.400000000000006,0,,0.0,0.0,,0,,17.0,0,,0.0,0.0,,🟢,73.6,,0.45999999999999996,3.51,,,,,,,,,31-MAR-2026,ok,,,,,,,NSE500
PAGEIND.NS,,792625.0,0.4193119841264098,-0.44401870506926133,0.289315622069216,44.32619535423274,0.0,0.0,-0.5836382237922946,0.15702604800822204,-19.485636209188254,56.365702011732985,-12.039506657500247,-6.677297677839533,,quiet_but_not_accelerating,-0.3139452204695686,2.2197903238175094,1.0,-8.221885065119439,,no_obv_signal,680500292.0,133.3984057077323,-165.33295797764038,298.7313636853727,0.0,0.0,-90.49511070944573,147.95205611145295,-238.44716682089867,0.0,,1.0,,1.0,1.0,34671.51278180422,36761.900879775516,36457.63210601859,1.0,8.044143613093317,0.0,-2.7625776509660582,24.56799791408195,0.0,-2.7625776509660582,24.56799791408195,FALLBACK_BROAD_INDEX,-13.535799466461842,0.0,1.0,0.9101381200956636,50.0,0.6823942993531535,0.0,-731.2920375633184,-566.1878492096666,-165.1041883536518,38390.73476094802,38216.65966736787,0.0,PAGEIND,Page Industries Ltd.,Textiles,PAGEIND.NS,3.76734233594076,10.168074655845105,61.47465089905254,0.18422213777594687,ok,-5.702348025657622,-2.685832092543808,-3.0165159331138143,-9.674203218429529,7.429080901372435,-17.103284119801963,ok,5.1606544774762675,,,,,,missing,False,48.67416837398145,0.6,100.0,70.0,63.800000000000004,53.292250512194435,Watch,5.0,5.0,0.0,5.0,0.0,10.0,0.06,0.0,0.0,25.06,Below Watchlist,,,,,🟢,🟢,8.044143613093317,63.800000000000004,0,,,,,0,,3.0,5,🟢,,,,,4.0,,23.27,19.0,,,,,,,,,31-MAR-2026,ok,,,,,0.0,,NSE500
NSLNISP.NS,41.790000915527344,804468126.0,-0.06018886000760489,0.3864737080476553,0.33066012777177356,94.04762536001992,0.0,0.0,0.2722228251076629,0.35277169041146594,22.83611916209076,44.39276914712036,49.65485621289956,-2.4737400147958666,,quiet_but_not_accelerating,0.44522657541946,1.0363536953040573,0.9735177147587459,-2.859134191418522,,price_not_rising,201494393.77412835,-0.4363505419761893,-0.2689350049731124,-0.16741553700307688,0.0,0.0,0.18572881155886023,0.540557092946809,-0.35482828138794875,0.0,45.788486959404594,-1.0,43.14583097787972,-1.0,1.0,39.198332689083,42.462620798951704,42.87823816884224,0.0,4.8012291989268965,0.0,2.1634340891899972,17.414128022899476,,,,^CNXMETAL,-20.475734496195358,0.0,0.0,1.0269515967983303,50.39682539682539,0.48698174886382173,0.0,-0.3547660894600355,-0.8058548719229116,0.4510887824628761,42.657219261927146,42.29021068627144,1.0,NSLNISP,NMDC Steel Ltd.,Metals & Mining,NSLNISP.NS,,,3.505917583945164,0.3501943339507485,ok,,-112.8205128205128,,28.969408416425896,-11.274963863240805,40.2443722796667,partial,,,,,,,missing,False,71.04666887600698,38.52,65.4,30.0,56.39999999999999,53.2880006628021,Watch,10.0,5.0,0.0,0.0,0.0,0.0,3.8520000000000003,0.0,0.0,18.852,Below Watchlist,,,,,,,4.8012291989268965,56.39999999999999,0,,0.0,0.0,,10,🟢,14.0,0,,0.0,0.0,,🟢,86.8,,0.83,0.0,,,,,,,,,31-MAR-2026,ok,,,,,10.0,,NSE500
KFINTECH.NS,,132503137.0,0.01804659248526487,0.10055678859458064,0.059391430606042316,88.20371314384184,0.0,0.0,0.20751521032028805,0.1658474225707685,29.756594069304967,24.49084433825137,63.71286880559047,3.073758534165849,,quiet_but_not_accelerating,0.037377112401478015,0.3908340960526007,0.10471233708422106,-6.002127826372272,,price_not_rising,456857997.29526365,-10.732693314608127,-9.270368784014916,-1.4623245305932109,0.0,0.0,-5.927644362995466,-9.008156770099596,3.0805124071041305,1.0,,-1.0,,-1.0,-1.0,1025.9515560400819,898.9723350291525,908.3652943716227,0.0,1.2191338139255734,0.0,8.242235890215643,-0.9051618066998501,,,,^CNXFIN,-23.729986741991617,0.0,0.0,0.7687354839973964,45.23809523809524,0.3902738714999248,0.0,21.867687227324723,55.175078298665696,-33.30739107134097,938.8295537992028,803.0178904282086,0.0,KFINTECH,Kfin Technologies Ltd.,Financial Services,KFINTECH.NS,22.488488745269542,20.644629853258344,18.888806269084178,0.03313856118049138,ok,-7.066381156316918,-11.886792452830187,4.820411296513269,2.6505052831601073,-6.347490097635027,8.997995380795134,ok,2.384809044771005,,,,,,missing,True,74.16129960034465,88.96,42.8,0.0,45.2,53.24038988010339,Watch,10.0,2.5,0.0,0.0,0.0,0.0,8.895999999999999,0.0,10.0,31.396,Below Watchlist,,,,,,,1.2191338139255734,45.2,0,,,,,0,,9.0,0,,,,,🟢,76.2,,13.11,26.26,,,,,,,,,31-MAR-2026,ok,,,,,5.0,,NSE500
TIMKEN.NS,,15651018.0,-0.0036297741898044657,0.02422498838240275,0.06910939132253445,71.97778421443851,0.0,0.0,0.003958912035836043,0.04007974460585566,10.623287928077753,31.907293499366435,40.07049071507208,-8.818097559589411,,neither,-0.015519210865836457,0.21416908928853814,-0.26327336853505373,2.7591967836005926,,no_obv_signal,119275330.87150879,3.5155980963027105,0.80491239213975,2.7106857041629606,0.0,0.0,-45.391097470189834,-23.40388247036225,-21.987214999827582,0.0,,1.0,,1.0,1.0,3052.957983493903,3204.080270028724,3198.5337419025177,1.0,1.0901556852240923,0.0,-8.00206271299546,-1.6763089788236485,0.0,-8.00206271299546,-1.6763089788236485,FALLBACK_BROAD_INDEX,-15.503468149267697,0.0,0.0,1.0129958649808828,51.98412698412699,0.4676744785917137,0.0,50.840656775474145,54.91337447008618,-4.072717694612038,3211.875540101637,3017.494990707427,0.0,TIMKEN,Timken India Ltd.,Capital Goods,TIMKEN.NS,,,,,missing,,,,,,,missing,,,,,,,missing,False,59.23222447505348,8.52,86.2,70.0,44.800000000000004,53.123667342516036,Watch,10.0,0.0,0.0,5.0,0.0,10.0,0.852,0.0,0.0,25.852,Below Watchlist,,,,,🟢,,1.0901556852240923,44.800000000000004,0,,,,,0,,30.0,0,,,,,🟢,34.4,,25.88,0.0,,,,,,,,,31-MAR-2026,ok,,,,,,,NSE500
GAIL.NS,170.0399932861328,2090270212.0,-0.08270602477150266,-0.02353634504496479,0.012686998637616265,40.96881394114365,0.0,0.0,-0.018973746970400638,-0.00016598239203346568,2.616502212447971,76.31134948423522,-35.34253554309157,-1.6869930121506393,,quiet_but_not_accelerating,-0.03983586486744171,0.16422365850082665,-22.713419780952243,-6.01094394060131,,no_obv_signal,1015224660.3007233,-0.4385468931098728,-0.23661207896107578,-0.20193481414879705,0.0,0.0,2.2867548232224806,2.6359410837122006,-0.34918626048972,0.0,165.35896560100915,1.0,174.75302083809808,-1.0,1.0,152.2649310802029,172.32675107067692,172.75862667435538,0.0,11.282552251077648,0.0,4.382718965403187,19.69253201067609,,,,^CNXENERGY,-6.010943940601314,1.0,1.0,0.8004709657988437,31.349206349206348,0.3146605621384932,0.0,3.5747120971785478,4.639959198402221,-1.0652471012236733,168.69999794046083,152.26696023938214,0.0,GAIL,GAIL (India) Ltd.,Oil Gas & Consumable Fuels,GAIL.NS,-0.8622469851381598,10.525172279057893,9.116356309375842,0.2788501015164582,ok,214.15929203539827,-15.3558052434457,229.51509727884397,15.799901901673996,1.1462649157587117,14.653636985915284,ok,1.098339551458131,,,,,,missing,False,32.799084879400276,38.64,63.4,75.0,72.2,52.90772546382008,Watch,0.0,5.0,0.0,0.0,0.0,6.5,3.8640000000000003,0.0,0.0,15.364,Below Watchlist,,,,,,🟢,11.282552251077648,72.2,0,,0.0,0.0,,0,,15.0,0,,0.0,0.0,,,20.599999999999998,,10.299999999999999,0.0,,,,,,,,,31-MAR-2026,ok,,,,,15.0,🟢,NSE500
CANHLIFE.NS,,131672164.0,-0.2687221185033393,0.23200706426513215,0.8021806863320255,94.32032455703997,0.0,0.0,0.9833253969291366,1.075387088289135,0.04503457529289978,80.67453989247217,13.645784664567799,6.523734720548857,,quiet_but_not_accelerating,0.21609968111862818,2.8611854567410777,0.15007790669777085,0.7099362583888436,,price_not_rising,122570661.75851898,-0.25101720009141104,0.2863793209169514,-0.5373965210083624,0.0,0.0,3.597197397363743,3.761987141426009,-0.16478974406226587,0.0,,-1.0,,-1.0,1.0,125.19850723622723,151.52751162345538,152.08525723201814,0.0,4.420252979879417,0.0,16.051812183172952,4.998714692121631,,,,^CNXFIN,-6.010301599586578,1.0,1.0,,,,,8.385543072151904,6.406274170582523,1.9792689015693812,134.64506552165616,125.68912767468737,1.0,CANHLIFE,Canara HSBC Life Insurance Company Ltd.,Financial Services,CANHLIFE.NS,7.309429625273967,8.23217644041716,,0.1557176403171657,partial,-18.91891891891892,27.58620689655173,-46.50512581547065,237.12700589661932,-69.28859539532394,306.4156012919433,ok,13.617474165109044,,,,,,missing,False,62.662113594963984,41.04,55.00000000000001,45.0,54.800000000000004,52.4766340784892,Watch,10.0,5.0,0.0,0.0,,0.0,4.104,0.0,0.0,19.104,Below Watchlist,,,,,,🟢,4.420252979879417,54.800000000000004,0,,,,,10,🟢,47.0,0,,,,,,97.6,🟢,16.34,5.680000000000001,,,,,,,,,31-MAR-2026,ok,,,,,10.0,,NSE500
JINDALSAW.NS,,1220422218.0,-0.011800222935209506,0.10838876501190814,0.24896693674625628,98.81931055404429,0.0,0.0,0.08568100243799474,0.06767393222972604,12.496423653815771,74.82828818010366,23.991022373940638,6.187032411343996,,quiet_but_not_accelerating,0.11503861701454565,0.8916585672816045,0.8802179744355525,8.592210217268237,,no_obv_signal,539995085.4946716,-1.3537739813502299,1.641632332110192,-2.995406313460422,0.0,0.0,20.177706854101984,21.391617069732007,-1.2139102156300225,0.0,,-1.0,,-1.0,1.0,240.3142084467089,288.3887323916027,291.5253484613231,0.0,19.444832058998063,0.0,11.849904510783627,46.881229367989064,0.0,11.849904510783627,46.881229367989064,FALLBACK_BROAD_INDEX,-13.02362396961122,0.0,1.0,1.3492621313200333,67.46031746031747,0.4364692339285752,0.0,15.048677252378837,6.688512326752977,8.36016492562586,232.57398953472318,198.0612663859158,1.0,JINDALSAW,Jindal Saw Ltd.,Capital Goods,JINDALSAW.NS,0.3565185349600819,14.764261808090984,9.678656330214503,0.3716836258826455,ok,-25.229357798165147,-46.039603960396036,20.81024616223089,-3.9100201144711964,-6.2695588672596445,2.359538752788448,ok,1.9301354426256045,,,,,,missing,False,73.6667586939155,35.4,29.4,30.0,85.2,52.37002760817465,Watch,10.0,10.0,0.0,0.0,0.0,0.0,3.54,0.0,0.0,23.54,Below Watchlist,,,,,,🟢,19.444832058998063,85.2,5,,,,,10,🟢,39.0,0,,,,,🟢,56.00000000000001,,5.4,13.459999999999999,,,,,,,,,31-MAR-2026,ok,,,,,10.0,,NSE500
SWIGGY.NS,253.6999969482422,560561508.0,0.06821124670299518,1.061494766470865,-0.02767765374677661,68.50157792284527,0.0,0.0,1.0443860623005865,0.3294085945572801,50.985927091865726,7.130931258516428,61.370646664328845,5.995400241820081,🟢,accelerating_quiet_base,1.1822239561723986,1.2390573986882993,0.9541317112701427,-10.938703224625923,,price_not_rising,7316087817.045004,-4.031785402991204,-1.5772957328890278,-2.454489670102176,0.0,0.0,-8.255575552703192,-10.601039979485076,2.3454644267818843,1.0,279.89269703809157,-1.0,261.176606921619,-1.0,-1.0,310.22608788456716,267.2366646612699,271.4367435483558,0.0,-0.39584011299373945,0.0,12.015707236953377,-9.30500664812952,,,,^CNXCONSUM,-43.42105254202786,0.0,0.0,0.7638970042055798,45.412844036697244,0.2965655748125728,0.0,-47.22669187200154,-41.17536894863365,-6.051322923367891,328.14806951570523,387.96293615138853,0.0,SWIGGY,Swiggy Ltd.,Consumer Services,SWIGGY.NS,,,,,missing,,,,,,,missing,,,,,,,missing,False,79.31555227299584,87.64,33.0,0.0,38.0,51.972665681898754,Watch,10.0,2.5,0.0,0.0,0.0,0.0,8.764,0.0,0.0,21.264,Below Watchlist,,,,,,,-0.39584011299373945,38.0,0,,0.0,0.0,,0,,22.0,0,,0.0,0.0,,🟢,95.39999999999999,🟢,20.23,14.59,,,,,,,,,31-MAR-2026,ok,,,,,,,NSE500
PERSISTENT.NS,5162.0,69638236.0,-0.1480849890570527,0.06744945350904,0.011264357633441777,79.58140157090837,0.0,0.0,0.206503525363015,0.15299580950610914,15.955739619306273,39.32245996259934,40.25894160830903,19.725608278320152,,neither,-0.06567836202763068,0.5315652286320014,-0.17329977039692973,-6.974229590917281,,price_not_rising,2183190135.625,-67.68602049826404,-33.958323476720665,-33.72769702154338,0.0,0.0,56.26473904546947,43.33939605024489,12.925342995224575,1.0,5684.74604270221,-1.0,5410.216155808142,-1.0,1.0,4615.009520650494,5341.41062930098,5412.523690991963,0.0,8.841311714044892,0.0,27.030701446606443,13.9552835284243,0.0,17.755252596080418,16.238146767417618,^CNXIT,-20.796682979908887,0.0,0.0,0.8775711129242552,34.12698412698413,0.6945031697047297,0.0,207.93968919374038,327.7417287153566,-119.80203952161622,5170.188503079425,4408.505775861943,0.0,PERSISTENT,Persistent Systems Ltd.,Information Technology,PERSISTENT.NS,20.876820665406125,26.512789723849515,29.38723810641568,0.06091564592608564,ok,-9.061102831594622,20.078740157480297,-29.13984298907492,6.096988192863942,7.350898111669431,-1.2539099188054887,ok,1.7543234976197255,,,,,,missing,True,53.48349054981793,95.44,3.2,30.0,65.8,51.48304716494538,Watch,10.0,10.0,0.0,0.0,0.0,0.0,9.544,0.0,10.0,39.544,Below Watchlist,,,,,,,8.841311714044892,65.8,0,,0.0,0.0,,0,,3.0,5,🟢,0.0,0.0,,🟢,75.0,,22.12,0.0,,,,,,,,,31-MAR-2026,ok,,,,,0.0,,NSE500
APOLLOHOSP.NS,,28667144.0,-0.07137638843802446,-0.039530550821031386,0.17806574978830528,88.07011533066357,0.0,0.0,-0.005642906912004318,0.17170065934146672,1.0164607949789122,90.88290154248494,-2.8127862118213756,2.4877392214440963,,quiet_but_not_accelerating,-0.01574508372630683,0.6924884357185689,1.3881952661570909,-1.309364397515067,,no_obv_signal,2494369523.35,28.774569239170887,22.786474679748594,5.988094559422294,0.0,0.0,271.498325886927,304.63895705284824,-33.14063116592126,0.0,,-1.0,,1.0,1.0,7996.1010524201965,8875.625107824875,8850.516010642079,1.0,11.025030125435668,1.0,9.020870819165383,23.929146737877048,0.0,-3.674411595148175,0.41111946533420873,^CNXPHARMA,-2.3045539750799424,1.0,1.0,1.0459493364350179,49.60317460317461,0.239638146546415,0.0,666.5442168513937,562.4079300177123,104.13628683368142,7715.906276863482,6684.973374022099,1.0,APOLLOHOSP,Apollo Hospitals Enterprise Ltd.,Healthcare,APOLLOHOSP.NS,14.846702644087806,33.336300616284454,19.197485301229353,0.8958133353023702,ok,5.208929593589011,16.07973421926909,-10.870804625680076,1.9776453515299348,10.874514301364236,-8.896868949834301,ok,1.7981454118132767,,,,,,missing,False,48.92454036573225,5.88,92.0,55.0,71.0,51.30336210971967,Watch,5.0,12.5,0.0,5.0,0.0,3.5,0.588,0.0,0.0,26.588,Below Watchlist,,🟢,,,🟢,🟢,11.025030125435668,71.0,0,,,,,10,🟢,30.0,0,,,,,,59.199999999999996,,16.650000000000002,42.620000000000005,17.330000000000002,41.5,False,True,-0.6799999999999997,1.1200000000000045,,,31-MAR-2026,ok,,🟢,5.0,,0.0,,NSE500
TECHNOE.NS,,48190880.0,0.030083137699205995,-0.011455599895251276,0.04382217460763475,56.041693046526355,0.0,0.0,-0.017717825270941893,0.003530176720412375,21.096925106893014,19.91852864475682,36.123164401769536,-9.047245295615403,,neither,-0.01372802527246179,0.20395459922931772,1.1008377827673719,2.2466171144447378,,no_obv_signal,128728634.18605652,2.9605281080181385,0.8245549613986263,2.135973146619512,0.0,0.0,-36.46672833201626,-37.227186989173376,0.7604586571571161,1.0,,-1.0,,-1.0,-1.0,1215.9909428595633,993.7926064874644,989.6676090862975,1.0,-0.7506359786289702,0.0,-3.935993682735306,-8.262113446994634,0.0,-3.935993682735306,-8.262113446994634,FALLBACK_BROAD_INDEX,-27.9731020563174,0.0,0.0,0.7861070481622762,59.12698412698413,0.3003272631437802,0.0,-11.142785737705935,40.21352420854585,-51.356309946251784,1108.1825315357687,961.2481252595626,0.0,TECHNOE,Techno Electric & Engineering Company Ltd.,Construction,TECHNOE.NS,,,,,missing,,,,,,,missing,,,,,,,missing,False,53.34459256628422,84.88,85.39999999999999,0.0,36.4,51.24937776988527,Watch,5.0,0.0,0.0,5.0,0.0,0.0,8.488,0.0,0.0,18.488,Below Watchlist,,,,,🟢,,-0.7506359786289702,36.4,0,,,,,0,,5.0,0,,,,,🟢,21.4,,21.279999999999998,8.649999999999999,,,,,,,,,31-MAR-2026,ok,,,,,,,NSE500
LODHA.NS,1106.5999755859375,330576399.0,-0.01985629237452944,0.009364974282955331,0.2569585653367297,88.00314757770711,0.0,0.0,0.11864240266079122,0.31414794564285525,10.922569256780701,67.80129672645498,20.201850851252132,16.25099344223928,,neither,-0.011250613382320529,0.6406068258171027,-0.0802911372180948,-10.728916076130979,,no_obv_signal,2103626963.5890625,-18.86450997328143,-18.336912703070997,-0.5275972702104319,0.0,0.0,49.33672640715213,52.55750472375628,-3.2207783166041537,0.0,1197.9071356200302,-1.0,1147.1329255390665,-1.0,1.0,996.6927876944658,1136.559436046444,1151.8879282440532,0.0,21.345310819285114,0.0,24.59357801916986,37.473735296837575,,,,^CNXREALTY,-15.63888102017274,0.0,0.0,1.1240928529546788,77.38095238095238,0.5627746133003036,0.0,1.567040108198853,5.217263311795944,-3.6502232035970907,1079.6412625657388,989.6707264847282,0.0,LODHA,Lodha Developers Ltd.,Realty,LODHA.NS,20.39709807580783,91.6909463533498,18.238297658274014,0.4249727306301586,ok,36.04766633565043,5.334728033472801,30.712938302177633,6.008274106290442,0.8774745853397539,5.1307995209506885,ok,0.3328732684509471,,,,,,missing,True,59.79110165219749,28.319999999999997,55.60000000000001,30.0,88.0,51.14133049565924,Watch,10.0,5.0,0.0,0.0,0.0,0.0,2.8319999999999994,0.0,10.0,27.832,Below Watchlist,,,,,,,21.345310819285114,88.0,5,,0.0,0.0,,0,,4.0,0,,0.0,0.0,,🟢,79.80000000000001,,3.37,21.25,,,,,,,,,31-MAR-2026,ok,,,,,15.0,🟢,NSE500
VBL.NS,430.0,615835175.0,0.5101858751426431,-0.12793805311152062,-0.06289774102415278,32.8904830608715,0.0,0.0,-0.21137189214241245,-0.09253078428777876,8.251238331139275,30.191175045613548,2.699308015257955,-15.185324433782899,,neither,-0.07542077069459413,0.39829205070451257,1.0,-2.780915245859361,,no_obv_signal,2282508230.9275985,0.98815175275314,-2.263616710343853,3.251768463096993,0.0,0.0,-15.040161362814615,-10.607774101327555,-4.43238726148706,0.0,406.3372643637691,1.0,425.05177025941254,1.0,-1.0,484.12677777531496,427.06900145065805,424.26271343946144,1.0,2.9159430036513263,0.0,-9.980836328151055,7.959392046712321,,,,^CNXFMCG,-20.8754874301425,0.0,0.0,0.7559737279120238,28.57142857142857,0.7239885051562271,0.0,-5.452447464436602,5.755603035710179,-11.208050500146781,470.01235827172724,423.93169688624556,0.0,VBL,Varun Beverages Ltd.,Fast Moving Consumer Goods,VBL.NS,,,,,missing,,,,,,,missing,,,,,,,missing,False,47.491669071305026,25.2,88.0,55.0,49.2,50.86750072139151,Watch,0.0,2.5,0.0,5.0,0.0,10.0,2.52,5.0,0.0,25.02,Below Watchlist,,,,,🟢,,2.9159430036513263,49.2,0,,0.0,0.0,,0,,6.0,0,,0.0,0.0,,,5.6000000000000005,,8.3,19.509999999999998,,,,,,,,,31-MAR-2026,ok,,,,,,,NSE500
ADANIENT.NS,2972.89990234375,560955737.0,0.01885542372803053,-0.00476159711275588,0.08872004640814173,97.26025021567679,0.0,0.0,0.0027211494265881315,0.12136939965075669,8.00586601369963,83.54979103622075,13.710459179456038,-2.0783958384799073,,quiet_but_not_accelerating,0.0026970456409579997,0.28664288704949037,1.0,-1.2161521068699166,,no_obv_signal,4257859906.191382,-23.78577952329215,-17.59269357324821,-6.19308595004394,0.0,0.0,133.33673997357755,171.24799557777362,-37.91125560419607,0.0,3091.884743253084,-1.0,2751.3202990668915,1.0,1.0,2614.856865029249,2944.1077425749395,2964.581931080612,0.0,19.99617562251856,0.0,5.784922256588354,55.497141137313164,,,,^CNXMETAL,-7.44684748420622,1.0,1.0,1.1911431554237528,69.04761904761905,0.3023211828170111,0.0,81.52709525718365,-6.7386850278468735,88.26578028503052,2598.470743383836,2478.923046345525,1.0,ADANIENT,Adani Enterprises Ltd.,Metals & Mining,ADANIENT.NS,-7.670321975732774,55.91755566442864,9.826709116124725,1.3175228712174525,ok,-421.05263157894734,-103.70771899392888,-317.34491258501845,1.4940823340570437,30.7004265582147,-29.206344224157657,ok,0.9314813457258121,,,,,,missing,False,67.08108757548688,5.159999999999999,18.8,70.0,85.8,50.84632627264605,Watch,10.0,5.0,0.0,0.0,0.0,3.5,0.5159999999999999,5.0,0.0,24.016,Below Watchlist,,,,,,🟢,19.99617562251856,85.8,5,,0.0,0.0,,10,🟢,9.0,0,,0.0,0.0,,,49.4,,2.71,0.0,6.7299999999999995,0.0,False,False,-4.02,0.0,,,31-MAR-2026,ok,,,0.0,,0.0,,NSE500
ALKEM.NS,5250.0,9205116.0,0.4881730336850164,-0.17572137288540282,0.21517314876433438,84.23969554603633,0.0,0.0,-0.0382505514567447,0.34286418494795673,42.433229284293645,21.81328145687551,62.426414089160815,-5.576368800155973,,quiet_but_not_accelerating,-0.12742152620217156,0.7105333809471944,1.2690595044093165,-8.556094610422772,,no_obv_signal,777655039.725,-21.550954413533873,-31.24282909339509,9.691874679861218,0.0,0.0,-45.066440256752685,-17.16151700242566,-27.904923254327024,0.0,5041.664299193031,1.0,5335.530755690296,-1.0,-1.0,5908.043108652913,5275.321779795235,5283.580454808354,0.0,1.069003098929629,0.0,2.357336159846657,1.63361023400439,0.0,-9.049933604431049,-17.63663732549581,^CNXPHARMA,-9.98650802235201,1.0,1.0,1.009193978958188,54.761904761904766,0.9957030940060806,0.0,189.11232447644306,243.53612705164747,-54.423802575204405,5316.3201974142285,4851.347668230746,0.0,ALKEM,Alkem Laboratories Ltd.,Healthcare,ALKEM.NS,8.300903470575015,32.73918732340591,18.563144061597477,0.14812917417384824,ok,-62.83135927805979,-16.87763713080169,-45.953722147258105,-3.572556344699504,-6.602615852576488,3.0300595078769836,ok,0.9060364482167031,,,,,,missing,False,64.48389344111271,7.319999999999999,95.19999999999999,45.0,44.6,50.77916803233381,Watch,5.0,5.0,0.0,0.0,0.0,6.5,0.7319999999999999,0.0,0.0,17.232,Below Watchlist,,,,,,🟢,1.069003098929629,44.6,0,,0.0,0.0,,0,,40.0,0,,0.0,0.0,,🟢,71.6,,15.57,0.0,16.71,10.42,False,False,-1.1400000000000006,-10.42,,,31-MAR-2026,ok,,,0.0,,0.0,,NSE500
SCHNEIDER.NS,,255982021.0,0.03854625631060708,-0.010988943461894265,0.04353023803131176,92.07900730169924,0.0,0.0,-0.009515687683357216,0.02202794082787439,20.362607488790616,66.06638609563768,26.012621206061553,-18.258119762769077,,neither,-0.011997084834839617,0.1877988101437979,1.0,-8.487374550991579,,no_obv_signal,264903215.41825563,-11.749043774021175,-14.719625245188569,2.970581471167394,0.0,0.0,41.20701846142356,74.26607255135043,-33.059054089926875,0.0,,-1.0,,-1.0,1.0,1060.1642080005624,1211.6245925134815,1217.4445008835544,0.0,9.690151383571019,0.0,-6.032949638944385,38.018189435019465,0.0,-6.032949638944385,38.018189435019465,FALLBACK_BROAD_INDEX,-20.83944362612425,0.0,0.0,0.9515129414623698,30.555555555555557,0.42319312119456454,0.0,173.80350962519708,145.00871618641136,28.794793438785717,985.8952470747757,722.5732648964125,1.0,SCHNEIDER,Schneider Electric Infrastructure Ltd.,Capital Goods,SCHNEIDER.NS,,,,,missing,,,,,,,missing,,,,,,,missing,False,67.12765255559472,6.119999999999999,86.8,30.0,67.4,50.49229576667842,Watch,5.0,5.0,0.0,0.0,0.0,0.0,0.6119999999999999,0.0,0.0,10.612,Below Watchlist,,,,,,,9.690151383571019,67.4,0,,,,,10,🟢,61.0,0,,,,,🟢,26.0,,3.2800000000000002,3.19,,,,,,,,,31-MAR-2026,ok,,,,,,,NSE500
MAHABANK.NS,79.16000366210938,4071530625.0,-0.025330849698317465,0.04446905531770802,0.1186929598209262,93.16547800100658,0.0,0.0,0.03956659391314091,0.08486924953849982,15.077536899295776,63.81249564206256,29.35298235894402,-13.4295696100465,,neither,0.034602032245067756,0.25081336607652904,0.4586842361836003,-0.21429240517018,,no_obv_signal,1272906565.488093,-0.21921844245089517,0.1277285641468746,-0.3469470065977698,0.0,0.0,2.912685699790373,3.7946621883404026,-0.8819764885500296,0.0,87.36419466424577,-1.0,82.53802533368281,-1.0,1.0,74.56632751685274,82.06222641565994,82.39288568157373,0.0,5.960640433800397,0.0,-11.085338546715185,29.914876165235114,,,,^CNXFIN,-15.652631913534288,0.0,0.0,1.1198806367737517,43.25396825396825,0.369238678368523,0.0,9.40100732964197,7.858930034497956,1.542077295144015,67.18910076275944,52.79998157167009,1.0,MAHABANK,Bank of Maharashtra,Financial Services,MAHABANK.NS,15.575319581547742,39.13769633841107,,1.0604654247221066,partial,-1.1278195488721898,13.675213675213687,-14.803033224085876,3.4055994380739385,6.555638207014354,-3.1500387689404157,ok,0.21061804273620305,,,,,,missing,False,64.7179173003523,36.36,59.599999999999994,30.0,58.8,50.44737519010569,Watch,10.0,2.5,0.0,0.0,0.0,0.0,3.6359999999999997,0.0,0.0,16.136,Below Watchlist,,,,,,,5.960640433800397,58.8,0,,0.0,0.0,,10,🟢,64.0,0,,0.0,0.0,,🟢,49.6,,6.2700000000000005,5.55,,,,,,,,,31-MAR-2026,ok,,,,,0.0,,NSE500
GODREJIND.NS,,117401427.0,0.011965916409149775,0.01202519450363528,0.14272071051913243,99.44713063294924,0.0,0.0,0.025964150478055018,0.10627584841154292,24.236325604246268,48.91580671012543,50.53132392282381,-6.7100151204215415,,quiet_but_not_accelerating,0.011411290669157418,0.38126945993107364,0.4410048008149246,-17.81732430717827,,no_obv_signal,120280353.72474365,-28.941737040009684,-29.40246410303628,0.46072706302659583,0.0,0.0,15.072118451058486,41.28996406825062,-26.217845617192133,0.0,,-1.0,,-1.0,1.0,1018.2554090563217,1105.7521681790959,1126.6031371816805,0.0,10.571187953343783,0.0,-2.0966427701243573,35.01082381010345,0.0,-2.0966427701243573,35.01082381010345,FALLBACK_BROAD_INDEX,-24.095364841027887,0.0,0.0,0.9608919954619888,52.77777777777778,0.5476530593261205,0.0,57.75425262149747,64.14667036484354,-6.392417743346073,1061.6634292377298,922.7884495224879,0.0,GODREJIND,Godrej Industries Ltd.,Diversified,GODREJIND.NS,9.767062604628386,8.367790946462605,12.259674480642321,4.6136067763671775,ok,117.29818780889619,-15.577190542420027,132.87537835131621,52.31499903983023,0.3785665740619299,51.9364324657683,ok,4.052524760353314,,,,,,missing,False,69.21649572153223,7.68,77.8,30.0,69.8,50.44094871645966,Watch,10.0,5.0,0.0,0.0,0.0,0.0,0.7679999999999999,0.0,0.0,15.768,Below Watchlist,,,,,,,10.571187953343783,69.8,0,,,,,0,,3.0,5,🟢,,,,🟢,50.8,,2.81,0.0,,,,,,,,,31-MAR-2026,ok,,,,,20.0,🟢,NSE500
JPPOWER.NS,15.260000228881836,16744943621.0,0.11253322357789876,0.01777550031011389,0.10285017138983456,89.65350158730395,0.0,0.0,0.050512788962377264,0.056889206218461996,30.922217395314412,19.894738458860452,69.75876312844349,-13.638935127370843,,neither,-0.013142465233857085,0.3166614382720237,-0.15650747842523577,-16.566432667989538,,no_obv_signal,1085988101.285835,-0.3489073993255598,-0.34493793112549415,-0.003969468200065662,0.0,0.0,-0.5051719552411313,-0.2073786550380688,-0.29779330020306255,0.0,16.553285289086162,-1.0,15.837712985911644,-1.0,1.0,14.449699126126449,15.760057467562682,16.01531207389206,0.0,-3.461525093210079,0.0,-9.678222202006847,-7.7486992194118365,0.0,-9.678222202006847,-7.7486992194118365,FALLBACK_BROAD_INDEX,-33.275034241785576,0.0,0.0,0.716977177576362,35.317460317460316,0.3638767338596719,0.0,0.625947263615604,1.008501722671737,-0.38255445905613294,16.984969028456984,14.541134926225341,0.0,JPPOWER,Jaiprakash Power Ventures Ltd.,Power,JPPOWER.NS,-1.2605639692781168,101.08724609758046,6.744700696819504,0.26633784287930257,ok,,-525.0,,28.077147782434018,19.978019505525413,8.099128276908605,partial,0.24165829956846258,,,,,,missing,False,73.97872555555637,39.36000000000001,70.6,30.0,25.0,50.40561766666691,Watch,10.0,0.0,0.0,0.0,0.0,0.0,3.936000000000001,0.0,0.0,13.936,Below Watchlist,,,,,,,-3.461525093210079,25.0,0,,0.0,0.0,,0,,8.0,0,,0.0,0.0,,🟢,46.800000000000004,,0.41000000000000003,6.59,,,,,,,,,31-MAR-2026,ok,,,,,5.0,,NSE500
LEMONTREE.NS,,1401660910.0,0.0027688573470029463,-0.015012309773836848,0.0779624622106313,84.19058278439037,0.0,0.0,-0.03145001107065532,0.06308675962328593,50.712785191308,4.669048590919492,79.52153419347088,-10.669421266251033,,neither,-0.0067008563362166125,0.34630478490594596,1.0,-4.92673754923999,,no_obv_signal,233372000.3345558,-0.6887305811353883,-0.8673113045363801,0.17858072340099174,0.0,0.0,-4.753224391157943,-4.998857308371845,0.2456329172139018,1.0,,-1.0,,-1.0,-1.0,120.86735394898416,105.74328969019132,106.09923916311996,0.0,-2.077076413136595,0.0,-8.401560147872477,0.7308906838451534,,,,^CNXCONSUM,-40.071579079394056,0.0,0.0,0.5780314038305138,11.507936507936508,0.2918622515255721,1.0,-4.867576936956752,0.8489272766838574,-5.71650421364061,124.11049506559263,115.43925017806261,0.0,LEMONTREE,Lemon Tree Hotels Ltd.,Consumer Services,LEMONTREE.NS,19.845350416329666,25.618842538015805,13.702927233776178,1.439470555090535,ok,-50.0,46.83544303797467,-96.83544303797467,-17.242345712900384,2.5493267739155767,-19.791672486815962,ok,1.426769767047836,,,,,,missing,False,59.03670397453663,83.08,74.6,0.0,31.6,50.257011192360984,Watch,5.0,2.5,0.0,0.0,10.0,0.0,8.308,0.0,0.0,25.808,Below Watchlist,,,,🟢,,,-2.077076413136595,31.6,0,,,,,0,,15.0,0,,,,,🟢,31.4,,14.91,0.0,,,,,,,,,31-MAR-2026,ok,,,,,0.0,,NSE500
BLUEJET.NS,549.5999755859375,24711494.0,0.30144382617760657,-0.20560427666447612,0.47392791483810415,78.73730511589694,0.0,0.0,-0.22896955245206796,1.3285739752499144,276.7959353360023,62.93966961614827,15.797635499748672,4.864580208428437,,quiet_but_not_accelerating,0.08972222225358631,4.585482622774242,1.0,-12.056085518637516,,no_obv_signal,233794164.74749145,-4.267645291628355,-2.643052112569172,-1.624593179059183,0.0,0.0,21.74115704740757,23.459479843772158,-1.718322796364589,0.0,603.7227425739549,-1.0,575.4164415365318,-1.0,1.0,451.9546974717995,567.8038576547277,571.8066963031332,0.0,21.806220830976116,0.0,12.448388468777228,52.58046242257968,0.0,-0.08348418389183543,23.65043349950615,^CNXPHARMA,-19.286469720300712,0.0,0.0,0.8169159380642221,70.23809523809523,0.36613213607797285,0.0,-1.403714768624468,7.02032141154416,-8.424036180168628,546.4608337147256,506.8645307338398,0.0,BLUEJET,Blue Jet Healthcare Ltd.,Healthcare,BLUEJET.NS,9.439229962402052,15.694316943197473,23.961909935757323,0.03101965421291966,ok,21.563342318059295,59.913793103448285,-38.350450785388986,24.905398264782587,21.9599405448668,2.9454577199157868,ok,2.772857854056684,,,,,,missing,False,61.26805679056392,32.64,40.2,30.0,88.6,50.22841703716917,Watch,5.0,7.5,0.0,0.0,0.0,0.0,3.2640000000000002,0.0,0.0,15.764,Below Watchlist,,,,,,,21.806220830976116,88.6,5,,0.0,0.0,,0,,42.0,0,,0.0,0.0,,🟢,93.8,🟢,1.6199999999999999,0.88,,,,,,,,,31-MAR-2026,ok,,,,,0.0,,NSE500
BPCL.NS,,1341181818.0,0.0705983077479561,0.02473528135077613,-0.07836629368968621,24.684100280169556,0.0,0.0,0.024731088652379593,-0.043317340352359436,11.043813426669832,26.453001886351498,-1.7689016061819416,0.48205195009158874,🟢,accelerating_quiet_base,0.046363250808047804,0.11197204980742265,1.0,-4.2906866107454755,,no_obv_signal,1309179728.4825408,-1.6544353143279977,-1.6175148100580183,-0.03692050426997939,0.0,0.0,-2.156300704231853,-2.2328777122510526,0.07657700801919942,1.0,,-1.0,,-1.0,-1.0,351.65940528086986,308.3956618367233,309.6643529685227,0.0,4.090061976790386,0.0,3.0433391483580152,3.88065954300707,,,,^CNXENERGY,-22.1606980422694,0.0,0.0,0.7801909998586906,3.571428571428571,0.27149152755807127,1.0,15.83692762515716,22.677567307765123,-6.840639682607964,307.2198054579211,267.00164981758263,0.0,BPCL,Bharat Petroleum Corporation Ltd.,Oil Gas & Consumable Fuels,BPCL.NS,-1.1539105645418157,129.7482877705289,26.361279936989572,0.5433191448240227,ok,-133.28267477203644,-21.759809750297265,-111.52286502173918,27.4438993207127,-0.276024173181372,27.719923493894072,ok,0.05996221710269963,,,,,,missing,False,50.50943509805935,82.35999999999999,69.39999999999999,0.0,53.6,50.0748305294178,Watch,5.0,5.0,0.0,0.0,10.0,0.0,8.235999999999999,0.0,0.0,28.235999999999997,Below Watchlist,,,,🟢,,,4.090061976790386,53.6,0,,,,,0,,8.0,0,,,,,🟢,20.8,,8.14,0.0,,,,,,,,,31-MAR-2026,ok,,,,,10.0,,NSE500
NEWGEN.NS,473.0,360487226.0,-0.07972303784001825,0.09342459601866256,0.5594087568673861,96.7010926173985,0.0,0.0,0.2661789780948868,0.5231227764694887,193.11689441911824,12.788437041623007,83.91265557577549,1.4304532631759015,,quiet_but_not_accelerating,0.05230951430518262,1.6218186011627365,0.15388341325423993,-14.88213251581153,,price_not_rising,358515155.4576508,-11.73754902405085,-9.505096445487176,-2.2324525785636737,0.0,0.0,-17.958633640303276,-21.918015104397885,3.9593814640946086,1.0,525.5352457683538,-1.0,495.18024154444436,-1.0,-1.0,589.4692302832366,489.3265629653808,499.28386964893696,0.0,2.702479614445989,0.0,7.676303489880731,10.096856165246958,0.0,-0.185937953018811,12.302423628959037,^CNXIT,-52.00488817815591,0.0,0.0,0.6761510905276981,62.301587301587304,0.22741454460355942,0.0,-99.36676599032421,-54.637079579368745,-44.729686410955466,672.0002842809521,666.9255656101847,0.0,NEWGEN,Newgen Software Technologies Ltd.,Information Technology,NEWGEN.NS,17.360365793962252,19.302936129522095,20.6999616654069,0.02214314067098227,ok,,,,-21.20417974927778,13.088619770034537,-34.29279951931232,partial,1.2325113568403556,,,,,,missing,True,64.56538241608946,90.03999999999999,35.4,0.0,48.8,50.00761472482684,Watch,10.0,7.5,0.0,0.0,0.0,0.0,9.003999999999998,0.0,10.0,36.504,Below Watchlist,,,,,,,2.702479614445989,48.8,0,,0.0,0.0,,0,,7.0,0,,0.0,0.0,,🟢,90.4,🟢,3.3300000000000005,14.48,,,,,,,,,31-MAR-2026,ok,,,,,0.0,,NSE500
IREDA.NS,111.0,3870158962.0,0.008207132393769748,-0.01049062532555605,0.014905245675314656,87.38146566428202,0.0,0.0,-0.012163785151112298,0.012437222263643005,28.313381751456756,7.194682871098469,80.18678279318355,-13.171542307963623,,neither,-0.011591406607405654,0.10097634783704577,1.2391117493485921,-6.564476872206737,,no_obv_signal,515234231.4225575,-0.9373718187460724,-1.391360750036145,0.45398893129007245,0.0,0.0,-4.520336225934159,-4.055401389870834,-0.46493483606332475,0.0,105.98386846655639,1.0,109.9796643944816,1.0,-1.0,129.04217301348146,111.81878928014515,112.25599604588041,0.0,-2.9960764364741563,0.0,-7.608370753610227,-2.4309163545791934,,,,^CNXFIN,-27.79327614032242,0.0,0.0,0.8399460346244383,71.42857142857143,0.44298466395418856,0.0,-8.2826302460212,-3.2606102305251596,-5.0220200154960395,135.14827180444047,128.52195672725838,0.0,IREDA,Indian Renewable Energy Development Agency Ltd.,Financial Services,IREDA.NS,35.07973233117219,29.41363822629002,3.303058653762509,5.410665035958281,ok,-31.25,-15.78947368421052,-15.46052631578948,3.970988213961922,1.389190055529891,2.581798158432031,ok,0.5580867920421992,,,,,,missing,False,61.6935129824987,38.04,77.4,40.0,27.800000000000004,49.89605389474961,Exit Candidate,5.0,0.0,0.0,0.0,0.0,10.0,3.8040000000000003,0.0,0.0,18.804000000000002,Below Watchlist,,,,,,,-2.9960764364741563,27.800000000000004,0,,0.0,0.0,,0,,48.0,0,,0.0,0.0,,🟢,23.799999999999997,,0.13999999999999999,2.1399999999999997,,,,,,,,,31-MAR-2026,ok,,,,,0.0,,NSE500
GRASIM.NS,,95408334.0,-0.05128390448350177,0.15632888079761784,0.05525451043101342,88.15140623172934,0.0,0.0,0.10452954578827142,0.10654055293605846,8.2683281687452,73.11202364681964,15.039382584909703,2.584676843240885,,quiet_but_not_accelerating,0.16888276344100225,0.36072391044172514,0.8529885928407204,1.7718656605693939,,no_obv_signal,2679037732.977698,-26.93001644036667,-17.94595483336544,-8.98406160700123,0.0,0.0,91.14169582594195,107.11202592081234,-15.970330094870391,0.0,,1.0,,-1.0,1.0,2905.48917436435,3187.3986209603663,3214.7380524423156,0.0,11.041101534557852,0.0,6.722008079874153,21.11863793273574,0.0,6.722008079874153,21.11863793273574,FALLBACK_BROAD_INDEX,-6.8185179707143915,1.0,1.0,0.9614146222282747,31.746031746031743,0.3935119128631813,0.0,214.69872906294995,191.15698151526587,23.541747547684082,2846.8629014119133,2482.597753848397,1.0,GRASIM,Grasim Industries Ltd.,Construction Materials,GRASIM.NS,14.30180401587764,-10.06389336340252,3.9797845454507472,2.2020124302792543,ok,88.9908256880734,-26.915708812260537,115.90653450033393,15.321232615024789,10.45386518995924,4.867367425065549,ok,,,,,,,missing,False,66.29299218110526,11.04,13.200000000000001,75.0,71.2,49.755897654331584,Exit Candidate,10.0,10.0,0.0,0.0,0.0,6.5,1.104,0.0,0.0,27.604,Below Watchlist,,,,,,🟢,11.041101534557852,71.2,0,,,,,10,🟢,2.0,10,🟢,,,,,64.8,,6.529999999999999,0.0,,,,,,,,,31-MAR-2026,ok,,,,,10.0,,NSE500
FLUOROCHEM.NS,,19116842.0,-0.18869812504521088,0.13780199409812294,0.1419700039662935,73.57673909264362,0.0,0.0,0.21761145777255056,0.18008338373280203,3.963695826715225,81.19181771817637,-7.615078625532746,14.832082001483249,,neither,0.05875042438171242,0.447898359687213,0.1326539113585986,1.175030050014425,,price_not_rising,563782172.4713867,-34.728608609801086,-9.868132963091382,-24.860475646709702,0.0,0.0,266.0753497052019,270.74553009730323,-4.670180392101315,0.0,,1.0,,-1.0,1.0,3825.2196585771344,4515.09507142852,4560.33594079296,0.0,18.970689950086243,0.0,20.11832975236374,47.682374037002305,0.0,20.11832975236374,47.682374037002305,FALLBACK_BROAD_INDEX,-7.096440280098062,1.0,1.0,1.1315474479534637,72.22222222222221,0.5604956034927738,0.0,215.17684555638562,114.37311271491467,100.80373284147095,3799.1756326030336,3445.8391432087774,1.0,FLUOROCHEM,Gujarat Fluorochemicals Ltd.,Chemicals,FLUOROCHEM.NS,-3.6998188525045883,-24.23161063023199,10.136222246058136,0.2911263666412408,ok,6.7814854682454335,-43.04107909258124,49.82256456082668,20.510563380281692,-6.115702479338843,26.626265859620535,ok,,,,,,,missing,False,54.461858682425266,24.599999999999998,4.8,75.0,84.2,49.60855760472757,Exit Candidate,10.0,10.0,0.0,0.0,0.0,6.5,2.4599999999999995,0.0,0.0,28.96,Below Watchlist,,,,,,🟢,18.970689950086243,84.2,5,,,,,10,🟢,6.0,0,,,,,,77.60000000000001,,9.27,4.279999999999999,,,,,,,,,31-MAR-2026,ok,,,,,20.0,🟢,NSE500
YESBANK.NS,20.709999084472656,18717226290.0,0.0462525899716288,0.005594381405623293,0.0376504203820505,75.61378794698945,0.0,0.0,-0.005738860108542746,0.07794759679561186,15.633173482299716,42.04130348629977,33.57248446068968,-14.350707927660212,,neither,0.010908224572730205,0.21048318101675287,0.7201438515048897,-9.046997504950138,,no_obv_signal,1696207694.683454,-0.24991870327148646,-0.0341244861881088,-0.21579421708337765,0.0,0.0,0.11314425265339878,0.3820539865653063,-0.26890973391190753,0.0,22.797414630623383,-1.0,21.78008717926899,-1.0,1.0,20.570639093926157,22.219216192388185,22.490709591987503,0.0,1.3451077111158263,0.0,-12.987577643014736,14.033153536875997,,,,^CNXFIN,-18.72056728202366,0.0,0.0,1.0847963749404588,68.65079365079364,0.4755246931625108,0.0,0.6338477619769627,0.5850173852152603,0.04883037676170243,21.193996035487313,19.63035481163312,1.0,YESBANK,Yes Bank Ltd.,Financial Services,YESBANK.NS,,,,,missing,,,,,,,missing,,,,,,,missing,False,64.2348257814463,39.6,63.0,30.0,46.0,49.54044773443389,Exit Candidate,5.0,2.5,0.0,0.0,0.0,0.0,3.96,0.0,0.0,11.46,Below Watchlist,,,,,,,1.3451077111158263,46.0,0,,0.0,0.0,,10,🟢,83.0,0,,0.0,0.0,,🟢,41.0,,4.279999999999999,46.42,,,,,,,,,31-MAR-2026,ok,,,,,,,NSE500
DEEPAKFERT.NS,1308.9000244140625,180156958.0,0.021356027116847722,-0.011365770344765037,0.07695072267326028,91.84372863868414,0.0,0.0,0.0029716208703139133,0.05163110703947836,20.967834759860917,56.26455467663708,35.57917396204706,-15.420843757325986,,neither,-0.023256354165194427,0.256346566048231,-0.9455685958255836,-15.132162204325173,,no_obv_signal,298570824.76849365,-26.006131701911045,-31.91612381539969,5.909992113488645,0.0,0.0,13.889040751429548,46.279177362586985,-32.39013661115744,0.0,1413.109036899899,-1.0,1370.1899600149325,-1.0,1.0,1233.8730097003695,1345.6139004239606,1361.2270345692966,0.0,6.369285661512014,0.0,-10.055918344169823,46.03738456329229,0.0,-10.055918344169823,46.03738456329229,FALLBACK_BROAD_INDEX,-20.817894158739662,0.0,0.0,0.9211999864713396,50.39682539682539,0.4950205596961278,0.0,110.14204581161243,121.59944421517247,-11.457398403560035,1268.7517039480629,1038.4354211654666,0.0,DEEPAKFERT,Deepak Fertilisers & Petrochemicals Corp. Ltd.,Chemicals,DEEPAKFERT.NS,2.6140582998135597,-15.225642540619367,11.212490786701675,0.8284348030628659,ok,251.63043478260875,-1.5165031222123255,253.14693790482107,8.131819962940579,6.406555314886204,1.7252646480543747,ok,,,,,,,missing,False,64.74530502353944,6.359999999999999,91.60000000000001,30.0,60.0,49.43559150706184,Exit Candidate,10.0,5.0,0.0,0.0,0.0,0.0,0.6359999999999999,0.0,0.0,15.636,Below Watchlist,,,,,,,6.369285661512014,60.0,0,,0.0,0.0,,0,,19.0,0,,0.0,0.0,,🟢,37.4,,9.58,0.0,,,,,,,,,31-MAR-2026,ok,,,,,10.0,,NSE500
FIVESTAR.NS,497.25,110351252.0,-0.016126057901971566,0.11251395161587005,0.30264481770876145,95.91831620139372,0.0,0.0,0.14084160466126078,0.40483620922351116,67.22248007106387,48.53050532563018,47.38781087576354,-1.1968159130128164,,quiet_but_not_accelerating,0.08611749150902051,1.1380966340279477,0.4548202838154293,-9.252671060781969,,no_obv_signal,359839864.34766847,-4.380392095457296,-0.9043206016535095,-3.4760714938037864,0.0,0.0,10.782326000509102,12.377935900255231,-1.5956098997461297,0.0,563.1449121157682,-1.0,525.9120374812541,-1.0,1.0,425.8547955366533,523.6545623064748,528.453156077544,0.0,11.098185492383964,0.0,7.96881149536155,42.26829671349655,,,,^CNXFIN,-24.38562316438736,0.0,0.0,1.0329989030502345,95.63492063492063,0.25720058289468967,0.0,-48.175704064560136,-47.134667145272836,-1.0410369192873006,550.6082388419958,588.1817942791441,0.0,FIVESTAR,Five-Star Business Finance Ltd.,Financial Services,FIVESTAR.NS,27.502928711164355,22.107082322972317,11.776648709517874,1.1111462503978238,ok,0.4376367614879556,-2.558635394456292,2.9962721559442476,1.4343899328124572,0.2684982859532135,1.1658916468592437,ok,0.6047375589725731,,,,,,missing,False,72.3114106704878,33.480000000000004,27.6,30.0,71.6,49.269423201146346,Exit Candidate,10.0,5.0,0.0,0.0,0.0,0.0,3.3480000000000003,0.0,0.0,18.348,Below Watchlist,,,,,,,11.098185492383964,71.6,0,,0.0,0.0,,0,,52.0,0,,0.0,0.0,,🟢,85.2,,,,,,,,,,,,,partial,,,,,0.0,,NSE500
3MINDIA.NS,31890.0,638730.0,0.31342300087690134,-0.024928043081348394,0.10074412573618399,88.10794178906652,0.0,0.0,-0.01312237382571485,0.1606323699724116,21.50468611736162,39.9641094459255,48.143832343141014,-1.0949490742280354,,quiet_but_not_accelerating,-0.00971497646497452,0.41714879684892286,1.778259954726372,-8.729250143102462,,no_obv_signal,170480476.0,-149.38854753914347,-172.5333362077193,23.144788668575814,0.0,0.0,152.88604202040733,380.3222469000483,-227.43620487964097,0.0,31752.009591674294,1.0,33789.76586880623,-1.0,-1.0,36439.29309136707,33412.7068690761,33495.345567748314,0.0,1.7108352943182616,0.0,4.260622691509952,-0.6698371123887159,0.0,4.260622691509952,-0.6698371123887159,FALLBACK_BROAD_INDEX,-14.037886196102967,0.0,1.0,1.0598376249987167,51.19047619047619,0.6326879189861633,0.0,1026.1493991220304,1096.845808471787,-70.69640934975655,31943.310111501407,29679.67799265216,0.0,3MINDIA,3M India Ltd.,Diversified,3MINDIA.NS,8.731014093160283,5.014001763387421,47.51701128677328,0.09600429827786104,ok,,-134.92677360045647,,13.939707813913568,2.682703987152841,11.257003826760727,partial,13.216661486618547,,,,,,missing,False,70.61777962617327,0.72,98.8,30.0,46.800000000000004,49.16933388785199,Exit Candidate,5.0,5.0,0.0,0.0,0.0,6.5,0.072,0.0,0.0,16.572,Below Watchlist,,,,,,🟢,1.7108352943182616,46.800000000000004,0,,0.0,0.0,,0,,2.0,10,🟢,0.0,0.0,,🟢,54.800000000000004,,7.380000000000001,3.52,7.26,3.5000000000000004,True,True,0.120000000000001,0.019999999999999574,,,31-MAR-2026,ok,🟢,🟢,10.0,,5.0,,NSE500
TORNTPHARM.NS,,38004798.0,-0.1246830640183732,-0.05966591858968006,0.026015355688221758,46.463233011081115,0.0,0.0,-0.16134191174591728,-0.05041924149710415,-0.37712064111769816,84.51456792271436,-38.05133491163325,4.538816083633468,,quiet_but_not_accelerating,0.044154155580697636,0.39981341956437966,1.0,-0.0636295969728029,,no_obv_signal,1512225982.975,-1.2221913667808622,-1.625490961279336,0.40329959449847386,0.0,0.0,190.14977121269658,214.664833645734,-24.51506243303743,0.0,,1.0,,1.0,1.0,4273.94729939812,4924.427362407124,4926.331861046778,0.0,9.322185547648335,0.0,13.849602474492295,18.72134213133223,0.0,0.5920230283654959,-3.808400351145469,^CNXPHARMA,-4.954318231512119,1.0,1.0,1.1001923242364988,37.301587301587304,0.37539749255991045,0.0,563.5016078130516,487.6914988604133,75.8101089526383,4055.3081136995233,3208.722360918965,1.0,TORNTPHARM,Torrent Pharmaceuticals Ltd.,Healthcare,TORNTPHARM.NS,,,,,missing,,,,,,,missing,,,,,,,missing,False,29.78213155387839,8.04,77.0,85.0,67.0,49.142639466163516,Exit Candidate,0.0,7.5,0.0,0.0,0.0,10.0,0.8039999999999998,0.0,0.0,18.304,Below Watchlist,,,,,,🟢,9.322185547648335,67.0,0,,,,,10,🟢,39.0,0,,,,,,8.0,,4.45,16.18,,,,,,,,,31-MAR-2026,ok,,,,,,,NSE500
MGL.NS,,83731864.0,0.007686685507169532,0.1313459864313005,0.06930825768726193,94.53966745130474,0.0,0.0,0.15435591461590428,0.08434339476905968,29.117916890650083,40.19881262438462,54.340854826920115,-6.681478699357846,,quiet_but_not_accelerating,0.06350591726953984,0.24510047846233002,0.260213228839438,-4.712488410368342,,no_obv_signal,145044438.08479613,-7.764366371723554,-6.3406957241364985,-1.4236706475870555,0.0,0.0,-7.889825220337116,-3.9932595934037836,-3.896565626933332,0.0,,-1.0,,-1.0,1.0,949.1705417301505,1073.8175598646935,1080.3877237680135,0.0,4.286513218839716,0.0,-4.182045576572957,11.2017122524678,,,,^CNXENERGY,-18.011735170815367,0.0,0.0,0.793705590190746,39.285714285714285,0.3637820149932292,0.0,-41.73389228197766,-23.014377401508057,-18.719514880469603,1150.4265837246887,1135.853590059998,0.0,MGL,Mahanagar Gas Ltd.,Oil Gas & Consumable Fuels,MGL.NS,9.344458954811309,2.1106959593845565,16.45477872804582,0.03467385233391572,ok,48.593155893536114,-35.41257367387033,84.00572956740643,15.626812212178065,-0.3975265017667844,16.02433871394485,ok,7.377502634031875,,,,,,missing,False,76.48888360795664,27.12,43.6,30.0,54.2,49.04066508238699,Exit Candidate,10.0,2.5,0.0,0.0,0.0,0.0,2.7119999999999997,0.0,0.0,15.212,Below Watchlist,,,,,,,4.286513218839716,54.2,0,,,,,0,,16.0,0,,,,,🟢,66.8,,8.82,0.0,,,,,,,,,31-MAR-2026,ok,,,,,20.0,🟢,NSE500
NAVA.NS,,427677193.0,0.000968982264969079,-0.0026498912302056303,0.04584005232876513,90.31110021350526,0.0,0.0,-0.005458054665175632,0.022751682934127465,23.767317879303814,20.548304355835313,69.76279585766994,-7.851054293658255,,quiet_but_not_accelerating,-0.003715423059376923,0.21907303621658888,1.0982409658463006,-0.18795125117441192,,no_obv_signal,124475326.46394654,-3.6572982264094662,-3.9492542252172016,0.2919559988077354,0.0,0.0,-10.613204852981426,-6.583826571203799,-4.0293782817776265,0.0,,-1.0,,1.0,1.0,522.653080643548,552.3006187946801,554.6974915318211,0.0,-0.6147506217672459,0.0,-3.9726698053801135,1.9075826853118594,0.0,-3.9726698053801135,1.9075826853118594,FALLBACK_BROAD_INDEX,-24.40985898659653,0.0,0.0,0.7365900694363844,1.5873015873015872,0.37565502832015807,1.0,53.19508852193644,70.11899681260138,-16.92390829066494,539.1869107602706,411.0113514403737,0.0,NAVA,Nava Ltd.,Power,NAVA.NS,6.760224548107341,-5.347469663455994,11.091432176889661,0.2545836720725321,ok,-42.72959183673469,70.80610021786494,-113.53569205459962,15.30902919348116,2.841221736345522,12.467807457135638,ok,,,,,,,missing,False,62.508885074726834,26.76,75.8,40.0,37.0,49.024665522418054,Exit Candidate,5.0,5.0,0.0,0.0,10.0,3.5,2.676,0.0,0.0,26.176000000000002,Below Watchlist,,,,🟢,,,-0.6147506217672459,37.0,0,,,,,0,,3.0,5,🟢,,,,🟢,27.200000000000003,,0.36,0.01,,,,,,,,,31-MAR-2026,ok,,,,,5.0,,NSE500
ADANIGREEN.NS,1260.0,220864910.0,0.031092755066360653,-0.028057252075158814,0.4870151151594635,87.7851330334825,0.0,0.0,-0.09530502807246412,0.14774792571233625,14.685150275643734,58.578815084320915,29.20631794916158,-15.560914004153437,,neither,0.008486727463143998,2.3196477607967623,1.0,-8.893709327548805,,no_obv_signal,1546408078.9093566,-15.320440219826878,-15.32541611071738,0.004975890890502654,0.0,0.0,26.554334800375045,59.657949010367055,-33.10361420999201,0.0,1352.739229251477,-1.0,1285.182389655029,-1.0,1.0,1247.433141784575,1278.9361695329476,1288.9651681940998,0.0,13.237245323281314,0.0,-11.598851382502573,49.24094332549218,0.0,-11.598851382502573,49.24094332549218,FALLBACK_BROAD_INDEX,-21.47086319725771,0.0,0.0,0.9398022465213665,35.714285714285715,0.4807847381257213,0.0,-2.298290456902123,-51.617716462771256,49.31942600586913,1197.45050922938,1258.3960473297384,0.0,ADANIGREEN,Adani Green Energy Ltd.,Power,ADANIGREEN.NS,16.602337102900755,19.256949261593405,6.346425543938966,5.080891560230403,ok,116.73819742489269,,,29.897836538461537,36.785861076859845,-6.888024538398309,partial,6.51232333306897,,,,,,missing,False,62.38479656171887,6.0,71.0,30.0,76.2,47.995438968515664,Exit Candidate,5.0,5.0,0.0,0.0,0.0,0.0,0.6,0.0,0.0,10.6,Below Watchlist,,,,,,,13.237245323281314,76.2,0,,0.0,0.0,,0,,11.0,0,,0.0,0.0,,🟢,37.0,,3.2199999999999998,11.1,3.49,11.84,False,False,-0.27000000000000046,-0.7400000000000002,,,31-MAR-2026,ok,,,0.0,,0.0,,NSE500
ANANDRATHI.NS,2100.60009765625,141207755.0,0.02784044226028923,0.05220131346990494,0.08181635134503919,93.96396629518321,0.0,0.0,0.05105428636603705,0.08268058405347473,5.087801532170003,84.45238942910662,9.511576866076595,6.26803002706211,,quiet_but_not_accelerating,0.046375340431674864,0.2602996510909881,0.7223854085920027,1.2972053391414384,,no_obv_signal,705800383.1829712,-6.2349440038506145,8.314330274691152,-14.549274278541766,0.0,0.0,130.78766987751806,143.18158294059032,-12.393913063072262,0.0,2256.0041016819832,-1.0,2195.2583204777848,-1.0,1.0,1915.144936016678,2160.3610934840017,2173.131156493822,0.0,18.80288309569715,0.0,11.346343999237174,41.00468501820822,,,,^CNXFIN,-5.781560993215968,1.0,1.0,1.2333539200109065,78.17460317460318,0.35248547538195046,0.0,325.9844104744393,275.3069971703713,50.67741330406801,1575.578523763788,1103.4711482972925,1.0,ANANDRATHI,Anand Rathi Wealth Ltd.,Financial Services,ANANDRATHI.NS,27.935484982508683,32.96771749939471,50.029379779655734,0.08363136677679661,ok,57.49185667752443,1.7398508699254274,55.752005807599005,11.870965769364133,-0.6234637403888285,12.494429509752962,ok,2.3851384312985484,,,,,,missing,True,73.94738820331412,15.0,8.200000000000001,45.0,83.8,47.98421646099423,Exit Candidate,10.0,5.0,0.0,0.0,0.0,0.0,1.5,0.0,10.0,26.5,Below Watchlist,,,,,,🟢,18.80288309569715,83.8,5,,0.0,0.0,,10,🟢,25.0,0,,0.0,0.0,,,51.4,,9.229999999999999,6.370000000000001,8.93,6.78,True,False,0.29999999999999893,-0.40999999999999925,,,30-JUN-2026,ok,🟢,,5.0,,15.0,🟢,NSE500
INOXWIND.NS,71.5,1368257315.0,0.24977482632271356,0.05003431928723453,-0.008446831206964614,45.077949204218534,0.0,0.0,-0.011464518488012297,0.000550990961385164,42.03164334037008,2.2792022792022792,42.79874692501625,-20.661342852975263,,neither,0.09328958642903086,0.48960599675575944,1.0,-8.497567752128843,,no_obv_signal,903504589.337809,-0.51994899690051,-0.19398206228866505,-0.32596693461184495,0.0,0.0,-7.429903562403879,-8.107940309040236,0.6780367466363568,1.0,78.86767440844241,-1.0,74.38638888344074,-1.0,-1.0,90.15914310076771,74.07456631751366,74.5257292751673,0.0,-6.534982916200072,0.0,-14.525259825005287,-7.262660175989999,0.0,-14.525259825005287,-7.262660175989999,FALLBACK_BROAD_INDEX,-54.531001589825124,0.0,0.0,0.6402608978053788,46.82539682539682,0.25706462690256454,0.0,-15.495649551145803,-6.375311266882878,-9.120338284262925,110.19383067956088,105.53395858071455,0.0,INOXWIND,Inox Wind Ltd.,Capital Goods,INOXWIND.NS,81.88362906463912,,10.375644476228672,0.24865873607811922,ok,-39.34426229508197,-16.43835616438356,-22.90590613069841,-34.57050086799974,3.046917056606899,-37.61741792460664,ok,,,,,,,missing,False,64.76728222147648,84.64,60.4,0.0,13.600000000000001,47.45818466644294,Exit Candidate,5.0,0.0,0.0,0.0,0.0,0.0,8.464,0.0,0.0,13.464,Below Watchlist,,,,,,,-6.534982916200072,13.600000000000001,0,,0.0,0.0,,0,,59.0,0,,0.0,0.0,,🟢,22.400000000000002,,10.209999999999999,14.610000000000001,,,,,,,,,31-MAR-2026,ok,,,,,0.0,,NSE500
HONASA.NS,441.6499938964844,290912787.0,-0.09332163103431074,0.19203225038810046,0.5628439833598988,89.71387665133346,0.0,0.0,0.17864799567286344,0.5461620347454013,3.997787978495059,76.30820994294058,13.405666708392886,-0.4592415237755887,,quiet_but_not_accelerating,0.15651834250807609,1.497149813377333,0.5652302342238755,-0.3476405154962281,,no_obv_signal,801656080.8214614,-2.0937840852233762,0.49216976272353763,-2.585953847946914,0.0,0.0,32.2217770817079,38.06359360371326,-5.8418165220053595,0.0,499.7769966234512,-1.0,470.3732326774476,-1.0,1.0,387.66123943129196,465.77431410438777,468.70304125275965,0.0,18.09201005754967,0.0,4.9307529269173145,62.481959125499856,,,,^CNXFMCG,-11.615008752393916,0.0,1.0,1.40627775512805,89.68253968253968,0.2773527657905154,0.0,23.27616631437212,-1.4149425400126923,24.69110885438481,364.3333943649693,367.16080945562817,0.0,HONASA,Honasa Consumer Ltd.,Fast Moving Consumer Goods,HONASA.NS,17.018550854816294,,17.741035987271594,0.09586415573303718,ok,37.66233766233766,28.333333333333343,9.32900432900432,9.233452083897856,11.797503266346133,-2.564051182448278,ok,,,,,,,missing,False,65.32985682796671,22.92,31.4,30.0,82.6,47.28295704839002,Exit Candidate,10.0,5.0,0.0,0.0,0.0,0.0,2.2920000000000003,0.0,0.0,17.292,Below Watchlist,,,,,,🟢,18.09201005754967,82.6,5,,0.0,0.0,,0,,12.0,0,,0.0,0.0,,,89.8,,3.44,13.74,,,,,,,,,31-MAR-2026,ok,,,,,0.0,,NSE500
BHARATFORG.NS,1942.0,174752948.0,0.041468241426750395,-0.0944608828897274,0.18913199260403074,87.28415715882866,0.0,0.0,-0.0739641738298921,0.11803539462395493,8.780032023053835,70.32187265657313,16.962284502255528,-9.151065441144478,,neither,-0.10046237849985135,0.6459394727851249,2.014256154867595,-11.719249163825596,,no_obv_signal,1809057601.1159363,-20.615569687051448,-27.57838416727752,6.962814480226072,0.0,0.0,53.599874923993866,93.56357126165915,-39.96369633766528,0.0,2022.0269334444502,-1.0,1981.801884963978,-1.0,1.0,1885.48953807232,1969.8399932259367,1981.1764507714709,0.0,4.5961084491073985,0.0,-5.413983118057741,15.184069922422427,,,,^CNXAUTO,-14.268053952794377,0.0,1.0,1.025441292214398,32.53968253968254,0.39664248224166937,0.0,237.9222599873533,183.7947347217423,54.12752526561101,1670.5775925215999,1357.5937792171671,1.0,BHARATFORG,Bharat Forge Ltd.,Automobile and Auto Components,BHARATFORG.NS,9.701641717082099,26.89701262458277,15.606890870105843,0.7629161864916324,ok,-12.115732368896923,-11.661341853035138,-0.45439051586178536,4.2623028579296856,7.713606917982394,-3.451304060052708,ok,5.109900936522016,,,,,,missing,False,59.53945500559003,4.68,93.2,30.0,55.800000000000004,47.14783650167701,Exit Candidate,5.0,2.5,0.0,0.0,0.0,0.0,0.46799999999999997,0.0,0.0,7.968,Below Watchlist,,,,,,🟢,4.5961084491073985,55.800000000000004,0,,0.0,0.0,,10,🟢,36.0,0,,0.0,0.0,,,34.599999999999994,,21.05,0.0,,,,,,,,,31-MAR-2026,ok,,,,,0.0,,NSE500
KARURVYSYA.NS,318.1499938964844,1358540873.0,-0.016404159730512388,0.012416576990693833,0.07091634812728222,96.06308552330358,0.0,0.0,0.08901429601190303,0.08046271235462893,9.668122617710061,75.33796156391823,20.725123959385357,8.282464623525843,,neither,0.007365888350268961,0.23972961076101854,0.051391776489339853,-7.095931506597841,,no_obv_signal,503546199.7912766,-4.166127891354222,-2.384332905597563,-1.781794985756659,0.0,0.0,13.453645126696188,15.076688935718195,-1.6230438090220076,0.0,345.22233139624916,-1.0,329.11168289216636,-1.0,1.0,294.55334295197855,325.60279137876154,329.84402969751375,0.0,8.436835829565766,0.0,13.09545402854846,19.44827708934782,,,,^CNXFIN,-10.215891515028282,0.0,1.0,0.9678324652136971,13.492063492063492,0.46373650743118433,1.0,44.734469221424234,40.74331556580992,3.991153655614312,265.83861396010815,196.4628654625382,1.0,KARURVYSYA,Karur Vysya Bank Ltd.,Financial Services,KARURVYSYA.NS,18.730451101963762,31.41548670714196,,0.1858934055956002,partial,4.266666666666671,5.042016806722694,-0.7753501400560232,-5.57235246154859,12.948747282919573,-18.521099744468163,ok,0.3792741176055452,,,,,,missing,False,63.532079933156254,33.0,38.2,30.0,64.8,47.109623979946875,Exit Candidate,10.0,5.0,0.0,0.0,10.0,0.0,3.3000000000000003,0.0,0.0,28.3,Below Watchlist,,,,🟢,,🟢,8.436835829565766,64.8,0,,0.0,0.0,,10,🟢,18.0,0,,0.0,0.0,,,59.4,,31.0,0.0,,,,,,,,,31-MAR-2026,ok,,,,,0.0,,NSE500
RAILTEL.NS,259.25,1520003494.0,-0.002172938675532208,0.019940354286684676,0.05947895811250602,98.5413451894487,0.0,0.0,0.013665600959836407,0.03258775861288383,44.6250541976409,9.583832138975218,88.9575130504735,-15.44444325003096,,neither,0.01941313214154688,0.255710705686712,0.7765644354547779,-8.47491446091576,,no_obv_signal,126861193.46630096,-5.060914572170589,-5.720898328865257,0.6599837566946682,0.0,0.0,-14.886560846059353,-12.173928212274445,-2.7126326337849083,0.0,269.6843978208749,-1.0,265.53360960084757,-1.0,1.0,250.33071276263615,260.9651765300063,264.2669209247469,0.0,-4.688501729787845,0.0,-10.356457533494279,-2.508184077238629,0.0,-10.356457533494279,-2.508184077238629,FALLBACK_BROAD_INDEX,-34.11100271510536,0.0,0.0,0.7180944930749283,38.492063492063494,0.49770861099695524,0.0,-11.615575548893503,1.4501701942762861,-13.065745743169789,316.44456061458476,290.09078049467666,0.0,RAILTEL,Railtel Corporation Of India Ltd.,Telecommunication,RAILTEL.NS,29.81227652031613,22.531437715575553,18.71585019815679,0.028174618966134744,ok,,,,-46.19049913858535,81.73517981279763,-127.92567895138298,partial,1.1623086076702687,,,,,,missing,True,67.96947081630705,29.759999999999998,78.60000000000001,30.0,19.8,47.10284124489212,Exit Candidate,10.0,0.0,0.0,0.0,0.0,0.0,2.976,0.0,10.0,22.976,Below Watchlist,,,,,,,-4.688501729787845,19.8,0,,0.0,0.0,,0,,3.0,5,🟢,0.0,0.0,,🟢,35.4,,0.33999999999999997,3.7199999999999998,,,,,,,,,31-MAR-2026,ok,,,,,0.0,,NSE500
ZYDUSWELL.NS,506.1000061035156,190653155.0,0.12332822388913178,0.1045506586875666,0.7625589266207815,99.21858714779967,0.0,0.0,0.06902675412818436,0.21626292094806726,18.889170311058145,58.04037659101895,41.17821055678072,-11.868092659035245,,neither,0.154745224247167,4.091277625006879,1.0,-12.371220361806223,,no_obv_signal,318040736.31161195,-4.76637874938308,-0.9940178921351812,-3.7723608572478984,0.0,0.0,11.799346969965654,19.103185195449516,-7.303838225483862,0.0,567.0275892446809,-1.0,531.5602683445821,-1.0,1.0,459.4704183197217,525.4844578142512,530.6703148813024,0.0,3.331500565083264,0.0,-6.1251408262547935,23.88287948597214,,,,^CNXFMCG,-15.999998986968361,0.0,0.0,0.9463446140240952,12.3015873015873,0.49728029913788824,1.0,43.48202627218626,34.834952465830995,8.647073806355266,462.40320609945286,418.72015065337007,1.0,ZYDUSWELL,Zydus Wellness Ltd.,Fast Moving Consumer Goods,ZYDUSWELL.NS,,,,,missing,,,,,,,missing,,,,,,,missing,False,85.32650550172988,20.28,25.8,30.0,50.4,47.08395165051897,Exit Candidate,10.0,2.5,0.0,0.0,10.0,0.0,2.028,0.0,0.0,24.528,Below Watchlist,,,,🟢,,,3.331500565083264,50.4,0,,0.0,0.0,,10,🟢,7.0,0,,0.0,0.0,,🟢,70.8,,18.43,0.0,,,,,,,,,31-MAR-2026,ok,,,,,,,NSE500
ENDURANCE.NS,,23588602.0,0.024275912528113557,0.02415497910901535,0.07351179087303401,77.29168452098519,0.0,0.0,0.06085084374712601,0.09299812635446349,7.309664631405473,60.69634261512189,16.595341905863293,1.8143395092644399,,quiet_but_not_accelerating,-0.029859408319908694,0.17665612804571826,-0.21737889186221326,-3.3085127781756762,,no_obv_signal,222900558.62923583,-45.0749096214231,-44.87863718598372,-0.19627243543938278,0.0,0.0,54.5185247319605,70.40890672817854,-15.89038199621804,0.0,,-1.0,,-1.0,1.0,2441.600309285719,2691.8172859643346,2727.56208780849,0.0,8.233943905984093,0.0,6.08222160172176,19.778978144976776,,,,^CNXAUTO,-10.863181965877207,0.0,1.0,0.9120629358429737,36.904761904761905,0.5691457835357767,0.0,168.89295216524397,170.60893376773092,-1.7159816024869485,2519.9290379282584,2211.1576416413195,0.0,ENDURANCE,Endurance Technologies Ltd.,Automobile and Auto Components,ENDURANCE.NS,18.233533922890686,25.66549098250819,16.295830151214297,0.19393289108615633,ok,24.68274111675126,-2.4752475247524774,27.157988641503735,13.240046338637887,0.7089387689027079,12.531107569735179,ok,1.6856624729869882,,,,,,missing,False,64.81208958234481,11.16,64.0,30.0,64.0,46.87562687470345,Exit Candidate,10.0,5.0,0.0,0.0,0.0,0.0,1.116,0.0,0.0,16.116,Below Watchlist,,,,,,🟢,8.233943905984093,64.0,0,,,,,0,,28.0,0,,,,,,56.39999999999999,,6.08,13.139999999999999,,,,,,,,,31-MAR-2026,ok,,,,,15.0,🟢,NSE500
AARTIIND.NS,469.8999938964844,148779688.0,-0.022252527777710387,0.23040542546747705,0.3536816924424084,94.92648871132837,0.0,0.0,0.33040304852895847,0.3409949466669673,10.927115249438973,64.40269774895076,30.523790962377618,2.7349147105175,,quiet_but_not_accelerating,0.07041947321327081,0.8134885405887452,0.12676812915211538,-3.734596858912387,,price_not_rising,251477782.1892456,-7.30606317673994,-5.833287727681635,-1.4727754490583047,0.0,0.0,13.485993095460572,18.730115633423708,-5.244122537963136,0.0,511.93571381834766,-1.0,488.8177960506909,-1.0,1.0,433.0074097283116,485.05218168612475,491.4757228448338,0.0,3.649081542097251,0.0,8.558418127574585,15.760819864454877,0.0,8.558418127574585,15.760819864454877,FALLBACK_BROAD_INDEX,-13.314171381152454,0.0,1.0,1.0665504939707662,34.92063492063492,0.4372953671402665,0.0,-14.994800547301224,-34.01164082429757,19.016840276996348,462.984037958776,541.4307661426399,0.0,AARTIIND,Aarti Industries Ltd.,Chemicals,AARTIIND.NS,8.47223072282921,-8.403665793485192,8.534075777750878,0.8339210747271201,ok,12.698412698412698,3.2786885245901543,9.419724173822544,8.253968253968253,-4.874892148403796,13.128860402372048,ok,,,,,,,missing,False,73.73427104896493,23.52,42.199999999999996,30.0,51.2,46.83428131468948,Exit Candidate,10.0,10.0,0.0,0.0,0.0,0.0,2.352,0.0,0.0,22.352,Below Watchlist,,,,,,🟢,3.649081542097251,51.2,0,,0.0,0.0,,0,,12.0,0,,0.0,0.0,,🟢,88.2,,11.51,7.380000000000001,12.120000000000001,6.99,False,True,-0.6100000000000012,0.39000000000000057,,,31-MAR-2026,ok,,🟢,5.0,,5.0,,NSE500
FACT.NS,757.2000122070312,589229741.0,0.0073871882621505515,0.16269613119070225,0.10134546128799647,97.17170729413547,0.0,0.0,0.12081385319691718,0.07676951776887714,29.33009052186546,28.328874936842162,68.8428323572933,-13.244726993896139,,neither,0.18202803806858575,0.2936903821039407,0.9430933502555879,-8.401380288624328,,no_obv_signal,160025357.2887085,-11.036444028864821,-10.969970595992065,-0.06647343287275653,0.0,0.0,-22.5217745072581,-13.728517500173679,-8.793257007084422,0.0,813.9218302728752,-1.0,787.9758643412137,-1.0,1.0,722.4217917538215,775.8066673717158,783.7530797062282,0.0,-4.362774831486379,0.0,-8.21051421282909,-2.692858351486793,0.0,-8.21051421282909,-2.692858351486793,FALLBACK_BROAD_INDEX,-24.113046555364264,0.0,0.0,0.8173330261713518,48.01587301587302,0.44268145684386534,0.0,24.010766811898634,47.539134760667245,-23.52836794876861,826.5813456097616,694.5787997105975,0.0,FACT,Fertilisers and Chemicals Travancore Ltd.,Chemicals,FACT.NS,21.955876314593993,,14.213242946266666,2.9514748743487864,ok,,-1600.0,,-5.357051739973467,50.35338569387305,-55.710437433846515,partial,,,,,,,missing,False,78.18009755294742,18.0,68.2,30.0,21.2,46.46402926588422,Exit Candidate,10.0,0.0,0.0,0.0,0.0,0.0,1.7999999999999998,0.0,0.0,11.8,Below Watchlist,,,,,,,-4.362774831486379,21.2,0,,0.0,0.0,,0,,21.0,0,,0.0,0.0,,🟢,63.2,,0.05,0.21,,,,,,,,,31-MAR-2026,ok,,,,,0.0,,NSE500
SCI.NS,272.8999938964844,1952972875.0,-0.011398294144293929,-0.003150980130184603,0.13736276563744904,94.32165598051333,0.0,0.0,-0.0036116880379892338,0.0645036674427857,18.917347633128557,51.31983116257038,43.001824817942946,-10.308418567740995,,neither,-0.005185923916746546,0.4272125616964547,1.2941141269480145,-6.04619423178857,,no_obv_signal,420904581.21841276,-4.052682952799273,-3.669804571721552,-0.3828783810777212,0.0,0.0,3.046148577600775,7.99358884729186,-4.947440269691085,0.0,293.580892742366,-1.0,279.54021465529723,-1.0,1.0,242.47837781638188,276.102264945574,279.34162827382687,0.0,4.593989092255072,0.0,-6.067093519242039,20.502098180250727,0.0,-6.067093519242039,20.502098180250727,FALLBACK_BROAD_INDEX,-20.56037953829829,0.0,0.0,0.7273391549299011,1.1904761904761905,0.3402643549653819,1.0,28.244159924126137,24.77100426173736,3.473155662388777,246.74016521626586,204.31323359590255,1.0,SCI,Shipping Corporation of India Ltd.,Services,SCI.NS,,,,,missing,,,,,,,missing,,,,,,,missing,False,61.482579593179665,23.880000000000003,58.8,30.0,55.60000000000001,46.3807738779539,Exit Candidate,5.0,5.0,0.0,0.0,10.0,0.0,2.388,0.0,0.0,22.387999999999998,Below Watchlist,,,,🟢,,,4.593989092255072,55.60000000000001,0,,0.0,0.0,,10,🟢,9.0,0,,0.0,0.0,,🟢,38.800000000000004,,0.6,0.0,,,,,,,,,31-MAR-2026,ok,,,,,,,NSE500
PNBHOUSING.NS,,214718831.0,-0.10092277113245346,0.10735787312476788,0.1493540285404007,93.02284807026622,0.0,0.0,0.10086678718089152,0.13846813170208014,7.573270638101512,77.2760086995827,15.746839370683517,5.751204500689178,,quiet_but_not_accelerating,0.06907610392599631,0.6885856075236226,0.4110001236397105,5.843334878612616,,no_obv_signal,1061079813.42995,-11.182662237068826,-4.054039223818826,-7.1286230132499995,0.0,0.0,48.89764154930708,55.85345597478016,-6.955814425473079,0.0,,-1.0,,-1.0,1.0,981.7156325752112,1118.2154374629906,1131.57247624058,0.0,15.919545658749541,0.0,10.519166405129731,41.317463663242336,,,,^CNXFIN,-8.438818565400844,1.0,1.0,1.1296633219626544,84.52380952380952,0.400433202613211,0.0,77.85707018444123,65.03924865713904,12.817821527302186,947.3014237863706,810.7205789371422,1.0,PNBHOUSING,PNB Housing Finance Ltd.,Financial Services,PNBHOUSING.NS,12.493708958734118,29.87123367076878,,2.7739887289383027,partial,-15.053763440860221,25.990968389362767,-41.044731830222986,0.18552070562963124,6.622478252822505,-6.436957547192874,ok,0.43964304068403115,,,,,,missing,False,63.11799682459318,20.639999999999997,16.0,45.0,79.4,46.37339904737795,Exit Candidate,10.0,5.0,0.0,0.0,0.0,0.0,2.0639999999999996,0.0,0.0,17.064,Below Watchlist,,,,,,🟢,15.919545658749541,79.4,0,,,,,10,🟢,57.0,0,,,,,,67.0,,31.11,16.6,,,,,,,,,31-MAR-2026,ok,,,,,0.0,,NSE500
MANAPPURAM.NS,316.45001220703125,968250449.0,-0.009980861686683011,-0.07362652826264879,0.024735888038609516,70.38149645030317,0.0,0.0,-0.036707400806703525,0.039688605446623226,11.754498120438619,55.02115069534119,15.360345754961983,-2.1100171651949218,,quiet_but_not_accelerating,-0.05074370477570621,0.18925694975259194,1.4555638814718697,-14.653936981043747,,no_obv_signal,1432979981.2901108,-6.459947832517287,-6.748720766084709,0.2887729335674223,1.0,0.0,9.079242543797136,13.668037270501014,-4.588794726703878,0.0,343.9070119119557,-1.0,325.8719733977228,-1.0,1.0,295.0444461439817,321.4112352014455,326.201568110051,0.0,8.67487952095921,0.0,6.052911704341768,21.848782804428502,,,,^CNXFIN,-14.653936981043744,0.0,1.0,1.0912741376100703,32.142857142857146,0.5271911680216188,0.0,37.82782624093932,35.06596880350536,2.761857437433953,281.59116575062086,227.50909617730804,1.0,MANAPPURAM,Manappuram Finance Ltd.,Financial Services,MANAPPURAM.NS,7.338937437661008,-12.467049990078172,,3.6035239120735922,partial,68.79432624113475,79.61783439490443,-10.82350815376968,7.239024669862356,0.5431924442939579,6.695832225568399,ok,,,,,,,missing,False,47.313523757606106,24.84,75.6,30.0,65.2,46.28205712728183,Exit Candidate,5.0,5.0,10.0,0.0,0.0,0.0,2.484,0.0,0.0,22.484,Below Watchlist,,,🟢,,,🟢,8.67487952095921,65.2,0,,0.0,0.0,,10,🟢,35.0,0,,0.0,0.0,,🟢,24.4,,10.97,0.0,,,,,,,,,31-MAR-2026,ok,,,,,5.0,,NSE500
APTUS.NS,,-45713786.0,-1.0896854144976038,0.04368822796760211,0.3632694501425586,90.38038667657999,0.0,0.0,-0.03974055211818718,0.7316828039534629,26.124232797549027,34.878114404358264,55.502272272221724,-11.109860884848722,,neither,0.2596131475735748,1.9706120130402602,0.9316800760212514,-14.33261516476959,,no_obv_signal,371956856.67267454,-4.856849508813383,-4.816927718231598,-0.03992179058178458,0.0,0.0,-5.23689259000713,-1.925543177330789,-3.3113494126763414,0.0,,-1.0,,1.0,1.0,232.12646975220326,243.25199891372793,246.79831470211286,0.0,2.6616046041452406,0.0,-5.405922564758859,14.146874189007864,,,,^CNXFIN,-26.007062091020984,0.0,0.0,0.9106660939481493,47.61904761904761,0.5602019172961532,0.0,-14.691473839935156,-10.75406558169961,-3.9374082582355463,272.192843054344,285.38120767446424,0.0,APTUS,Aptus Value Housing Finance India Ltd.,Financial Services,APTUS.NS,23.023718662207916,23.301517495627767,,1.5619977817163953,partial,0.0,10.381355932203395,-10.381355932203395,1.9352913396856777,6.542300283074025,-4.607008943388347,ok,0.5549363899765889,,,,,,missing,False,49.913135336802995,28.080000000000002,69.19999999999999,40.0,48.6,46.259940601040896,Exit Candidate,5.0,2.5,0.0,0.0,0.0,3.5,2.808,0.0,0.0,13.808,Below Watchlist,,,,,,,2.6616046041452406,48.6,0,,,,,0,,76.0,0,,,,,🟢,88.6,,24.23,30.34,24.5,29.95,False,True,-0.2699999999999996,0.39000000000000057,,,31-MAR-2026,ok,,🟢,5.0,,0.0,,NSE500
BIKAJI.NS,,76617478.0,0.23300622618139558,-0.058958384048029604,-0.005529990998810942,78.0321749245425,0.0,0.0,-0.06118263062996936,-0.03024104727991383,27.11064425996872,7.810450420856292,70.2217245036862,-13.010963284417286,,neither,-0.048888802414397886,0.08505810011319742,1.0,-13.329188467589026,,no_obv_signal,217268911.1525299,-10.373709114038661,-12.651860255526435,2.2781511414877738,0.0,0.0,-25.357464119750148,-19.149499090441115,-6.207965029309033,0.0,,1.0,,1.0,-1.0,669.2158450806706,567.3870385398645,573.5700190623907,0.0,-7.231864414424123,0.0,-7.852567898716445,-5.640839553674503,,,,^CNXFMCG,-26.39521914544979,0.0,0.0,1.1084683720106658,95.23809523809523,0.5632865930730586,0.0,-6.942104848406416,14.695925416022446,-21.638030264428863,659.9196819732975,615.0441684400364,0.0,BIKAJI,Bikaji Foods International Ltd.,Fast Moving Consumer Goods,BIKAJI.NS,14.336597176312281,23.482182217052493,18.806004622728594,0.18626955718402188,ok,7.142857142857128,-9.677419354838701,16.82027649769583,1.8859982322346869,-8.86722595399833,10.753224186233018,ok,2.492904341636944,,,,,,missing,False,64.26126122358988,21.96,85.6,40.0,11.600000000000001,46.25037836707696,Exit Candidate,0.0,0.0,0.0,0.0,0.0,10.0,2.196,0.0,0.0,12.196,Below Watchlist,,,,,,,-7.231864414424123,11.600000000000001,0,,,,,0,,20.0,0,,,,,🟢,14.000000000000002,,11.940000000000001,4.68,,,,,,,,,31-MAR-2026,ok,,,,,10.0,,NSE500
UTIAMC.NS,877.5999755859375,43911461.0,0.03462617711236697,-0.04966463952112606,-0.04648554307378942,4.027289991781793,0.0,0.0,-0.1018704529141498,-0.058337736965054676,21.95414253231285,1.478898675204751,2.5483913165770424,-2.349444733191375,,quiet_but_not_accelerating,-0.025292057882843055,0.07968641955191391,1.0,-2.8236076502444196,,no_obv_signal,102037816.42870788,-0.6466186508591818,1.2127159999672925,-1.8593346508264743,0.0,0.0,-21.91909232694752,-25.519937763794715,3.6008454368471945,1.0,870.1601216606626,1.0,916.3753660200607,-1.0,-1.0,1002.5188443368738,899.4334159331438,900.3784019095555,0.0,1.4033186523234267,0.0,3.848858926213139,-1.9329870226480583,,,,^CNXFIN,-34.86015539950066,0.0,0.0,0.7198994979590939,45.63492063492063,0.263101098780463,0.0,-20.475240676024214,13.497741596091172,-33.97298227211539,969.0307114581794,935.9359400661128,0.0,UTIAMC,UTI Asset Management Company Ltd.,Financial Services,UTIAMC.NS,,,,,missing,,,,,,,missing,,,,,,,missing,False,32.109551497123626,89.44,37.4,30.0,46.400000000000006,46.09086544913709,Exit Candidate,0.0,2.5,0.0,0.0,0.0,6.5,8.943999999999999,0.0,0.0,17.944,Below Watchlist,,,,,,,1.4033186523234267,46.400000000000006,0,,0.0,0.0,,0,,54.0,0,,0.0,0.0,,🟢,9.8,,14.35,7.109999999999999,,,,,,,,,31-MAR-2026,ok,,,,,,,NSE500
AWL.NS,178.75,369590033.0,-0.1364880242064372,0.18054754850320065,0.07519072743253177,50.592343995789925,0.0,0.0,0.22932545673278704,0.02417057111204797,31.81210331471764,7.012111586771253,43.58023240901867,-2.646914979683068,🟢,accelerating_quiet_base,0.06971448615405226,0.5625974896044409,0.17467032039995475,-5.642948851160757,,price_not_rising,367347076.1660835,-2.4737317166483024,-2.048832376809194,-0.4248993398391083,0.0,0.0,-5.187528318850326,-5.597171257508506,0.40964293865818036,1.0,190.77437250826603,-1.0,183.4995170768223,-1.0,-1.0,210.94888276198992,183.24563744084173,185.32318073281465,0.0,0.1082762984540649,0.0,3.152716514303955,3.2139907152692437,,,,^CNXFMCG,-35.27242299422066,0.0,0.0,0.7812215354499501,47.61904761904761,0.2899321047731898,0.0,-41.21857671553721,-42.02690644568793,0.8083297301507173,229.82177777430653,298.0617588931121,0.0,AWL,AWL Agri Business Ltd.,Fast Moving Consumer Goods,AWL.NS,8.698123597297203,21.420498738502136,15.286707887548742,0.777965504294723,ok,19.91150442477877,8.653846153846139,11.25765827093263,-6.5998347059695,15.385479611260102,-21.9853143172296,ok,1.0124321690521239,,,,,,missing,False,49.05732039852647,83.32,57.4,0.0,40.400000000000006,46.05119611955794,Exit Candidate,10.0,5.0,0.0,0.0,0.0,0.0,8.331999999999999,0.0,0.0,23.332,Below Watchlist,,,,,,,0.1082762984540649,40.400000000000006,0,,0.0,0.0,,0,,9.0,0,,0.0,0.0,,🟢,68.60000000000001,,8.17,21.86,8.25,21.09,False,True,-0.08000000000000007,0.7699999999999996,,,31-MAR-2026,ok,,🟢,5.0,,5.0,,NSE500
ADANIPOWER.NS,196.3000030517578,13289679951.0,0.004633177629287725,0.01218009424582608,0.05463481483924912,79.84808090900714,0.0,0.0,-0.006431407694522792,0.005661115606307767,18.823957288897454,54.626992673543896,25.22108823546324,-12.2759979873155,,neither,0.01862096511130909,0.2957651919293174,1.0,-7.103305418700712,,no_obv_signal,3330954184.7773337,-2.545778731117963,-1.5213932251335796,-1.0243855059843834,0.0,0.0,4.832696291346991,9.425974571152452,-4.59327827980546,0.0,213.62373222386753,-1.0,203.5033571721291,-1.0,1.0,187.81278021885606,201.91947384043632,204.21281785589036,0.0,6.849562351081521,0.0,-8.861759947278125,31.627727798821482,0.0,-8.861759947278125,31.627727798821482,FALLBACK_BROAD_INDEX,-21.136153564068337,0.0,0.0,0.9657751803460345,30.158730158730158,0.2961935671312349,0.0,28.50583748982612,24.337354273049122,4.168483216776998,165.81754037389493,123.95238404327691,1.0,ADANIPOWER,Adani Power Ltd.,Power,ADANIPOWER.NS,12.50962764056618,6.162098290112583,15.131661540457284,0.8395655904626154,ok,19.711538461538467,61.240310077519375,-41.52877161598091,32.895805341877185,14.228474778820763,18.667330563056424,ok,4.46715156169589,,,,,,missing,False,61.576828318152494,24.719999999999995,49.2,30.0,61.4,46.007048495445744,Exit Candidate,5.0,5.0,0.0,0.0,0.0,0.0,2.4719999999999995,0.0,0.0,12.472,Below Watchlist,,,,,,,6.849562351081521,61.4,0,,0.0,0.0,,10,🟢,10.0,0,,0.0,0.0,,🟢,23.599999999999998,,3.62,11.74,3.92,11.76,False,False,-0.2999999999999998,-0.019999999999999574,,,31-MAR-2026,ok,,,0.0,,10.0,,NSE500
ACUTAAS.NS,3304.10009765625,123663325.0,0.06783788895663811,0.007024800654499038,0.11006358027551269,98.18926703363037,0.0,0.0,-0.010921413837624235,0.07312929112682545,10.677450636501993,83.66729402339799,14.521973010232387,-6.22846919515575,,quiet_but_not_accelerating,0.02464410786567937,0.2200439402159077,1.0,6.495273432102389,,no_obv_signal,1097081850.111316,4.61434609021444,10.714332727589644,-6.0999866373752045,0.0,0.0,221.80445703614032,272.11871721017513,-50.314260174034814,0.0,3512.729015458216,-1.0,3328.322597526304,-1.0,1.0,2651.032370455342,3287.5335528850537,3285.691933142914,1.0,12.74090673725963,0.0,-2.314391988428033,49.38627780895506,0.0,-13.201018433407963,21.061882476123728,^CNXPHARMA,-10.507427002082778,0.0,1.0,1.2885756633366383,35.714285714285715,0.29327315433854884,0.0,623.4661417733148,491.6005488532616,131.8655929200532,2239.25920435339,1513.1859039971816,1.0,ACUTAAS,Acutaas Chemicals Ltd.,Healthcare,ACUTAAS.NS,24.343522875896006,30.17741057713399,16.509215904782558,0.009879670474539845,ok,-30.992366412213745,142.14417744916818,-173.13654386138194,-16.1523899921487,89.72621710773934,-105.87860709988804,ok,3.012746894489665,,,,,,missing,False,73.49624346177063,3.5999999999999996,19.2,45.0,75.0,45.89887303853119,Exit Candidate,5.0,5.0,0.0,5.0,0.0,0.0,0.36,5.0,0.0,20.36,Below Watchlist,,,,,🟢,🟢,12.74090673725963,75.0,0,,0.0,0.0,,10,🟢,36.0,0,,0.0,0.0,,🟢,39.4,,13.86,19.48,14.17,21.61,False,False,-0.3100000000000005,-2.129999999999999,,,31-MAR-2026,ok,,,0.0,,0.0,,NSE500
MAPMYINDIA.NS,845.2000122070312,62532145.0,0.08984148541923287,0.016276915845153762,0.3601834000320849,97.43665249244728,0.0,0.0,0.21769308474010313,0.5189315848170786,116.88633019194216,4.0571996666137755,93.37945282583351,4.68424875827016,,quiet_but_not_accelerating,0.02531569580628427,1.296638718487894,0.12531377864387655,-28.26296560343623,,no_obv_signal,179566174.10863036,-33.50124131846678,-30.117618444166315,-3.3836228743004675,0.0,0.0,-59.32571597498736,-58.89695706155082,-0.42875891343653905,0.0,954.5497039034649,-1.0,889.6814940174423,-1.0,1.0,823.0016725057698,887.9842884003456,914.4221290892004,0.0,-1.073752331409261,0.0,9.246459821798148,-0.5962608771044375,0.0,1.2695696791891642,1.3950916502712296,^CNXIT,-56.5113549186684,0.0,0.0,0.730284685297071,6.349206349206349,0.3478386511835488,1.0,-228.6435860084107,-171.07083100142157,-57.57275500698913,1284.4709817988103,1487.1420655790937,0.0,MAPMYINDIA,C.E. Info Systems Ltd.,Information Technology,MAPMYINDIA.NS,18.98286551014334,7.747842533276095,20.67553624762422,0.007779435327918669,ok,-2.0562770562770507,170.96774193548387,-173.02401899176093,-3.667953667953668,54.824935952177626,-58.492889620131294,ok,5.06218896829022,,,,,,missing,False,75.82282837235655,38.4,28.000000000000004,30.0,35.0,45.87684851170697,Exit Candidate,10.0,7.5,0.0,0.0,10.0,0.0,3.84,0.0,0.0,31.34,Below Watchlist,,,,🟢,,,-1.073752331409261,35.0,0,,0.0,0.0,,0,,9.0,0,,0.0,0.0,,🟢,90.0,,12.21,3.15,,,,,,,,,31-MAR-2026,ok,,,,,0.0,,NSE500
IFCI.NS,70.97000122070312,6958046945.0,-0.318526763081767,0.2872231322550154,0.2769301210479164,82.54530967367471,0.0,0.0,0.2203481321128547,0.2608064402267611,21.927678449465848,43.375223548447785,39.17008612522692,-5.221682927527571,,quiet_but_not_accelerating,0.2907009468588025,0.7126665296501394,0.7621633022854399,-7.277240172718969,,price_not_rising,11699921474.170254,-3.0549870632749787,-1.5523204839426525,-1.5026665793323262,0.0,0.0,4.0633820343986855,5.403585306209868,-1.3402032718111823,0.0,83.17735062280819,-1.0,73.40576368298494,-1.0,1.0,69.13838911384521,75.52472247381966,78.68240917915519,0.0,6.610353801099847,0.0,-3.0669495064781005,32.58924263857903,,,,^CNXFIN,-30.76773022949733,0.0,0.0,1.5312453958480003,82.53968253968253,0.6422392391076759,0.0,7.9900790279937866,6.386838958263709,1.6032400697300773,62.38115650300779,48.662775184922985,1.0,IFCI,IFCI Ltd.,Financial Services,IFCI.NS,18.140848066660233,,,0.3938782081382401,partial,,-111.32075471698116,,0.9995550941717337,-45.427322758174164,46.426877852345896,partial,,,,,,,missing,False,58.69085838578614,34.199999999999996,42.0,30.0,60.6,45.837257515735836,Exit Candidate,10.0,2.5,0.0,0.0,0.0,0.0,3.42,0.0,0.0,15.92,Below Watchlist,,,,,,,6.610353801099847,60.6,0,,0.0,0.0,,10,🟢,66.0,0,,0.0,0.0,,🟢,82.8,,0.13999999999999999,0.0,,,,,,,,,31-MAR-2026,ok,,,,,10.0,,NSE500
MMTC.NS,56.7599983215332,2940482990.0,-0.007757561524763574,0.03374932481972652,0.16109957352143175,98.77828525503072,0.0,0.0,0.025023739850054467,0.13387310128209787,24.973391114249498,19.473463384804912,79.30482187022581,-16.590748308471937,,neither,0.03242398798418078,0.3452618687863121,0.75017567067793,-9.415897766113035,,no_obv_signal,81151541.18200016,-1.562313003062691,-1.1463576126958086,-0.41595539036688245,0.0,0.0,-1.2101546194771657,-0.269960795188718,-0.9401938242884478,0.0,61.66569435632857,-1.0,58.66897602319654,-1.0,1.0,52.936022681018244,58.79971509111667,60.15723852102638,0.0,-4.23858464472866,0.0,-10.361837068616387,-4.906529405939919,0.0,-10.361837068616387,-4.906529405939919,FALLBACK_BROAD_INDEX,-25.345259459626522,0.0,0.0,0.6573327950855541,8.73015873015873,0.499114990234375,1.0,-0.8328525237379836,0.1546504746518098,-0.9875029983897934,63.82068374205038,60.8814801507252,0.0,MMTC,MMTC Ltd.,Services,MMTC.NS,-90.11219508014999,-37.17579032695683,29.745572287895495,9.43075936474405e-06,ok,170.96774193548387,-72.80701754385964,243.77475947934352,79.41176470588235,-69.0909090909091,148.50267379679144,ok,,,,,,,missing,False,68.72239983926076,36.0,57.599999999999994,30.0,22.0,45.75671995177823,Exit Candidate,10.0,0.0,0.0,0.0,10.0,0.0,3.5999999999999996,0.0,0.0,23.6,Below Watchlist,,,,🟢,,,-4.23858464472866,22.0,0,,0.0,0.0,,0,,7.0,0,,0.0,0.0,,🟢,57.199999999999996,,0.06,0.13,,,,,,,,,31-MAR-2026,ok,,,,,20.0,🟢,NSE500
BIOCON.NS,377.0,621495397.0,0.07297906036486568,0.001281222221319807,0.0816265535938489,85.0908139548032,0.0,0.0,0.007476452330532292,0.0949197147113168,11.168245139331454,36.96576382870137,48.125050126101826,-9.765507873682456,,neither,0.012317485022030852,0.4070398368193563,0.8456994822473222,-11.439983746898951,,no_obv_signal,1224763813.8621278,-7.7800293342511395,-7.662151339478284,-0.11787799477285521,0.0,0.0,-1.1935551538786058,5.489138588752014,-6.68269374263062,0.0,402.3686434170218,-1.0,384.17469869071846,-1.0,1.0,360.3619038088382,384.25460241802114,389.99680435371044,0.0,-1.5587833151727999,0.0,-4.180784059628218,3.704302252074565,0.0,-14.859409411175628,-15.958559007911333,^CNXPHARMA,-14.454279655682509,0.0,1.0,0.8803518229583829,23.41269841269841,0.6936487443048636,1.0,21.620640496074827,21.264952660784562,0.35568783529026504,376.0957431983824,348.9447230974349,1.0,BIOCON,Biocon Ltd.,Healthcare,BIOCON.NS,15.345885901680933,-5.895041269420975,2.8492539541037565,0.45351994311203053,ok,10.126582278481006,-26.16822429906542,36.294806577546424,-4.292754722030194,7.4598610112628805,-11.752615733293075,ok,,,,,,,missing,False,68.63178488418112,21.119999999999997,66.2,30.0,32.800000000000004,45.663535465254334,Exit Candidate,10.0,2.5,0.0,0.0,10.0,0.0,2.1119999999999997,0.0,0.0,24.612,Below Watchlist,,,,🟢,,🟢,-1.5587833151727999,32.800000000000004,0,,0.0,0.0,,10,🟢,33.0,0,,0.0,0.0,,🟢,45.4,,16.53,7.5200000000000005,,,,,,,,,31-MAR-2026,ok,,,,,10.0,,NSE500
BERGEPAINT.NS,,96118223.0,-0.0149923592890429,-0.05597827807008476,0.12290538601121061,82.97323116902895,0.0,0.0,-0.018021724995855033,0.20275588421822988,30.351877845362644,27.892800182632456,55.08043098639649,-11.968157116459356,,neither,-0.10246137897919147,0.6302818215511866,-2.3342807161075068,-12.483163361776672,,no_obv_signal,166600909.5069,-13.947737380332114,-14.858597163486206,0.9108597831540912,0.0,0.0,-7.4660119030017995,-0.045601460502836755,-7.420410442498962,0.0,,-1.0,,1.0,1.0,444.5992180075821,456.62997138780906,466.6461453095475,0.0,0.22157795474458553,0.0,-10.550232425196315,14.772650493581295,0.0,-10.550232425196315,14.772650493581295,FALLBACK_BROAD_INDEX,-22.67936847041659,0.0,0.0,0.8267427663224229,9.126984126984127,0.6041835846203842,1.0,-13.755502624100018,-12.046082107358675,-1.7094205167413428,499.52638158570187,524.9380000569886,0.0,BERGEPAINT,Berger Paints India Ltd.,Consumer Durables,BERGEPAINT.NS,4.217895547484041,9.451769449974012,20.632647122426043,0.0918327511220099,ok,20.905923344947738,23.175965665236053,-2.270042320288315,24.955108558836553,-3.8854278025583366,28.84053636139489,ok,5.2241430836144405,,,,,,missing,False,52.030630909160124,19.92,79.0,40.0,41.4,45.653189272748044,Exit Candidate,5.0,5.0,0.0,0.0,10.0,3.5,1.9920000000000002,0.0,0.0,25.492,Below Watchlist,,,,🟢,,,0.22157795474458553,41.4,0,,,,,0,,9.0,0,,,,,🟢,62.0,,6.800000000000001,0.0,,,,,,,,,31-MAR-2026,ok,,,,,10.0,,NSE500
SOBHA.NS,,109074552.0,0.006132022248509018,-0.025688152369178898,0.029399680010161428,74.60070685946455,0.0,0.0,0.004089681642450313,0.041555939545293887,30.234891878289204,12.28789346345101,62.31281339601354,-11.793033077469028,,neither,-0.021690359509528447,0.10899119100795937,-2.5797171537379895,-9.349901142479677,,no_obv_signal,92626095.03804322,-20.133958970342064,-24.84905907304572,4.715100102703655,0.0,0.0,-48.16454323394305,-32.969135431054056,-15.195407802888994,0.0,,-1.0,,1.0,1.0,1210.7306025344342,1223.5064597424207,1234.9443699277992,0.0,-1.1655965437653422,0.0,-8.222633072689067,-1.2691375284823891,,,,^CNXREALTY,-28.068692608488057,0.0,0.0,0.6979519749914085,2.7777777777777777,0.6463261316947206,1.0,-1.2222813715652592,39.90402073200062,-41.12630210356588,1372.9488368858106,1251.7202788052414,0.0,SOBHA,Sobha Ltd.,Realty,SOBHA.NS,,,,,missing,,,,,,,missing,,,,,,,missing,False,54.840247400812586,11.64,90.60000000000001,40.0,34.2,45.500074220243775,Exit Candidate,10.0,0.0,0.0,0.0,10.0,3.5,1.1640000000000001,0.0,0.0,24.664,Below Watchlist,,,,🟢,,,-1.1655965437653422,34.2,0,,,,,0,,5.0,0,,,,,🟢,35.0,,24.51,0.0,,,,,,,,,31-MAR-2026,ok,,,,,,,NSE500
LTM.NS,3936.0,7132158.0,-1.470369245393082,0.13139278989832823,0.2850133988757027,61.54010797387714,0.0,0.0,1.2011547307027737,0.9950272103174876,25.554873975368807,14.294578048083281,47.24552992579386,11.24929338609384,,neither,-0.6809155894389809,4.2330909026269365,-0.27514715558164465,-9.768232918020225,,price_not_rising,1755591140.0225098,-115.61542653157721,-80.01756757091887,-35.59785896065834,0.0,0.0,-90.8586263503521,-103.56154164626916,12.702915295917066,1.0,4416.507710744656,-1.0,4139.061257802879,-1.0,1.0,3852.849408012501,4131.366487695549,4238.520674769677,0.0,0.6751908189055206,0.0,12.561483636674154,-3.799965094916813,0.0,4.342539144344992,-1.8727922910344197,^CNXIT,-37.74390420028894,0.0,0.0,0.9949867980621147,54.36507936507936,0.4668246968228567,0.0,-281.5579711761702,-164.2479680625529,-117.31000311361731,4677.872970214511,4924.682118328922,0.0,LTM,LTM Ltd.,Information Technology,LTM.NS,8.434524873546811,4.413356398705348,25.39371012282807,0.09614984391259106,ok,5.305774557852124,43.472944053806174,-38.16716949595405,2.8011725426640806,4.737037380576941,-1.93586483791286,ok,5.814228147884771,,,,,,missing,False,45.25903779085699,95.32,3.0,30.0,42.6,45.481711337257096,Exit Candidate,10.0,5.0,0.0,0.0,0.0,0.0,9.532,0.0,0.0,24.532,Below Watchlist,,,,,,,0.6751908189055206,42.6,0,,0.0,0.0,,0,,15.0,0,,0.0,0.0,,🟢,98.6,🟢,4.33,0.0,,,,,,,,,31-MAR-2026,ok,,,,,0.0,,NSE500
VTL.NS,,224623685.0,0.03392673600060284,0.34620127675610807,0.12157613493529733,99.46866462193302,0.0,0.0,0.2244352671806539,0.09294660147459018,29.813917734323216,55.40650088669058,44.062163735242436,-13.867274212800195,🟢,accelerating_but_price_moved,0.4371846849138573,0.4371846849138573,1.0,-9.461213534899782,,no_obv_signal,998004055.5045898,-11.192775606717305,-9.98431109595184,-1.2084645107654648,0.0,0.0,4.222974814683539,16.932312252974192,-12.709337438290653,0.0,,-1.0,,-1.0,1.0,501.8806237913811,558.8073138202953,567.7344611706842,0.0,-3.363563066127643,0.0,-9.24437854519936,3.7006575251559592,0.0,-9.24437854519936,3.7006575251559592,FALLBACK_BROAD_INDEX,-18.178753457116965,0.0,0.0,1.0525822181769702,44.047619047619044,0.47878519600434066,0.0,42.0817844505919,34.32105094288886,7.760733507703037,508.41237589898174,452.6847415136415,1.0,VTL,Vardhman Textiles Ltd.,Textiles,VTL.NS,,,,,missing,,,,,,,missing,,,,,,,missing,False,85.40403261767656,14.52,46.800000000000004,30.0,25.4,45.35520978530297,Exit Candidate,10.0,5.0,0.0,0.0,0.0,0.0,1.452,0.0,0.0,16.451999999999998,Below Watchlist,,,,,,,-3.363563066127643,25.4,0,,,,,10,🟢,4.0,0,,,,,🟢,72.6,,14.44,5.6899999999999995,,,,,,,,,31-MAR-2026,ok,,,,,,,NSE500
BAJAJHFL.NS,81.26000213623047,-709956562.0,-0.1050448926708704,-0.060145869417115354,0.0034327256656348617,12.761830605956288,0.0,0.0,-0.05196933719736233,0.09232818872648824,-381.5156672249267,21.12204171116982,-8.360211105213534,-7.131426130022323,,quiet_but_not_accelerating,-0.05728952275686745,0.32750541556044893,1.1139236566702084,-5.533590667978261,,no_obv_signal,239648260.12376252,-0.5563461979107984,-0.4139450158027832,-0.14240118210801522,0.0,0.0,-1.8383373756501413,-1.8934756820574092,0.05513830640726791,1.0,85.90457978276501,-1.0,83.17980596740513,-1.0,1.0,75.74076003744973,82.95195571107945,83.40880444296347,0.0,1.580851477010618,0.0,-1.3018573548842505,0.6518676611151353,,,,^CNXFIN,-27.297123935924006,0.0,0.0,0.8308333405537273,59.12698412698413,0.3171569581675389,0.0,-14.619153531075355,-14.354725598690376,-0.2644279323849794,99.82307402206771,120.91490441433876,0.0,BAJAJHFL,Bajaj Housing Finance Ltd.,Financial Services,BAJAJHFL.NS,25.514427306717714,26.734644305664833,3.291477202857744,4.602306819004218,ok,7.499999999999993,0.0,7.499999999999993,5.06855870664364,0.6657148143364321,4.4028438923072075,ok,0.9733315582016642,,,,,,missing,False,18.9766407120847,82.11999999999999,66.0,30.0,46.6,45.00699221362541,Exit Candidate,5.0,2.5,0.0,0.0,0.0,0.0,8.212,0.0,0.0,15.712,Below Watchlist,,,,,,,1.580851477010618,46.6,0,,0.0,0.0,,0,,68.0,0,,0.0,0.0,,,34.0,,0.35000000000000003,0.98,0.27999999999999997,0.8999999999999999,True,True,0.07000000000000006,0.08000000000000007,,,31-MAR-2026,ok,🟢,🟢,10.0,,0.0,,NSE500
SUNPHARMA.NS,1865.0,167774217.0,-0.24530955049159928,-0.17177347684406757,0.18745951819597909,74.83290335382968,0.0,0.0,-0.0644299022996048,0.15101360345983103,-3.499967198443576,68.06549413471467,6.7674092191150095,0.39666265314304283,,quiet_but_not_accelerating,-0.17499876013304022,1.0112980247092322,-11.585166805573582,-6.304948505400654,,no_obv_signal,2636432771.4165344,-15.621581198467993,-17.19199282040112,1.5704116219331254,1.0,0.0,25.744161382472612,39.631886123304774,-13.887724740832162,0.0,1927.1121766551198,-1.0,1836.3704400096285,1.0,1.0,1762.4172769410607,1855.9505341490021,1867.087706082233,0.0,5.1411675178788085,0.0,5.138659157046344,8.543105335459433,0.0,-6.5785766821700005,-12.037217511237863,^CNXPHARMA,-6.801258170326367,1.0,1.0,0.9092916547062719,37.301587301587304,0.4549038747755381,0.0,113.96259868120228,109.09565467187448,4.866944009327796,1754.4494704000201,1517.1526428397601,1.0,SUNPHARMA,Sun Pharmaceutical Industries Ltd.,Healthcare,SUNPHARMA.NS,,,,,missing,,,,,,,missing,,,,,,,missing,False,33.52151617384039,12.96,84.39999999999999,55.0,56.599999999999994,44.79845485215212,Exit Candidate,5.0,5.0,10.0,0.0,0.0,3.5,1.2960000000000003,0.0,0.0,24.796,Below Watchlist,,,🟢,,,🟢,5.1411675178788085,56.599999999999994,0,,0.0,0.0,,10,🟢,32.0,0,,0.0,0.0,,,43.8,,11.959999999999999,0.0,,,,,,,,,31-MAR-2026,ok,,,,,,,NSE500
CHAMBLFERT.NS,,479015921.0,0.02582211489517397,-0.02728028289766104,0.050299684282321934,86.57644203975912,0.0,0.0,-0.02815582350282094,0.0406250424345747,25.28673994583141,11.613500818375808,74.9629412213833,-10.577743854024323,,neither,-0.03041050807518282,0.15600052567217684,1.0,-4.881673439128353,,no_obv_signal,199967488.92568666,-3.099585111591068,-4.1323762933340475,1.0327911817429793,0.0,0.0,-9.475858389451503,-6.898944205557016,-2.5769141838944867,0.0,,-1.0,,1.0,-1.0,475.65955496891786,417.6397795498757,419.1560378186083,0.0,0.2069484205374117,0.0,-4.522999664241989,0.8557361772557615,0.0,-4.522999664241989,0.8557361772557615,FALLBACK_BROAD_INDEX,-17.51848962464208,0.0,0.0,0.6369491408209809,17.857142857142858,0.6169539032566569,1.0,-2.185245094007371,10.961274241917556,-13.146519335924927,451.8240967380508,421.062040502259,0.0,CHAMBLFERT,Chambal Fertilizers & Chemicals Ltd.,Chemicals,CHAMBLFERT.NS,-9.195584942462842,23.61144293233557,21.775213258220973,0.10256582708410397,ok,208.98345153664303,-71.10655737704917,280.0900089136922,80.50146677055542,-52.78217643847507,133.2836432090305,ok,0.37929642951787723,,,,,,missing,False,61.301754713915685,30.24,80.0,10.0,41.0,44.5885264141747,Exit Candidate,5.0,5.0,0.0,0.0,10.0,3.5,3.024,0.0,0.0,26.524,Below Watchlist,,,,🟢,,,0.2069484205374117,41.0,0,,,,,0,,8.0,0,,,,,🟢,25.8,,4.74,0.0,,,,,,,,,31-MAR-2026,ok,,,,,20.0,🟢,NSE500
NMDC.NS,77.0,6279317142.0,-0.04166805503540664,0.06435992690114477,0.04655505259217219,84.30847260297878,0.0,0.0,0.05589883933899032,0.02129833017332238,17.856305155727163,25.741245265861597,58.56722733711719,-9.581967251300206,🟢,accelerating_but_price_moved,0.05178276048045468,0.11913022689272487,0.5455002236916318,-9.454375386841429,,no_obv_signal,963606515.5020908,-1.7089656234105632,-1.297179991545754,-0.4117856318648092,0.0,0.0,-0.7420256391492188,0.5080452840743488,-1.2500709232235676,0.0,82.59643123827799,-1.0,79.1158593637004,-1.0,1.0,75.97876467945004,79.78594859196089,81.26659891273829,0.0,-2.353053634308555,0.0,-5.009424877734214,0.03755759816195248,,,,^CNXMETAL,-19.825073650586603,0.0,0.0,0.8942948027737475,34.92063492063492,0.4776996171765021,0.0,6.639531642204133,6.949821421743243,-0.31028977953910974,76.89732188851282,63.912944922888215,0.0,NMDC,NMDC Ltd.,Metals & Mining,NMDC.NS,22.001289464899898,9.974797824143922,28.360989680541643,0.18809077359064985,ok,15.500000000000004,-10.714285714285724,26.21428571428573,49.04011278724022,12.938835351973479,36.10127743526674,ok,1.0155311594868717,,,,,,missing,False,60.65796541104257,34.919999999999995,57.99999999999999,30.0,30.599999999999998,44.471389623312774,Exit Candidate,10.0,2.5,0.0,0.0,0.0,0.0,3.4919999999999995,0.0,0.0,15.991999999999999,Below Watchlist,,,,,,,-2.353053634308555,30.599999999999998,0,,0.0,0.0,,0,,16.0,0,,0.0,0.0,,🟢,41.8,,6.710000000000001,0.0,,,,,,,,,31-MAR-2026,ok,,,,,20.0,🟢,NSE500
HCLTECH.NS,1222.0,-4566060.0,-3.8400582080735366,-1.402098507892291,-0.26461394236921576,29.193746913517053,0.0,0.0,0.2990322202507678,0.0904110478294445,-80.14088621321551,30.211650846466657,-1.0179039329496042,15.17779593354529,🟢,accelerating_but_price_moved,-2.0102364128852335,2.6309543760469847,-1.2931938943180534,-9.273147386599634,,price_not_rising,2985376394.5529175,-12.56543514904024,-11.707130339414546,-0.8583048096256949,0.0,0.0,-15.24235728777785,-23.005114010482142,7.762756722704292,1.0,1299.1046536595943,-1.0,1274.8939479027388,-1.0,1.0,1129.6761658174246,1249.9637700927315,1260.3725177566696,0.0,5.746197978901364,0.0,18.044347979779406,-2.885603223298361,0.0,9.425059104638,-0.9401130317598261,^CNXIT,-27.260081316851974,0.0,0.0,1.0273289583645995,57.53968253968254,0.5077534517126935,0.0,-38.20310364137299,-2.132246028703652,-36.070857612669336,1351.0521926812858,1306.2503680566956,0.0,HCLTECH,HCL Technologies Ltd.,Information Technology,HCLTECH.NS,8.654772035396308,3.8683596866436742,27.206509380329734,0.06938069580256769,ok,3.0193236714975846,10.033222591362112,-7.013898919864527,1.7598069509431742,0.3217997165800661,1.438007234363108,ok,5.322331858406756,,,,,,missing,False,11.077811419730967,93.52000000000001,51.2,30.0,58.199999999999996,44.43734342591929,Exit Candidate,10.0,5.0,0.0,0.0,0.0,0.0,9.352000000000002,0.0,0.0,24.352000000000004,Below Watchlist,,,,,,,5.746197978901364,58.199999999999996,0,,0.0,0.0,,0,,16.0,0,,0.0,0.0,,,77.2,,9.22,0.01,,,,,,,,,31-MAR-2026,ok,,,,,0.0,,NSE500
SIEMENS.NS,3710.0,95919136.0,0.016879268180792925,0.07495736610640207,0.09118792256984133,92.7907808440487,0.0,0.0,0.11030243692155323,0.08887751456551918,8.450002966384863,68.42095420097162,24.369826643077076,3.564846306711056,,quiet_but_not_accelerating,0.03941882343296252,0.22774106593696758,0.22831074959040806,-1.3297872340425565,,no_obv_signal,985813719.5147339,-35.38568395757375,-17.22700062912182,-18.158683328451925,0.0,0.0,122.68318715452824,141.69272627507615,-19.009539120547913,0.0,4028.694647984847,-1.0,3856.815504662515,-1.0,1.0,3352.7753373587066,3830.772611202026,3868.4629815102244,0.0,9.86432929010943,0.0,9.991588450329726,22.609995829708218,0.0,9.991588450329726,22.609995829708218,FALLBACK_BROAD_INDEX,-9.820126397666504,1.0,1.0,0.9723779924560417,35.714285714285715,0.5742637288623367,0.0,209.44901085130414,173.70252580649242,35.74648504481172,3440.1027860893337,2971.7857557091234,1.0,SIEMENS,Siemens Ltd.,Capital Goods,SIEMENS.NS,,,,,missing,,,,,,,missing,,,,,,,missing,False,73.94677329541705,9.719999999999999,6.800000000000001,45.0,68.2,44.37803198862512,Exit Candidate,10.0,10.0,0.0,0.0,0.0,0.0,0.972,0.0,0.0,20.972,Below Watchlist,,,,,,🟢,9.86432929010943,68.2,0,,0.0,0.0,,10,🟢,47.0,0,,0.0,0.0,,,63.4,,3.75,0.0,,,,,,,,,31-MAR-2026,ok,,,,,,,NSE500
BSOFT.NS,,350172411.0,0.15249546491912935,0.08446746186519052,0.06540978897213992,96.27097469368464,0.0,0.0,0.14210953892714712,0.12193909719490119,49.02365800753701,1.5809039339480209,94.69007075973661,-7.971953163883438,,quiet_but_not_accelerating,0.04182633857648144,0.28811229037357616,0.23015529950053287,-11.443026180157535,,no_obv_signal,410584751.7284805,-5.6559911408500625,-5.330067054610003,-0.3259240862400592,0.0,0.0,-19.727309741261763,-19.48490443894633,-0.2424053023154329,0.0,,-1.0,,-1.0,-1.0,335.9152033472447,278.7750641105519,283.1487293124468,0.0,-6.550949872761077,0.0,-3.335255042401497,-21.15548578965828,0.0,-10.924413675074762,-20.502253637314784,^CNXIT,-40.86876411783936,0.0,0.0,0.5930089744135857,2.380952380952381,0.32231746722166893,1.0,-50.19250761166734,-40.84229003724495,-9.350217574422388,367.4025699692203,409.9392652834869,0.0,BSOFT,Birlasoft Ltd.,Information Technology,BSOFT.NS,3.4604744639493035,16.058904574849176,18.599664634615486,0.03421802616345082,ok,-8.653846153846153,46.47887323943663,-55.132719393282784,2.2816572434887386,0.08111124633774931,2.2005459971509893,ok,0.9122466561600817,,,,,,missing,False,83.77484114278961,39.84,60.6,0.0,13.4,44.20045234283689,Exit Candidate,10.0,0.0,0.0,0.0,10.0,0.0,3.9840000000000004,0.0,0.0,23.984,Below Watchlist,,,,🟢,,,-6.550949872761077,13.4,0,,,,,0,,17.0,0,,,,,🟢,69.0,,21.740000000000002,13.65,,,,,,,,,31-MAR-2026,ok,,,,,0.0,,NSE500
HDFCLIFE.NS,523.5499877929688,114984523.0,0.002891945471235685,0.00847407296861791,-0.12481890916265438,0.0,0.0,0.0,-0.16598676712312094,-0.14891047527469287,-3.8863831815291903,3.527195680269034,-3.527195680269034,-9.082224539430184,,neither,-0.052401216574023864,1.2822518900113844,-0.7811523260188507,-4.548771596541701,,no_obv_signal,2475628454.1274414,-2.107641833619482,-1.1194331939897137,-0.9882086396297682,0.0,0.0,-28.171429910109055,-30.3565929023101,2.1851629922010467,1.0,522.213503700754,1.0,538.0878117708218,-1.0,-1.0,608.213148803586,536.8157152909737,538.510482480945,0.0,-4.31162571546941,0.0,-5.375140026722558,-16.01737432147988,,,,^CNXFIN,-33.28474131575507,0.0,0.0,1.0705017897927502,88.09523809523809,0.28628194048332006,0.0,-31.359980689922168,-6.078888641482128,-25.28109204844004,635.1475597444473,648.7746628002116,0.0,HDFCLIFE,HDFC Life Insurance Company Ltd.,Financial Services,HDFCLIFE.NS,9.253109019767368,11.805242919673354,,0.17459607403910185,partial,23.043478260869577,18.55670103092783,4.486777229941747,70.20511340181213,-32.648512874373104,102.85362627618522,ok,5.119055864516858,,,,,,missing,False,33.06999999999999,87.4,49.8,30.0,21.8,44.141000000000005,Exit Candidate,0.0,0.0,0.0,0.0,0.0,6.5,8.740000000000002,0.0,0.0,15.240000000000002,Below Watchlist,,,,,,,-4.31162571546941,21.8,0,,0.0,0.0,,0,,72.0,0,,0.0,0.0,,,5.2,,14.540000000000001,0.01,,,,,,,,,31-MAR-2026,ok,,,,,10.0,,NSE500
JAINREC.NS,,164932608.0,0.724366549293273,0.06529253995968995,0.15468113343932413,98.7272414350908,0.0,0.0,-0.020164774724065394,0.10166056043523994,50.354003543354736,3.01255230125523,95.71468913383558,-18.072112532573016,,neither,0.18430254907186208,0.48156211676976396,1.0,-17.893048226311926,,no_obv_signal,566884546.8356994,-3.504284315290363,-5.1458692612493575,1.6415849459589946,0.0,0.0,-32.751479211518244,-28.582988547606725,-4.16849066391152,0.0,,-1.0,,-1.0,-1.0,378.3719441879688,285.60041452048773,286.7994968183361,0.0,-15.979698659638887,0.0,-14.882362177701259,-33.00196622294883,,,,^CNXMETAL,-50.69991251093613,0.0,0.0,,,,,-16.623891835962752,-2.4086674397081707,-14.21522439625458,371.2810865111999,381.3823977578828,0.0,JAINREC,Jain Resource Recycling Ltd.,Metals & Mining,JAINREC.NS,45.42556963533131,56.53991596616219,35.482187545957565,0.8172213400937326,ok,5.759162303664927,-47.814207650273225,53.573369953938155,-12.255300592628043,11.884263833547013,-24.139564426175056,ok,0.48737562709664667,,,,,,missing,False,86.53453450228177,26.279999999999998,84.8,0.0,1.0,44.08636035068454,Exit Candidate,5.0,0.0,0.0,0.0,,0.0,2.6279999999999997,0.0,0.0,7.628,Below Watchlist,,,,,,,-15.979698659638887,1.0,0,,,,,0,,18.0,0,,,,,🟢,42.6,,6.13,3.02,,,,,,,,,31-MAR-2026,ok,,,,,10.0,,NSE500
TATAINVEST.NS,625.4500122070312,715291588.0,0.2896299006999508,0.09647431012481418,0.07611087104064193,96.58034187836637,0.0,0.0,0.06598765856288014,0.04121526722285346,49.469359030540325,16.9344353888442,79.64590648952216,-6.201256200198979,,quiet_but_not_accelerating,0.11937969400085864,0.2286469103765813,1.0,-7.947604537469044,,no_obv_signal,1678354162.4797454,-0.47540930873788056,3.901511967920055,-4.376921276657935,0.0,0.0,-6.775704851827072,-4.769561954888208,-2.006142896938864,0.0,706.1129075477761,-1.0,652.9125785888737,-1.0,-1.0,724.107342720392,657.8991790570996,659.6904399664493,0.0,4.320382413022291,0.0,-1.055407848127199,4.495965035305849,,,,^CNXFIN,-40.578859253043085,0.0,0.0,0.9502945437285981,58.333333333333336,0.20917113789839878,0.0,26.902319346964987,47.543352215646735,-20.641032868681748,655.9887324865533,544.3781673684699,0.0,TATAINVEST,Tata Investment Corporation Ltd.,Financial Services,TATAINVEST.NS,,,,,missing,,,,,,,missing,,,,,,,missing,False,85.92311965742823,31.799999999999997,24.4,0.0,54.6,43.98693589722847,Exit Candidate,10.0,2.5,0.0,0.0,0.0,0.0,3.1799999999999997,0.0,0.0,15.68,Below Watchlist,,,,,,,4.320382413022291,54.6,0,,0.0,0.0,,0,,69.0,0,,0.0,0.0,,🟢,46.6,,0.13,2.62,,,,,,,,,31-MAR-2026,ok,,,,,,,NSE500
SUNDARMFIN.NS,4334.7998046875,19732907.0,0.02677117688512156,0.04142203171700797,0.01215870529208062,73.45578353568689,0.0,0.0,0.030759069836882154,0.0032538895642588075,19.378985316927388,19.079447011308773,54.37633652437812,-3.307132273527913,🟢,accelerating_quiet_base,0.014196133000389445,0.18220230114468722,0.2263237820593521,-7.090198174827,,no_obv_signal,206428745.27614745,-26.31363903044712,14.080988426048405,-40.39462745649553,0.0,0.0,-43.13222474178019,-51.48518968797836,8.35296494619817,1.0,4754.65916153,-1.0,4526.373566945222,-1.0,-1.0,5114.647896695476,4557.225108145964,4595.276162369983,0.0,-1.502225441948524,0.0,1.0141538863836619,-8.23517259057609,,,,^CNXFIN,-21.926765674501134,0.0,0.0,0.8360068932818188,40.476190476190474,0.40112948704400797,0.0,127.31980779737205,239.35532073325942,-112.03551293588737,4542.104018379313,4019.4626103515247,0.0,SUNDARMFIN,Sundaram Finance Ltd.,Financial Services,SUNDARMFIN.NS,,,,,missing,,,,,,,missing,,,,,,,missing,False,65.72952423749041,94.0,2.6,0.0,33.0,43.858857271247125,Exit Candidate,10.0,2.5,0.0,0.0,0.0,0.0,9.399999999999999,0.0,0.0,21.9,Below Watchlist,,,,,,,-1.502225441948524,33.0,0,,0.0,0.0,,0,,36.0,0,,0.0,0.0,,🟢,32.4,,5.140000000000001,18.970000000000002,,,,,,,,,31-MAR-2026,ok,,,,,,,NSE500
TRAVELFOOD.NS,,12911380.0,-0.024792014536348876,0.2703830144928585,0.18566796616047695,96.03127476548407,0.0,0.0,0.2475471921482517,0.2081115669156252,15.9568109573996,43.87998285250114,52.15129191298293,-7.710331289345529,,quiet_but_not_accelerating,0.2004840303609936,0.36231351788367366,0.5533440527752047,-5.206845323261799,,price_not_rising,38268211.153930664,-23.646230374216884,-21.07535714419525,-2.5708732300216326,0.0,0.0,3.2106615041666373,17.498398707665686,-14.287737203499049,0.0,,-1.0,,1.0,1.0,1096.230352332033,1226.128240827236,1245.4802790169538,0.0,0.17708656422722827,0.0,-4.017514796760779,11.741306285615405,,,,^CNXCONSUM,-15.120112008995997,0.0,0.0,0.8571907567881668,20.37037037037037,0.6228396043280802,1.0,52.524368580023065,50.831086121851754,1.6932824581713106,1195.8702042946575,1127.3720425082029,1.0,TRAVELFOOD,Travel Food Services Ltd.,Consumer Services,TRAVELFOOD.NS,,,,,missing,,,,,,,missing,,,,,,,missing,False,74.49094616791942,12.719999999999999,31.6,40.0,40.8,43.75128385037582,Exit Candidate,10.0,2.5,0.0,0.0,10.0,3.5,1.2719999999999998,0.0,0.0,27.272,Below Watchlist,,,,🟢,,,0.17708656422722827,40.8,0,,,,,10,🟢,14.0,0,,,,,🟢,81.39999999999999,,7.24,1.55,,,,,,,,,31-MAR-2026,ok,,,,,,,NSE500
CEMPRO.NS,1223.300048828125,351261031.0,0.002721468134936874,0.0054860510871823955,0.12833407023306542,96.17468638019025,0.0,0.0,0.006433693512862649,0.12745329332332844,24.709530032468944,63.19841304420256,32.97627333598769,-5.805798504551674,,quiet_but_not_accelerating,0.011845889121872386,0.532403468534718,0.9288774519170043,-10.564409624330818,,no_obv_signal,287445577.7723938,-11.286458846106825,-10.640595463394654,-0.6458633827121716,0.0,0.0,100.76444650220719,132.45933971256025,-31.694893210353058,0.0,1364.472839324547,-1.0,1267.2054179373401,-1.0,-1.0,1583.11168001139,1254.8464175646702,1262.6185920005978,0.0,39.29380279516375,0.0,2.9326313002694393,128.4316768557543,0.0,2.9326313002694393,128.4316768557543,FALLBACK_BROAD_INDEX,-25.390335018091285,0.0,0.0,1.1709935195962287,36.11111111111111,0.431839711461267,0.0,198.2947073649865,153.0284393475786,45.266268017407896,873.9418437505323,602.2640924166697,1.0,CEMPRO,Cemindia Projects Ltd.,Construction,CEMPRO.NS,25.495843627534008,68.81436914410628,37.11505282543375,0.4172521857991815,ok,-41.843971631205676,118.60465116279069,-160.44862279399638,-8.494059169528063,28.41786584207162,-36.911925011599685,ok,0.5241771514966995,,,,,,missing,True,65.98114023306658,6.48,53.2,0.0,97.6,43.71034206991997,Exit Candidate,10.0,10.0,0.0,0.0,0.0,0.0,0.6480000000000001,0.0,10.0,30.648,Below Watchlist,,,,,,,39.29380279516375,97.6,15,🟢,0.0,0.0,,10,🟢,3.0,5,🟢,0.0,0.0,,🟢,51.6,,1.41,7.31,,,,,,,,,31-MAR-2026,ok,,,,,0.0,,NSE500
RITES.NS,192.30999755859375,1077428874.0,-0.005361615067466703,0.005731235584053387,0.1443402650339591,96.83761194828492,0.0,0.0,0.04937447611933736,0.22736011982025703,48.076927220844595,26.607096800728243,70.23051514755667,-4.1321614995853295,,quiet_but_not_accelerating,-0.000427170399807412,0.651891615889418,-0.029119024931555326,-8.422014068879523,,no_obv_signal,66470474.94603272,-4.436839959665662,-3.3960872499752695,-1.0407527096903921,0.0,0.0,-2.9806602111613074,-1.36902532608384,-1.6116348850774673,0.0,207.02203881603918,-1.0,198.30062533826398,-1.0,1.0,178.2290502967036,200.5944409286728,204.3974748004351,0.0,-3.229614528088616,0.0,0.27443965412923266,4.1208940161911345,0.0,0.27443965412923266,4.1208940161911345,FALLBACK_BROAD_INDEX,-22.32549190191803,0.0,0.0,0.7338448441394635,30.952380952380953,0.6010500282368767,0.0,-10.669153730110423,-6.8684792969149395,-3.800674433195484,220.51964128316953,214.35867802309596,0.0,RITES,RITES Ltd.,Construction,RITES.NS,-2.4094091280390195,-8.866200938048618,18.72947338401293,0.0024578180244961287,ok,-32.96296296296297,27.358490566037734,-60.321453529000706,-30.726576940098404,26.236053829343238,-56.962630769441645,ok,,,,,,,missing,False,64.72316418189972,33.12,48.8,30.0,26.200000000000003,43.29094925456992,Exit Candidate,10.0,10.0,0.0,0.0,0.0,0.0,3.312,0.0,0.0,23.312,Below Watchlist,,,,,,,-3.229614528088616,26.200000000000003,0,,0.0,0.0,,0,,4.0,0,,0.0,0.0,,🟢,70.0,,2.31,3.47,,,,,,,,,31-MAR-2026,ok,,,,,0.0,,NSE500
CGPOWER.NS,858.0499877929688,301601684.0,-0.00890263699280191,0.12248074120876717,0.13228794599685662,79.42155516422443,0.0,0.0,0.04947001187895547,0.09926542374842119,5.339617132295166,73.50221936159339,5.919335802631039,-9.882900195166345,,neither,0.09606100947252,0.6098275072484225,0.5601959765628849,-0.61964749476634,,no_obv_signal,1981746784.7085814,-3.9727982820742227,-0.38603377080141255,-3.5867645112728104,0.0,0.0,25.96285055976864,36.23376517935969,-10.270914619591053,0.0,922.934533873266,-1.0,883.6165395042042,-1.0,1.0,769.8575665493402,880.9344657031593,885.4534913417702,0.0,7.427014376981067,0.0,-5.410488017908543,26.52557049725448,0.0,-5.410488017908543,26.52557049725448,FALLBACK_BROAD_INDEX,-12.130057573684716,0.0,1.0,1.0550377124042682,43.25396825396825,0.3637003297347956,0.0,86.72766305377081,75.74394426457721,10.983718789193603,754.8073974560016,598.5416699653568,1.0,CGPOWER,CG Power and Industrial Solutions Ltd.,Capital Goods,CGPOWER.NS,21.21582588674089,7.809168471696237,19.348522584888926,0.014868615190051289,ok,-14.224137931034479,28.176795580110486,-42.40093351114496,-4.676386499930269,8.389941266317098,-13.066327766247367,ok,14.063569046826423,,,,,,missing,False,68.27754430747855,16.56,27.0,30.0,62.8,43.26526329224356,Exit Candidate,10.0,5.0,0.0,0.0,0.0,0.0,1.656,0.0,0.0,16.656,Below Watchlist,,,,,,🟢,7.427014376981067,62.8,0,,0.0,0.0,,10,🟢,52.0,0,,0.0,0.0,,,55.00000000000001,,9.45,0.0,,,,,,,,,31-MAR-2026,ok,,,,,0.0,,NSE500
GROWW.NS,183.52000427246094,2609082072.0,-0.2965541848259849,0.05488607762151916,0.12413834344522491,86.39093614995737,0.0,0.0,0.03319201886318615,-0.013666105136734361,3.5600974179217104,57.84107825849909,28.54985789145828,-9.17998831068213,🟢,accelerating_but_price_moved,0.10990877531455215,0.815765219711876,0.8220568773199739,-5.582132591084854,,no_obv_signal,5620702604.407297,-2.762308666364163,-1.792497555446901,-0.969811110917262,0.0,0.0,2.157052922705077,5.0178007628095695,-2.8607478401044926,0.0,197.7042591131227,-1.0,187.66106830466947,-1.0,1.0,159.36652326128623,187.85239292433224,190.34928005034726,0.0,4.272572461134087,0.0,-4.663236486016431,17.31701923514901,,,,^CNXFIN,-17.169161267964338,0.0,0.0,,,,,8.651486505323987,5.973431255233508,2.6780552500904795,175.23080251207773,166.86337523991426,1.0,GROWW,Billionbrains Garage Ventures Ltd.,Financial Services,GROWW.NS,,,29.30906780727393,0.030278131930697814,ok,7.339449541284389,25.287356321839088,-17.9479067805547,-0.2621951989116275,23.789298659947768,-24.051493858859395,ok,,,,,,,missing,False,51.96682765248508,29.52,50.2,30.0,54.0,43.124048295745524,Exit Candidate,5.0,2.5,0.0,0.0,,0.0,2.952,0.0,0.0,10.452,Below Watchlist,,,,,,,4.272572461134087,54.0,0,,0.0,0.0,,10,🟢,87.0,0,,0.0,0.0,,,27.800000000000004,,5.25,0.0,,,,,,,,,31-MAR-2026,ok,,,,,0.0,,NSE500
DIXON.NS,13250.0,74156046.0,-0.12027624952650616,-0.06780837350548877,0.024014441974120396,48.390667467605766,0.0,0.0,-0.030760935233096115,0.04696632106906492,15.82462474381905,46.15538511663573,2.2352823509700386,11.243259853858767,,neither,-0.08613895931798089,0.16220683567140948,-2.785709179999077,-5.61466156024919,,no_obv_signal,4386738292.290527,-217.5555416858624,-221.75213401351894,4.196592327656532,1.0,0.0,405.7810959890903,450.67389752225387,-44.89280153316355,0.0,14152.218851846643,-1.0,13092.108111403119,1.0,1.0,11862.592004886552,13376.862314772668,13551.687446498065,0.0,14.227168573242684,0.0,18.40929579550994,31.715870429290206,0.0,18.40929579550994,31.715870429290206,FALLBACK_BROAD_INDEX,-23.988557050935285,0.0,0.0,0.8999886561747664,48.41269841269841,0.40002475714585095,0.0,523.4124875054804,755.012991189627,-231.6005036841466,12792.41516751923,10781.633448583721,0.0,DIXON,Dixon Technologies (India) Ltd.,Consumer Durables,DIXON.NS,58.93481380684295,77.89991646643091,34.16231520805774,0.21259143792484825,ok,141.48740012292564,-7.24059293044469,148.7279930533703,47.92488661349449,-1.509428304498205,49.4343149179927,ok,0.547606107105168,,,,,,missing,True,30.246733613662016,4.319999999999999,90.0,40.0,77.4,43.04802008409861,Exit Candidate,5.0,10.0,10.0,0.0,0.0,3.5,0.43199999999999994,0.0,10.0,38.932,Below Watchlist,,,🟢,,,,14.227168573242684,77.4,0,,0.0,0.0,,0,,5.0,0,,0.0,0.0,,🟢,27.0,,19.259999999999998,18.29,,,,,,,,,31-MAR-2026,ok,,,,,20.0,🟢,NSE500
VEDL.NS,260.0,1751552452.0,-0.037431532004016506,0.004949799125206669,0.08140373884087719,60.19284190006181,0.0,0.0,-0.014108396665945752,-0.07030143875078636,60.635116758507586,1.3004017191369255,58.89244018092488,-7.390917186108636,,quiet_but_not_accelerating,-0.03173954276730881,0.5042494095030163,-0.4954296216004255,-1.6083254493850507,,no_obv_signal,1759335958.218036,-2.711792954050054,-2.633622333929409,-0.07817062012064513,0.0,0.0,-57.83560624689903,-66.24350915036943,8.4079029034704,1.0,276.39232054072147,-1.0,263.8323051568275,-1.0,-1.0,338.7346884239728,263.58902129160845,265.6002383683045,0.0,-20.644488131321726,0.0,-3.6799675653001573,-59.77008077453879,,,,^CNXMETAL,-66.98412698412697,0.0,0.0,0.4052867333277374,0.3968253968253968,0.07573813097491909,1.0,-13.360249271411021,26.831343470677673,-40.191592742088694,394.6337685990642,349.49848865054344,0.0,VEDL,Vedanta Ltd.,Metals & Mining,VEDL.NS,,,,,missing,,,,,,,missing,,,,,,,missing,False,46.47749466502163,94.24000000000001,67.2,0.0,0.6,42.961248399506495,Exit Candidate,0.0,0.0,0.0,0.0,10.0,0.0,9.424000000000001,0.0,0.0,19.424,Below Watchlist,,,,🟢,,,-20.644488131321726,0.6,0,,0.0,0.0,,0,,13.0,0,,0.0,0.0,,🟢,14.399999999999999,,6.9,0.0,,,,,,,,,31-MAR-2026,ok,,,,,,,NSE500
COLPAL.NS,,36708953.0,0.13325662568750526,-0.17300555784717406,-0.003104664225544276,20.558120296938633,0.0,0.0,-0.06750062952614824,-0.07265901714286623,7.947539786138082,15.58630962902103,4.971810667917602,-7.668063750599452,,quiet_but_not_accelerating,-0.19560677264395493,0.45016515555449144,8.017907298316649,-11.45913367319562,,no_obv_signal,785612637.8329163,-13.94757269607885,-20.673276262817495,6.725703566738645,0.0,0.0,-61.748764602019946,-48.25861359142081,-13.490151010599135,0.0,,1.0,,1.0,-1.0,2103.9980588893227,1857.746694280474,1862.4575731041452,0.0,0.8308853961054036,0.0,-2.1939305819626442,0.4040696843406577,,,,^CNXFMCG,-18.631106872344425,0.0,0.0,0.8899797707911663,38.492063492063494,0.8344345021549957,0.0,-108.42177236326415,-64.55665941267124,-43.865112950592916,2130.9257398381196,2105.115711195187,0.0,COLPAL,Colgate Palmolive (India) Ltd.,Fast Moving Consumer Goods,COLPAL.NS,4.8714506963204895,8.16913160332804,107.36076580309637,0.02992847718908409,ok,-2.9253271747498135,9.068010075566752,-11.993337250316566,0.49217511072360487,7.457974635418081,-6.965799524694476,ok,4.647650184082288,,,,,,missing,False,39.035342103928514,13.2,92.80000000000001,40.0,43.2,42.75060263117855,Exit Candidate,0.0,2.5,0.0,0.0,0.0,10.0,1.32,0.0,0.0,13.82,Below Watchlist,,,,,,,0.8308853961054036,43.2,0,,,,,0,,17.0,0,,,,,,11.0,,7.449999999999999,0.0,,,,,,,,,31-MAR-2026,ok,,,,,0.0,,NSE500
JUBLINGREA.NS,639.0999755859375,106580586.0,-0.0969255123065976,-0.07643029036738283,0.005040653436056207,50.021900243156715,0.0,0.0,-0.09363898775964163,-0.030364865818055264,9.147433134058952,44.92211841435998,5.099781828796736,5.434347445735277,,quiet_but_not_accelerating,-0.09479035405531165,0.18442586840982592,1.3530561180393024,-13.130356805527654,,no_obv_signal,172519131.52563173,-15.399159610149127,-18.005265049151433,2.606105439002306,1.0,0.0,-2.535026912229341,6.453799446198445,-8.988826358427787,0.0,680.7875171222084,-1.0,633.8349700746755,1.0,1.0,587.7869699877056,643.741257274117,654.1902669762745,0.0,5.782585778165565,0.0,10.643192016813185,13.657232723537627,0.0,10.643192016813185,13.657232723537627,FALLBACK_BROAD_INDEX,-16.044553174170716,0.0,0.0,0.8947760074833354,51.19047619047619,0.7151725598100918,0.0,13.226280207456284,19.61311890488464,-6.386838697428356,652.8458576215713,626.4621103496175,0.0,JUBLINGREA,Jubilant Ingrevia Ltd.,Chemicals,JUBLINGREA.NS,-2.8631688813538725,-3.317315556090794,10.74688085574226,0.253280562417772,ok,23.933209647495364,81.48148148148145,-57.54827183398609,10.520989665966296,12.150386642557612,-1.629396976591316,ok,,,,,,,missing,False,31.54766508510485,17.759999999999998,86.0,40.0,58.4,42.67629952553145,Exit Candidate,0.0,10.0,10.0,0.0,0.0,3.5,1.7759999999999998,0.0,0.0,25.276,Below Watchlist,,,🟢,,,,5.782585778165565,58.4,0,,0.0,0.0,,0,,9.0,0,,0.0,0.0,,,11.799999999999999,,22.21,6.49,,,,,,,,,31-MAR-2026,ok,,,,,0.0,,NSE500
TATACAP.NS,331.3500061035156,30108282.0,-0.09473510397148635,0.5375574817529127,0.2499239648567504,93.31304938409775,0.0,0.0,1.3285078454957826,0.860231804648994,-3.0936908512533883,39.868711833588726,53.444337550509026,-9.291240922379629,,neither,-0.16496993357679485,3.247570387901845,-0.06730744655910538,-9.318551823133014,,price_not_rising,469440172.88977206,-8.11999528696606,-5.424537912971951,-2.695457373994108,0.0,0.0,4.563397915874475,7.5251763625088435,-2.9617784466343684,0.0,356.103242457887,-1.0,338.9607382330544,-1.0,1.0,306.1090596088486,341.19389865138317,348.73550803498154,0.0,-1.3233869754618042,0.0,-5.208493448052431,7.357085825359122,,,,^CNXFIN,-13.417821914188114,0.0,1.0,,,,,5.374918618306879,2.9603377098363532,2.4145809084705254,335.79135573401436,331.0312349239317,1.0,TATACAP,Tata Capital Ltd.,Financial Services,TATACAP.NS,,,,,missing,,,,,,,missing,,,,,,,missing,False,69.9395672844342,29.16,31.0,30.0,33.6,42.503870185330264,Exit Candidate,10.0,2.5,0.0,0.0,,0.0,2.9160000000000004,0.0,0.0,15.416,Below Watchlist,,,,,,🟢,-1.3233869754618042,33.6,0,,0.0,0.0,,10,🟢,71.0,0,,0.0,0.0,,,98.4,🟢,1.8499999999999999,0.0,,,,,,,,,31-MAR-2026,ok,,,,,,,NSE500
CIPLA.NS,1379.300048828125,136546289.0,-0.0718042641572332,-0.11392665021149197,-0.011792209375206893,33.35768293214993,0.0,0.0,-0.11957839098150026,0.05410127365985355,-4.342691498108014,42.41085635583769,-9.05317342368776,-5.8755271019163775,,quiet_but_not_accelerating,-0.15432096495047365,0.40767563588695643,1.6272267318805063,-6.373873571544452,,no_obv_signal,1286343652.745221,-7.864880440351726,-11.157121917152804,3.2922414768010775,0.0,0.0,4.771491255708725,10.144384147101377,-5.372892891392652,0.0,1412.9285634310368,-1.0,1369.7958606355342,1.0,1.0,1273.8669620525827,1385.1063126616489,1389.2659078876397,0.0,5.801230775071431,0.0,-0.0077529796374209425,13.764169595096497,0.0,-11.151444080745076,-7.8060934945540446,^CNXPHARMA,-16.31161349966885,0.0,0.0,0.9404159805471198,47.61904761904761,0.2922887095946564,0.0,11.207955294981502,24.914656706806547,-13.706701411825044,1407.4602968207894,1320.2786776798985,0.0,CIPLA,Cipla Ltd.,Healthcare,CIPLA.NS,7.234079281312833,11.454373804227448,14.857680105539679,0.017825595123134183,ok,42.2740524781341,-17.942583732057408,60.21663621019151,9.47919792830115,-7.162317229573012,16.641515157874164,ok,3.011824180844148,,,,,,missing,False,26.02518902625247,23.28,88.2,40.0,58.599999999999994,42.48355670787574,Exit Candidate,5.0,2.5,0.0,0.0,0.0,3.5,2.3280000000000003,0.0,0.0,13.328,Below Watchlist,,,,,,,5.801230775071431,58.599999999999994,0,,0.0,0.0,,0,,44.0,0,,0.0,0.0,,,15.8,,18.66,0.0,,,,,,,,,31-MAR-2026,ok,,,,,20.0,🟢,NSE500
OLECTRA.NS,1136.9000244140625,341882965.0,0.03187001082329132,0.011960345223311662,0.11352621525600605,96.06086269732941,0.0,0.0,0.0011601422237822404,0.07854073832052817,45.82355236556873,37.24195578770162,58.81890690962779,-24.148078565565246,,neither,0.01227336636461834,0.3067308886470163,0.9698912253528981,-14.100935045592934,,no_obv_signal,455424109.0313965,-27.473924832620696,-27.69704433339924,0.22311950077854448,0.0,0.0,-11.531518841913794,16.08125935751942,-27.612778199433215,0.0,1280.7754496200353,-1.0,1204.4275810010427,-1.0,1.0,1114.8426720025354,1198.4340537683993,1217.8490771017387,0.0,-5.7381808763808095,0.0,-18.65761467749133,15.087322165274752,,,,^CNXAUTO,-27.577015496374102,0.0,0.0,0.8760696676938,57.53968253968254,0.5785641491542409,0.0,-15.859913319143288,-3.7787664541806776,-12.08114686496261,1270.8529928107132,1174.390596716097,0.0,OLECTRA,Olectra Greentech Ltd.,Automobile and Auto Components,OLECTRA.NS,28.502934993457927,39.34955303716758,20.970838216454865,0.30979082872230584,ok,19.646017699115035,-6.4569536423841,26.102971341499135,-2.8449220682522705,1.0624811726173633,-3.907403240869634,ok,1.5252650250768947,,,,,,missing,True,70.63130194406529,7.4399999999999995,75.0,30.0,16.2,42.35739058321958,Exit Candidate,10.0,2.5,0.0,0.0,0.0,0.0,0.744,0.0,10.0,23.244,Below Watchlist,,,,,,,-5.7381808763808095,16.2,0,,0.0,0.0,,0,,20.0,0,,0.0,0.0,,🟢,42.4,,0.33,7.109999999999999,,,,,,,,,31-MAR-2026,ok,,,,,10.0,,NSE500
HINDALCO.NS,955.2000122070312,909342825.0,0.02160935178470522,0.00597955362610575,0.09141745927299812,85.82167456183026,0.0,0.0,0.040964745966919486,0.016642230843220487,12.786279884900772,52.130103027183864,33.6915715346464,0.3745607329384004,🟢,accelerating_quiet_base,-0.03419251979655682,0.275589251329401,-0.4399402288427794,-1.975473319190657,,no_obv_signal,3256321606.373877,-12.932494266363392,-10.058452800397196,-2.8740414659661955,0.0,0.0,8.783517147877319,19.149724023989894,-10.366206876112575,0.0,1018.6910675507452,-1.0,974.7748618682251,-1.0,1.0,928.5497621155207,975.7054952648433,987.0586111011522,0.0,6.245042644603486,0.0,5.019257815026501,8.385243911391838,,,,^CNXMETAL,-16.48403259780922,0.0,0.0,0.9025745196028699,8.73015873015873,0.3621140117433607,1.0,105.31149770506181,99.30435314820019,6.007144556861618,864.2222404277322,714.6722957478407,1.0,HINDALCO,Hindalco Industries Ltd.,Metals & Mining,HINDALCO.NS,7.09955900179613,9.86859005895193,9.422965505910431,0.7260127541494915,ok,170.0085689802914,26.710097719869697,143.29847126042168,8.564882955985308,17.45614166954796,-8.891258713562653,ok,1.4549578930959157,,,,,,missing,False,65.04758609664059,16.44,30.0,30.0,59.199999999999996,42.182275828992175,Exit Candidate,10.0,5.0,0.0,0.0,10.0,0.0,1.6440000000000001,0.0,0.0,26.644,Below Watchlist,,,,🟢,,,6.245042644603486,59.199999999999996,0,,0.0,0.0,,10,🟢,8.0,0,,0.0,0.0,,🟢,38.2,,11.37,0.0,,,,,,,,,31-MAR-2026,ok,,,,,10.0,,NSE500
NATCOPHARM.NS,843.0999755859375,205453620.0,-0.010385115046475202,-0.06782713183018815,0.11082723350724509,86.9068426043316,0.0,0.0,-0.05281269893444017,-0.02809619365909814,23.99132531112552,13.071182475364084,73.83566012896752,-9.317253621194688,,neither,-0.07071860416499917,0.7271430170033663,1.2933060073253981,-7.903116506772978,,no_obv_signal,355489792.59930724,-9.789989531444007,-15.528455839178003,5.7384663077339955,0.0,0.0,-37.13746775156005,-25.860343383363308,-11.277124368196745,0.0,866.1729183985077,-1.0,823.1434238871044,1.0,-1.0,990.3111985440714,831.4581737311341,835.503350835379,0.0,-3.131847475710233,0.0,-3.1801575350128286,-8.836487945487882,0.0,-13.970298261303416,-26.121551829759504,^CNXPHARMA,-29.97277052598024,0.0,0.0,0.6971098067478354,20.238095238095237,0.4424877264391437,1.0,-15.170512858464122,-4.386039056857154,-10.784473801606968,932.4666639577358,917.6176376447319,0.0,NATCOPHARM,NATCO Pharma Ltd.,Healthcare,NATCOPHARM.NS,14.78138003150784,25.6358854866781,16.262456349544333,0.07742026439361899,ok,76.83215130023639,-70.76710435383552,147.5992556540719,14.18198671404295,-52.50917094644167,66.69115766048462,ok,0.5397536982754328,,,,,,missing,False,53.32739491151605,16.08,91.4,25.0,26.8,41.94421847345481,Exit Candidate,0.0,0.0,0.0,0.0,10.0,3.5,1.6079999999999997,5.0,0.0,20.108,Below Watchlist,,,,🟢,,,-3.131847475710233,26.8,0,,0.0,0.0,,0,,37.0,0,,0.0,0.0,,🟢,14.799999999999999,,1.72,0.0,,,,,,,,,31-MAR-2026,ok,,,,,20.0,🟢,NSE500
UNIONBANK.NS,,3531734112.0,-0.05075589666447918,0.07694424714584919,0.013693718134276505,84.34766844905984,0.0,0.0,0.12710147749516515,0.018169113009901303,10.295281367500623,62.679067928724606,21.668600520335232,1.2951803244254823,🟢,accelerating_quiet_base,0.05084502270651304,0.21092375180036507,0.25779687041019317,0.792257131379781,,no_obv_signal,1262244304.8580184,-1.3914261786662507,-0.858334008869158,-0.5330921697970927,0.0,0.0,3.9082435762872763,4.420202658660345,-0.5119590823730684,0.0,,-1.0,,-1.0,-1.0,190.16098287018022,177.99390570056968,179.4909777072325,0.0,2.642554976997746,0.0,6.876115461081378,3.7400214493585437,,,,^CNXFIN,-12.581768623076462,0.0,1.0,0.8756642947969526,11.904761904761903,0.5584081406552546,1.0,17.861548167609186,17.240567586898546,0.6209805807106399,153.76099055614665,121.8153242548095,1.0,UNIONBANK,Union Bank of India,Financial Services,UNIONBANK.NS,,,,,missing,,,,,,,missing,,,,,,,missing,False,61.31168395717094,37.68,55.2,0.0,48.199999999999996,41.43950518715128,Exit Candidate,10.0,5.0,0.0,0.0,10.0,0.0,3.7680000000000002,0.0,0.0,28.768,Below Watchlist,,,,🟢,,🟢,2.642554976997746,48.199999999999996,0,,,,,10,🟢,17.0,0,,,,,🟢,54.2,,4.03,9.370000000000001,,,,,,,,,31-MAR-2026,ok,,,,,,,NSE500
ONGC.NS,230.0,2677817126.0,0.048426671040720126,-0.02227000622535292,0.08749181564662048,86.76478833751364,0.0,0.0,0.012727290432182833,0.012201101480761839,22.30580131812585,6.4796546832395165,80.28513365427412,-1.6693331506751008,,quiet_but_not_accelerating,-0.010221186013593671,0.4246608957117697,-7.054087085845447,-4.762825425281713,,no_obv_signal,2286248778.225792,-0.89497858646277,-0.7015175699914381,-0.19346101647133185,0.0,0.0,-7.457674912974767,-6.231860520302933,-1.2258143926718335,0.0,241.80533836573773,-1.0,234.15652127448604,-1.0,-1.0,262.1140015587388,233.91034251438614,234.5508856259978,0.0,-0.9427857941895379,0.0,4.0315773547550116,-13.085738118410084,,,,^CNXENERGY,-23.364718998343168,0.0,0.0,0.7372741911445537,22.61904761904762,0.3022207385646634,1.0,8.568668443483006,13.850465717865612,-5.2817972743826065,242.65252820329624,213.62006255833117,0.0,ONGC,Oil & Natural Gas Corporation Ltd.,Oil Gas & Consumable Fuels,ONGC.NS,-1.3000309277934274,4.11017525300772,12.574900131846748,0.4688387088505071,ok,10.000000000000014,8.040201005025121,1.9597989949748928,17.940868163948384,3.8120584796837567,14.128809684264628,ok,1.6628803589332406,,,,,,missing,False,64.67767591812978,35.279999999999994,64.4,0.0,35.4,41.429302775438934,Exit Candidate,10.0,2.5,0.0,0.0,10.0,0.0,3.5279999999999996,0.0,0.0,26.028,Below Watchlist,,,,🟢,,,-0.9427857941895379,35.4,0,,0.0,0.0,,0,,11.0,0,,0.0,0.0,,🟢,28.599999999999998,,7.6899999999999995,7.969999999999999,,,,,,,,,31-MAR-2026,ok,,,,,5.0,,NSE500
PIRAMALFIN.NS,2127.5,21682683.0,-0.11749909367742757,0.21059200530720057,0.8019174563958691,88.43290626639686,0.0,0.0,0.11491627766163814,0.5323404645547498,-2.342301705381143,81.60734294874902,6.825563317647834,-1.6912386675592472,,quiet_but_not_accelerating,0.23141325479816774,3.5482309937789815,0.7696867902850807,3.502797372901978,,no_obv_signal,929266471.1510864,-8.844246486937664,10.64148678501171,-19.48573327194937,0.0,0.0,99.72385190804562,112.65353147454582,-12.929679566500198,0.0,2299.749472024545,-1.0,2243.6946149942746,-1.0,1.0,1845.9569577388459,2179.7409299430587,2196.5079175805977,0.0,7.381276616824931,0.0,4.559713073737837,19.90817554772275,,,,^CNXFIN,-7.9203635576715,1.0,1.0,,,,,159.15648344003034,99.91846816423549,59.23801527579485,1831.169606807227,1681.3976472618288,1.0,PIRAMALFIN,Piramal Finance Ltd.,Financial Services,PIRAMALFIN.NS,16.860352559721758,,1.56294274338879,2.8416702606802597,ok,-7.905497501135855,25.77142857142858,-33.676926072564434,7.454219678685324,4.690944978337101,2.763274700348223,ok,,,,,,,missing,False,63.77151719323889,14.399999999999999,6.2,45.0,62.6,41.33145515797167,Exit Candidate,10.0,5.0,0.0,0.0,,0.0,1.44,0.0,0.0,16.44,Below Watchlist,,,,,,🟢,7.381276616824931,62.6,0,,0.0,0.0,,10,🟢,60.0,0,,0.0,0.0,,,87.2,,11.52,0.0,,,,,,,,,31-MAR-2026,ok,,,,,0.0,,NSE500
HINDPETRO.NS,349.20001220703125,1092316984.0,0.08460276165319912,-0.0006116124895122156,-0.024578629740823834,43.6482246315386,0.0,0.0,-0.016510603855578093,0.005106479905546679,19.993539124652976,26.703943638958844,16.94428099257976,-6.910791636718483,,quiet_but_not_accelerating,0.006601368983823723,0.10039209578663905,1.0,-5.788227359024889,,no_obv_signal,1339641029.11156,-3.979993546418939,-3.9171013262600414,-0.0628922201588975,0.0,0.0,-6.901293386326131,-5.643239147199229,-1.2580542391269018,0.0,367.92933201489967,-1.0,353.72634103717655,-1.0,-1.0,399.9535078615355,351.71832166994915,354.609207143218,0.0,3.42141403041308,0.0,-0.6485566392906095,14.474312043574212,,,,^CNXENERGY,-26.42212567951719,0.0,0.0,0.7129656684066438,13.492063492063492,0.2880512142867639,1.0,17.115971161045707,29.152049246509673,-12.036078085463966,366.43156084493256,311.6961700323162,0.0,HINDPETRO,Hindustan Petroleum Corporation Ltd.,Oil Gas & Consumable Fuels,HINDPETRO.NS,0.21344188819365506,,23.319195321788136,0.8536873445225251,ok,-302.2456140350877,51.193633952254636,-353.43924798734236,22.349567796265728,-0.18809414652935327,22.53766194279508,ok,,,,,,,missing,False,54.5768786210385,34.8,68.4,0.0,50.8,41.21306358631155,Exit Candidate,5.0,2.5,0.0,0.0,10.0,0.0,3.4799999999999995,0.0,0.0,20.98,Below Watchlist,,,,🟢,,,3.42141403041308,50.8,0,,0.0,0.0,,0,,13.0,0,,0.0,0.0,,🟢,22.2,,15.21,0.0,,,,,,,,,31-MAR-2026,ok,,,,,10.0,,NSE500
HAL.NS,4549.2998046875,391369458.0,0.011706815912163894,0.04346731518197531,0.016750828740668647,76.70873887713053,0.0,0.0,0.044526929620408315,0.011489313720300218,9.97992177061628,66.0438274734731,10.664911403657428,4.047248366278033,🟢,accelerating_quiet_base,0.026193057598173235,0.13091036123047373,0.36933942016122207,-1.8935033613470154,,no_obv_signal,3878688297.572998,-34.254097667097994,-7.998957667599682,-26.25513999949831,0.0,0.0,128.88015754595017,136.27501278676255,-7.394855240812376,0.0,4947.4555243647565,-1.0,4767.326492289954,-1.0,1.0,4351.761153070214,4752.860496530943,4793.341944380959,0.0,11.519027475566746,0.0,10.651099424445132,21.391214692332582,0.0,10.651099424445132,21.391214692332582,FALLBACK_BROAD_INDEX,-10.780549035350068,0.0,1.0,0.9889421635162046,56.34920634920635,0.5082784824871632,0.0,282.5067177625733,331.44170129393024,-48.93498353135692,4276.130886860154,3472.6676716338275,0.0,HAL,Hindustan Aeronautics Ltd.,Capital Goods,HAL.NS,6.443681948723912,16.081148758206698,13.798778352103266,0.00026729290038868334,ok,124.79398065209601,11.818910256410254,112.97507039568576,81.09835299007638,16.145013811342046,64.95333917873432,ok,2.186936861836594,,,,,,missing,False,65.08805860699567,20.04,4.2,30.0,72.8,41.0844175820987,Exit Candidate,10.0,10.0,0.0,0.0,0.0,0.0,2.004,0.0,0.0,22.004,Below Watchlist,,,,,,🟢,11.519027475566746,72.8,0,,0.0,0.0,,0,,45.0,0,,0.0,0.0,,,37.8,,5.81,10.2,,,,,,,,,31-MAR-2026,ok,,,,,20.0,🟢,NSE500
RAMCOCEM.NS,,64830266.0,0.011534158185742362,0.013857445734357727,0.0015826289170965697,81.47238234397484,0.0,0.0,0.011502952392776213,0.022489070228940318,26.660419294928683,0.0,81.47238234397484,-7.413113324077491,,quiet_but_not_accelerating,0.01622009294989303,0.18674399038544293,0.7477105729434252,-7.654253752383067,,no_obv_signal,175172219.94294435,-9.055348302396396,-9.363390724879089,0.30804242248269276,0.0,0.0,-29.115048317921037,-27.372910128592384,-1.742138189328653,0.0,,-1.0,,-1.0,-1.0,996.9431288034677,869.3689626898276,875.7352650192768,0.0,-2.6771070323024175,0.0,-2.2280200666809247,-9.585709504887351,0.0,-2.2280200666809247,-9.585709504887351,FALLBACK_BROAD_INDEX,-29.37455180620006,0.0,0.0,0.7640913340175699,5.158730158730158,0.3755767678734747,1.0,-6.047302237846452,18.942747178182643,-24.990049416029095,946.2858838169653,928.1196495280528,0.0,RAMCOCEM,The Ramco Cements Ltd.,Construction Materials,RAMCOCEM.NS,,,,,missing,,,,,,,missing,,,,,,,missing,False,63.02533382039119,32.28,76.0,0.0,28.799999999999997,41.08360014611735,Exit Candidate,10.0,0.0,0.0,0.0,10.0,0.0,3.228,0.0,0.0,23.228,Below Watchlist,,,,🟢,,,-2.6771070323024175,28.799999999999997,0,,,,,0,,4.0,0,,,,,🟢,32.2,,19.040000000000003,8.04,,,,,,,,,31-MAR-2026,ok,,,,,,,NSE500
SBICARD.NS,581.0,-6426824.0,-2.28724110850387,2.107658558800453,-0.08203003833199785,86.38326798963647,0.0,0.0,1.6074092718588457,0.4694696507381714,-251.5386043501092,3.4795609772673215,82.90370701236914,-2.0566439575145146,🟢,accelerating_quiet_base,2.5414286606533167,2.571816344498352,0.9881843492012791,-11.989702565612214,,price_not_rising,1067550930.4287506,-12.147586572499108,-5.243444129750149,-6.9041424427489595,0.0,0.0,-21.54537050624549,-24.368800322075874,2.8234298158303837,1.0,639.9635353448407,-1.0,603.3510983873922,-1.0,-1.0,691.6817009294984,616.601517120635,629.0235167313956,0.0,-4.996934371373325,0.0,1.7544977391338534,-15.259111385740788,,,,^CNXFIN,-37.839391646342854,0.0,0.0,0.9313757367498426,57.53968253968254,0.24004168235920229,0.0,-49.0779985152858,-26.49500093710733,-22.582997578178468,717.8819428111153,776.8992963812773,0.0,SBICARD,SBI Cards and Payment Services Ltd.,Financial Services,SBICARD.NS,13.535828387574167,-1.373076279972274,,,partial,,,,,,,missing,,,,,,,missing,False,60.21414379637276,88.6,16.6,0.0,18.6,41.06424313891183,Exit Candidate,10.0,2.5,0.0,0.0,0.0,0.0,8.86,0.0,0.0,21.36,Below Watchlist,,,,,,,-4.996934371373325,18.6,0,,0.0,0.0,,0,,38.0,0,,0.0,0.0,,,98.0,🟢,10.65,9.54,,,,,,,,,31-MAR-2026,ok,,,,,,,NSE500
AFCONS.NS,245.10000610351562,199342988.0,0.7786747396805783,0.30066667162725597,0.5875636509985471,95.27242332263043,0.0,0.0,0.3744546761145943,0.5726649705165827,179.38080122282895,0.0,95.27242332263043,-20.960007605376983,,neither,0.37844504535475404,1.8903864040867857,1.0,-9.607224185634223,,price_not_rising,764671827.6114838,-7.943309510526774,-6.477361713577805,-1.465947796948969,0.0,0.0,-20.085930772030792,-17.790365772232256,-2.295564999798536,0.0,280.0906187464363,-1.0,257.4652274000372,-1.0,-1.0,331.4766341861018,255.8930875842857,262.4858088222394,0.0,-11.121575837221007,0.0,-17.629765210843352,-10.039904079445705,0.0,-17.629765210843352,-10.039904079445705,FALLBACK_BROAD_INDEX,-47.00399833768817,0.0,0.0,1.1035320787120402,75.1111111111111,0.364120131862655,0.0,-52.90626461014017,-43.04604142592248,-9.860223184217688,354.8396973415273,417.568942749786,0.0,AFCONS,Afcons Infrastructure Ltd.,Construction,AFCONS.NS,-1.762212778778116,-15.09280003907758,9.960469107237827,0.6655124958714081,ok,,-191.98473282442748,,2.1868209224742143,-12.162566327370731,14.349387249844945,partial,,,,,,,missing,False,93.08534816292064,30.96,42.4,0.0,3.5999999999999996,41.01760444887619,Exit Candidate,10.0,0.0,0.0,0.0,0.0,0.0,3.096,0.0,0.0,13.096,Below Watchlist,,,,,,,-11.121575837221007,3.5999999999999996,0,,0.0,0.0,,0,,10.0,0,,0.0,0.0,,🟢,92.2,🟢,18.6,12.19,17.78,12.139999999999999,True,True,0.8200000000000003,0.05000000000000071,,,31-MAR-2026,ok,🟢,🟢,10.0,,5.0,,NSE500
DABUR.NS,380.3999938964844,-7845428.0,7.169395060164277,-1.4828557936788274,-0.07417315283037078,12.693662560862498,0.0,0.0,-1.4986110594692525,-0.35412485088019297,-126.50878934500065,6.0174740955435375,6.67618846531896,-8.731647130225962,,neither,-1.3345325069337695,5.910919292767643,1.0,-9.740186765110748,,no_obv_signal,891634086.1424911,-2.9221979053775726,-4.260436095774203,1.3382381903966305,0.0,0.0,-19.824620771959246,-18.377786493199103,-1.446834278760143,0.0,370.29129823926735,1.0,387.6276156752162,-1.0,-1.0,428.22806818866127,384.5670608164763,385.7517846161289,0.0,-3.821145230950229,0.0,-4.714900849511938,-9.301348932348485,,,,^CNXFMCG,-26.651749026344167,0.0,0.0,0.6762731741444442,9.126984126984127,0.5160546006981269,1.0,-32.505814920702164,-22.837533180413097,-9.668281740289068,457.1163884782599,495.6681385679104,0.0,DABUR,Dabur India Ltd.,Fast Moving Consumer Goods,DABUR.NS,4.506554737175894,3.541583472548049,20.798426250507525,0.11272978198733397,ok,60.86956521739132,-34.28571428571429,95.15527950310562,23.909322519272422,-14.629986090230846,38.539308609503266,ok,10.144830491359414,,,,,,missing,False,39.972781896301875,33.839999999999996,83.0,30.0,24.4,40.86983456889057,Exit Candidate,0.0,0.0,0.0,0.0,10.0,6.5,3.384,0.0,0.0,19.884,Below Watchlist,,,,🟢,,,-3.821145230950229,24.4,0,,0.0,0.0,,0,,10.0,0,,0.0,0.0,,,1.2,,7.1,0.0,,,,,,,,,31-MAR-2026,ok,,,,,20.0,🟢,NSE500
UNITDSPR.NS,1363.0,173420869.0,-0.09173045803363572,-0.057585426661043194,0.08677448351548034,69.4382236556912,0.0,0.0,0.01177749439302059,0.07024995884148605,4.630861251069068,44.302420451454985,25.13580320423622,1.7103304564418664,,quiet_but_not_accelerating,-0.09414599330961755,0.2270420590616723,-0.9145492999382815,-10.0864187579364,,no_obv_signal,1224487464.5668092,-20.72665029343625,-21.60048080400476,0.87383051056851,0.0,0.0,22.14953644080856,31.328544082298073,-9.179007641489513,0.0,1466.4052288989144,-1.0,1425.2576139621567,-1.0,1.0,1342.0817918680252,1404.8664764572086,1420.682164012769,0.0,3.495210526755443,0.0,7.929129901663634,7.904869939283166,,,,^CNXFMCG,-12.403598971722365,0.0,1.0,0.9919671192627716,55.952380952380956,0.6163339136320142,0.0,44.539549872383304,52.3537137554614,-7.814163883078095,1358.0134092337444,1231.2079206033607,0.0,UNITDSPR,United Spirits Ltd.,Fast Moving Consumer Goods,UNITDSPR.NS,,,,,missing,,,,,,,missing,,,,,,,missing,False,39.88337827949192,17.159999999999997,78.8,30.0,51.0,40.86701348384758,Exit Candidate,10.0,5.0,0.0,0.0,0.0,0.0,1.7159999999999997,0.0,0.0,16.716,Below Watchlist,,,,,,🟢,3.495210526755443,51.0,0,,0.0,0.0,,0,,13.0,0,,0.0,0.0,,,43.0,,13.08,14.41,,,,,,,,,31-MAR-2026,ok,,,,,,,NSE500
FEDERALBNK.NS,320.20001220703125,2090503962.0,-0.07273007770005883,-0.04797203567994022,0.1806382086516891,92.81053355298496,0.0,0.0,0.012139522560710695,0.21111381391824444,10.715109839134644,72.24640376377789,20.564129789207072,-2.6529523885868045,,quiet_but_not_accelerating,-0.06367016829731915,0.6125511700439223,-1.0872544422226083,-10.465671242889929,,no_obv_signal,1817343955.6408508,-6.580274811152833,-4.790960433386733,-1.7893143777661003,0.0,0.0,12.735617050228939,17.900177375738732,-5.164560325509793,0.0,345.3632923269179,-1.0,331.0536308548883,-1.0,1.0,313.81175581476464,329.1037563675948,335.01048812248655,0.0,7.495491769852699,0.0,4.5183044211914325,22.353667737415005,,,,^CNXFIN,-13.56095866694754,0.0,1.0,1.1118670080154123,40.87301587301587,0.2798165096815621,0.0,43.09860561429227,35.97628889853815,7.122316715754117,269.09374911220414,209.20412170855204,1.0,FEDERALBNK,Federal Bank Ltd.,Financial Services,FEDERALBNK.NS,16.58859189661783,11.146282745679326,,0.7690046878626843,partial,-8.7360594795539,22.27272727272726,-31.00878675228116,-6.8757781437005505,15.319511987031822,-22.195290130732374,ok,1.7163583982665274,,,,,,missing,False,49.76368674354474,23.639999999999997,38.0,30.0,63.2,40.83710602306342,Exit Candidate,10.0,5.0,0.0,0.0,0.0,0.0,2.364,0.0,0.0,17.364,Below Watchlist,,,,,,🟢,7.495491769852699,63.2,0,,0.0,0.0,,10,🟢,56.0,0,,0.0,0.0,,🟢,65.8,,38.11,0.0,,,,,,,,,31-MAR-2026,ok,,,,,0.0,,NSE500
TEJASNET.NS,490.3999938964844,896498890.0,-0.033702712486547076,0.2277832003759518,0.7165755808305685,97.2759662226651,0.0,0.0,0.16742116439960997,0.307134932605083,28.479097526185996,57.778111415671674,39.49785480699343,-19.93469487404337,,neither,0.258004868857964,4.461186526916997,0.9579155260177108,-4.40545927943774,,no_obv_signal,1875715457.419989,-11.35231553646679,-5.275989690393173,-6.076325846073617,0.0,0.0,7.750244352984396,15.057082521176845,-7.306838168192449,0.0,544.7444892471786,-1.0,502.9801529179143,-1.0,1.0,439.26991550032193,511.60107219046455,523.1157144483058,0.0,-0.13309532483068529,0.0,-14.347695134532545,14.86772047597511,0.0,-14.347695134532545,14.86772047597511,FALLBACK_BROAD_INDEX,-22.448009357147807,0.0,0.0,0.9093196110162282,47.22222222222222,0.4101211863250624,0.0,-86.95511015627937,-93.01752230040341,6.062412144124039,588.6435855070116,660.3569121182164,0.0,TEJASNET,Tejas Networks Ltd.,Telecommunication,TEJASNET.NS,,,,,missing,,,,,,,missing,,,,,,,missing,False,72.89658817793278,20.16,19.400000000000002,30.0,39.800000000000004,40.780976453379836,Exit Candidate,10.0,5.0,0.0,0.0,0.0,0.0,2.016,0.0,0.0,17.016,Below Watchlist,,,,,,,-0.13309532483068529,39.800000000000004,0,,0.0,0.0,,0,,7.0,0,,0.0,0.0,,🟢,82.39999999999999,,3.52,5.29,,,,,,,,,31-MAR-2026,ok,,,,,,,NSE500
AUBANK.NS,,167417689.0,-0.0003120073640024954,0.26938271432908456,-0.09747553583636423,58.1812806382092,0.0,0.0,0.22750783953879797,0.15036620935005413,9.139650697654425,67.06633157766481,-8.88505093945561,-3.3173248861412485,,quiet_but_not_accelerating,0.2120106582097972,0.3647086990903007,0.5813150570266602,-3.340775469568247,,price_not_rising,1183586472.0391998,-14.91152448178741,-10.345277721785909,-4.566246760001501,0.0,0.0,18.67634170632948,28.568736549531106,-9.892394843201625,0.0,,-1.0,,-1.0,1.0,925.3827906032568,1028.490550067503,1042.7519860246082,0.0,3.79853011137569,0.0,1.7613752413278894,11.798438981932602,,,,^CNXFIN,-11.811092563931975,0.0,1.0,0.9725992995940481,20.634920634920633,0.43460341220755494,1.0,98.43858659583088,84.95675211754309,13.481834478287794,897.2645197278721,776.2315584571323,1.0,AUBANK,AU Small Finance Bank Ltd.,Financial Services,AUBANK.NS,30.33902785853808,22.753789935274572,,0.6944966791535314,partial,-4.541326067211625,24.12626832018039,-28.667594387392015,2.1559723946051164,8.09814782799315,-5.942175433388034,ok,1.2955510745179197,,,,,,missing,False,66.01344822337322,17.04,24.2,30.0,52.6,40.732034467011964,Exit Candidate,10.0,5.0,0.0,0.0,10.0,0.0,1.704,0.0,0.0,26.704,Below Watchlist,,,,🟢,,🟢,3.79853011137569,52.6,0,,,,,10,🟢,24.0,0,,,,,,76.8,,23.22,0.0,24.42,35.980000000000004,False,False,-1.2000000000000028,-35.980000000000004,,,31-MAR-2026,ok,,,0.0,,0.0,,NSE500
TRITURBINE.NS,543.5499877929688,555952523.0,-0.03172052972531344,-0.012267156218805843,0.19605013441901029,92.94292550264724,0.0,0.0,-0.00970720776385942,0.15893946089699024,24.70204468743262,35.978985865416625,56.96393963723062,-20.922703707535074,,neither,-0.018132082656543966,0.685714260791602,11.664035994236738,-9.350895866938803,,no_obv_signal,260634633.2217163,-9.515846054269332,-9.760099414303484,0.24425336003415232,0.0,0.0,-2.941247751827973,9.30213686684507,-12.243384618673042,0.0,592.7887229768487,-1.0,543.1645176387124,1.0,-1.0,676.2494383887389,554.0618984146704,560.663214942066,0.0,3.0745796426515173,0.0,-16.35580117822445,18.723468142426867,0.0,-16.35580117822445,18.723468142426867,FALLBACK_BROAD_INDEX,-26.44158590721727,0.0,0.0,0.893606905546302,45.63492063492063,0.4522034583889506,0.0,23.050273859757,26.23203450092574,-3.18176064116874,565.4821053295182,488.8343161814124,0.0,TRITURBINE,Triveni Turbine Ltd.,Capital Goods,TRITURBINE.NS,,,,,missing,,,,,,,missing,,,,,,,missing,False,56.280023925926535,15.239999999999998,75.4,10.0,49.8,40.71200717777796,Exit Candidate,5.0,5.0,0.0,0.0,0.0,3.5,1.5239999999999998,0.0,0.0,15.024,Below Watchlist,,,,,,,3.0745796426515173,49.8,0,,0.0,0.0,,0,,58.0,0,,0.0,0.0,,🟢,55.400000000000006,,15.27,20.810000000000002,,,,,,,,,31-MAR-2026,ok,,,,,,,NSE500
TARIL.NS,272.8500061035156,711111095.0,-0.04827233492874829,0.06816675668992347,0.1945937417404572,97.48696228212324,0.0,0.0,0.04087645915896697,0.13905747513846864,101.81687834450055,16.27000595442161,81.21695632770164,-22.271983884002655,,neither,0.06863216794813345,0.6035529780273945,0.782050367696027,-7.892953793436453,,no_obv_signal,238456497.35401306,-6.716959752868149,-5.8998957578001985,-0.8170639950679508,0.0,0.0,-11.113445381340455,-7.675012345278187,-3.4384330360622677,0.0,296.14481727628475,-1.0,279.73750019855214,-1.0,1.0,244.40688688418095,279.0565777582999,284.387457157183,0.0,-7.814537675849401,0.0,-13.49602290184173,0.8148556262266293,0.0,-13.49602290184173,0.8148556262266293,FALLBACK_BROAD_INDEX,-45.05635584176843,0.0,0.0,0.5792526998606078,10.317460317460316,0.3525800434433351,1.0,-4.49823047509534,15.422015731387791,-19.92024620648313,335.1703180866428,276.218779950211,0.0,TARIL,Transformers And Rectifiers (India) Ltd.,Capital Goods,TARIL.NS,,,,,missing,,,,,,,missing,,,,,,,missing,False,65.26043679874314,27.720000000000002,51.6,30.0,8.6,40.152131039622944,Exit Candidate,10.0,5.0,0.0,0.0,10.0,0.0,2.7720000000000002,0.0,0.0,27.772,Below Watchlist,,,,🟢,,,-7.814537675849401,8.6,0,,0.0,0.0,,0,,28.0,0,,0.0,0.0,,🟢,61.199999999999996,,1.72,0.0,,,,,,,,,31-MAR-2026,ok,,,,,,,NSE500
HINDCOPPER.NS,474.3500061035156,2732015108.0,-0.01972613712942927,0.03897329787947804,0.06929600583720816,90.84494128130522,0.0,0.0,0.04105736369957405,0.030169070123907446,33.66835539245133,36.62296877536841,54.22197250593681,-4.979104390749423,,quiet_but_not_accelerating,0.01458528440650592,0.18332961924944743,0.1832663763884707,-3.1428608282610626,,no_obv_signal,3853091753.133058,-10.289559357033284,-7.530677509541578,-2.758881847491706,0.0,0.0,0.8233182391655305,7.4486401159855555,-6.625321876820025,0.0,520.3237099856664,-1.0,487.31276578363105,-1.0,1.0,466.44366733168283,494.0219413244994,503.2740095959235,0.0,-0.22587521269104385,0.0,1.1552894739792485,2.4747027686877754,,,,^CNXMETAL,-37.25240264323455,0.0,0.0,0.7843048878781455,9.523809523809524,0.26118659168868036,1.0,72.48029030647416,70.66999887227082,1.8102914342033358,425.6075310014176,318.2203013841034,1.0,HINDCOPPER,Hindustan Copper Ltd.,Metals & Mining,HINDCOPPER.NS,22.72581493190038,45.948651714109175,34.64130769446077,0.03318781996236001,ok,183.33333333333331,-14.285714285714276,197.6190476190476,68.19623476008962,-4.2755278257478695,72.4717625858375,ok,1.061637244624986,,,,,,missing,True,64.51572944845682,21.24,30.4,30.0,39.2,40.04271883453705,Exit Candidate,10.0,5.0,0.0,0.0,10.0,0.0,2.1239999999999997,0.0,10.0,37.123999999999995,Below Watchlist,,,,🟢,,,-0.22587521269104385,39.2,0,,0.0,0.0,,10,🟢,2.0,10,🟢,0.0,0.0,,🟢,40.6,,0.89,6.34,,,,,,,,,31-MAR-2026,ok,,,,,20.0,🟢,NSE500
LICI.NS,390.0,646416335.0,-0.2502513718747451,0.08979223083348394,0.06280667923325742,57.16718574618036,0.0,0.0,0.05882799018405544,0.09140275511676135,20.338219589807423,36.59148311343869,20.575702632741667,-9.649019920169998,,neither,0.07513831118738012,0.21480463776653913,0.3497983654759091,-8.170475914682996,,no_obv_signal,2735000987.9308395,-3.519816548644428,-3.068543826288623,-0.4512727223558053,0.0,0.0,-1.0437942839473067,1.3194361045942584,-2.363230388541565,0.0,413.94564394848584,-1.0,405.68387466887947,-1.0,1.0,374.10843080880466,401.88334553195796,404.67079202297305,0.0,-0.5747488080906523,0.0,-4.668298944305393,5.519605706893471,,,,^CNXFIN,-13.619639332902272,0.0,1.0,1.0740842574293805,57.14285714285714,0.5861807566913579,0.0,-1.791417050928942,1.3749994569559314,-3.1664165078848736,413.5233658910199,404.66532553889704,0.0,LICI,Life Insurance Corporation of India,Financial Services,LICI.NS,7.255231664014028,16.86485372872979,,,partial,-42.102425876010784,81.50684931506848,-123.60927519107926,-13.301693048490288,17.131833795535492,-30.433526844025778,ok,0.5266012467615332,,,,,,missing,False,45.14851501116312,30.839999999999996,56.99999999999999,30.0,37.2,39.842554503348936,Exit Candidate,10.0,2.5,0.0,0.0,0.0,0.0,3.0839999999999996,0.0,0.0,15.584,Below Watchlist,,,,,,🟢,-0.5747488080906523,37.2,0,,0.0,0.0,,0,,70.0,0,,0.0,0.0,,🟢,55.60000000000001,,0.9400000000000001,0.32,,,,,,,,,01-JUN-2026,ok,,,,,0.0,,NSE500
IOC.NS,131.3300018310547,2570976122.0,-0.012765703633723102,-0.016866109047346943,0.026684680223180886,79.79647956639623,0.0,0.0,0.0018293753292108292,0.02645023979226773,25.421820460224552,1.2948744301201425,78.50160513627608,-4.9357860281663335,,quiet_but_not_accelerating,-0.016990904636344475,0.24217456181718822,5.248004528594117,-5.471568410914795,,no_obv_signal,979150405.871547,-0.9122170138322758,-0.7170549405266461,-0.19516207330562974,0.0,0.0,-3.0159470149600907,-2.825980130860094,-0.18996688409999685,0.0,139.79062306091953,-1.0,135.48066980233583,-1.0,-1.0,150.59206139096784,134.89931445014514,135.6307960464975,0.0,-0.4052302108022136,0.0,0.3558194294531747,-5.998446074849961,,,,^CNXENERGY,-28.43064764169402,0.0,0.0,0.6925439329642625,6.746031746031746,0.2307658015119181,1.0,4.656853295795486,8.279111953381452,-3.6222586575859665,139.6758939725934,122.36741000957015,0.0,IOC,Indian Oil Corporation Ltd.,Oil Gas & Consumable Fuels,IOC.NS,-2.205440916678547,62.600644258463255,20.530159702074428,0.6005084230689633,ok,-111.23809523809523,11.22881355932204,-122.46690879741726,27.902552440773952,1.526579327859389,26.375973112914565,ok,0.0905623107741986,,,,,,missing,False,54.268767848238674,40.8,64.2,0.0,37.8,39.740630354471605,Exit Candidate,10.0,2.5,0.0,0.0,10.0,0.0,4.08,0.0,0.0,26.58,Below Watchlist,,,,🟢,,,-0.4052302108022136,37.8,0,,0.0,0.0,,0,,10.0,0,,0.0,0.0,,🟢,30.8,,2.52,9.85,,,,,,,,,31-MAR-2026,ok,,,,,10.0,,NSE500
KPITTECH.NS,519.7000122070312,212087738.0,-0.11416643657584447,0.09054367954507424,-0.04437568478647379,70.77285790544578,0.0,0.0,0.3703811905905752,0.08619960785155852,50.54092340521635,1.4318124720880323,69.34104543335775,-21.958404102012487,🟢,accelerating_but_price_moved,-0.12627076615069288,0.8060064193243897,-0.17437007830531143,-12.418404923877514,,price_not_rising,813742945.339093,-19.096945957622665,-16.608040070172407,-2.488905887450258,0.0,0.0,-77.67501054075615,-81.00116922985784,3.326158689101689,1.0,551.9022645577505,-1.0,525.3485634088296,-1.0,-1.0,647.2779402970428,529.0216205297962,544.347324229153,0.0,-9.658403721448193,0.0,-22.42811778361623,-19.45887162797466,0.0,-28.09221329394076,-17.845393292486378,^CNXIT,-58.63266973413603,0.0,0.0,0.5342931749251637,4.761904761904762,0.20831785177242407,1.0,-173.8088392526273,-111.12916567901746,-62.67967357360985,905.7809092119901,968.0612826510591,0.0,KPITTECH,KPIT Technologies Ltd.,Information Technology,KPITTECH.NS,24.25118626743592,18.708713828275926,21.26745638014242,0.2367714871197025,ok,-28.067226890756302,22.176591375770023,-50.243818266526326,-2.1043834015195793,5.783206869540433,-7.887590271060013,ok,1.4653169775127357,,,,,,missing,True,53.54050026690602,89.32,32.6,0.0,5.4,39.6261500800718,Exit Candidate,10.0,0.0,0.0,0.0,10.0,0.0,8.931999999999999,0.0,10.0,38.932,Below Watchlist,,,,🟢,,,-9.658403721448193,5.4,0,,0.0,0.0,,0,,4.0,0,,0.0,0.0,,🟢,81.6,,12.09,13.25,,,,,,,,,31-MAR-2026,ok,,,,,0.0,,NSE500
TATATECH.NS,686.75,73177440.0,-0.42194870318642363,0.514371893267783,0.5673165003268699,88.33437961321577,0.0,0.0,0.7821064603925595,0.7623331851083196,7.692120254080358,49.053579542640016,39.28080007057576,0.38737385011491376,,quiet_but_not_accelerating,-0.01435724381592554,3.0811970178561565,-0.00930299637777987,-8.1455256370506,,price_not_rising,647634928.1447815,-25.74436695793588,-19.086496049358903,-6.657870908576978,0.0,0.0,23.181420941586225,36.842516195516296,-13.661095253930071,0.0,763.6244616491758,-1.0,715.7916279332296,-1.0,1.0,671.1421536730647,720.0342212155743,743.1930359925076,0.0,8.978515405447602,0.0,1.2498689550807018,35.13383367958358,0.0,-6.143131082867248,37.840966264396194,^CNXIT,-21.8847772360916,0.0,0.0,1.259900071835388,61.111111111111114,0.5865447832665946,0.0,-62.3437903407239,-94.33902275772367,31.99523241699977,722.4385902671139,879.2937120909048,0.0,TATATECH,Tata Technologies Ltd.,Information Technology,TATATECH.NS,,,,,missing,,,,,,,missing,,,,,,,missing,False,61.41703286462551,13.08,17.599999999999998,30.0,66.2,39.61110985938765,Exit Candidate,10.0,7.5,0.0,0.0,0.0,0.0,1.308,0.0,0.0,18.808,Below Watchlist,,,,,,,8.978515405447602,66.2,0,,0.0,0.0,,0,,22.0,0,,0.0,0.0,,,96.0,🟢,1.44,0.0,,,,,,,,,31-MAR-2026,ok,,,,,,,NSE500
DEEPAKNTR.NS,1529.0,49479446.0,-0.041773080452943506,0.1879173991473908,0.1310675776613702,87.22148046393457,0.0,0.0,0.2595141680441306,0.1768046673155283,29.52217818338402,42.29900877733107,44.9224716866035,-0.673596758006334,,quiet_but_not_accelerating,0.042518194501516934,0.4601963693210527,0.09755552580506856,-8.013473413831296,,price_not_rising,376264341.7526916,-37.661389072328575,-32.46909013091792,-5.192298941410655,0.0,0.0,-11.142369342758002,6.13354554790696,-17.27591489066496,0.0,1656.6539088403968,-1.0,1574.8174861095918,-1.0,1.0,1463.6674189972787,1585.732936366082,1616.9335770742098,0.0,4.000915740562442,0.0,3.5463908841908864,12.427240441315735,0.0,3.5463908841908864,12.427240441315735,FALLBACK_BROAD_INDEX,-18.120184835382293,0.0,0.0,0.9088960091395573,34.92063492063492,0.5506503818807558,0.0,-155.2587467576068,-159.02829661788354,3.7695498602767543,1766.9272299353083,1972.000261454638,0.0,DEEPAKNTR,Deepak Nitrite Ltd.,Chemicals,DEEPAKNTR.NS,-0.5157274609206453,-13.546921018688284,10.849993380113862,0.2805838100475772,ok,57.04531346989449,120.08196721311475,-63.03665374322026,21.565982653643538,7.36011179916657,14.205870854476967,ok,,,,,,,missing,False,67.48751816237709,10.44,21.6,30.0,53.400000000000006,39.58425544871312,Exit Candidate,10.0,10.0,0.0,0.0,0.0,0.0,1.044,0.0,0.0,21.044,Below Watchlist,,,,,,,4.000915740562442,53.400000000000006,0,,0.0,0.0,,0,,16.0,0,,0.0,0.0,,🟢,80.2,,11.01,6.1899999999999995,,,,,,,,,31-MAR-2026,ok,,,,,5.0,,NSE500
ITC.NS,265.1000061035156,352862280.0,-0.1707753850053478,-0.5733019432820636,-0.22693635380284277,13.056584367021712,0.0,0.0,-0.26184794868778805,-0.07821738227875139,-31.4145487121315,6.553172749460661,6.503411617561051,-7.6145688008373735,,quiet_but_not_accelerating,-0.7520120670849088,1.5449749506358585,-15.035203547670802,-5.658360817254227,,no_obv_signal,2834763037.666055,-1.0056323226087898,-1.9973514581049523,0.9917191354961625,0.0,0.0,-12.613305965957181,-13.162857419009832,0.5495514530526506,1.0,272.64384194082675,-1.0,264.14505894313277,1.0,-1.0,293.0439276100052,265.8479532927481,265.9608897312953,0.0,-0.9944250643997732,0.0,-3.8683201983940485,-7.466376967775645,,,,^CNXFMCG,-34.053743621199864,0.0,0.0,0.8521812890083177,41.66666666666667,0.24524917433794843,0.0,-28.264662986897008,-15.633990466196398,-12.63067252070061,326.08088696827843,328.8272088624646,0.0,ITC,ITC Ltd.,Fast Moving Consumer Goods,ITC.NS,3.646483983178639,2.5366068168754863,36.467829434391575,0.033091288739202813,ok,-18.372093023255815,9.137055837563448,-27.509148860819263,7.782679454009866,-11.493736394380226,19.276415848390094,ok,6.712319736242267,,,,,,missing,False,11.5098045284576,84.16,79.60000000000001,10.0,35.199999999999996,39.50494135853728,Exit Candidate,0.0,0.0,0.0,0.0,0.0,3.5,8.416,0.0,0.0,11.916,Below Watchlist,,,,,,,-0.9944250643997732,35.199999999999996,0,,0.0,0.0,,0,,21.0,0,,0.0,0.0,,,4.6,,16.76,0.0,,,,,,,,,31-MAR-2026,ok,,,,,10.0,,NSE500
SUMICHEM.NS,,130255652.0,-0.04310897538938872,-0.015704208638648458,0.22855717342458448,90.81363421335669,0.0,0.0,0.0932849462121463,0.34831793142796535,20.963054054661114,34.84838841081521,55.96524580254148,3.5474293564136783,,quiet_but_not_accelerating,-0.05525242240342671,0.9070555338816322,-0.5390581379992665,-14.683319196043087,,no_obv_signal,124818650.54313049,-18.783478626440626,-17.22731686181279,-1.5561617646278378,0.0,0.0,1.9826126630740646,12.04080449808572,-10.058191835011655,0.0,,-1.0,,-1.0,1.0,424.66415010367416,455.252097349732,470.494400873441,0.0,3.724839931044592,0.0,5.4779005102690626,16.577305295976984,0.0,5.4779005102690626,16.577305295976984,FALLBACK_BROAD_INDEX,-23.223295755758258,0.0,0.0,0.9290018815164746,53.96825396825397,0.7678214904859118,0.0,-4.8419748994296015,-1.9192536102284383,-2.922721289201163,471.27274687029706,461.70230218829255,0.0,SUMICHEM,Sumitomo Chemical India Ltd.,Chemicals,SUMICHEM.NS,,,,,missing,,,,,,,missing,,,,,,,missing,False,53.54477197467484,16.919999999999998,41.0,30.0,52.0,39.39743159240245,Exit Candidate,10.0,10.0,0.0,0.0,0.0,0.0,1.692,0.0,0.0,21.692,Below Watchlist,,,,,,,3.724839931044592,52.0,0,,,,,0,,14.0,0,,,,,🟢,80.60000000000001,,6.88,0.0,,,,,,,,,31-MAR-2026,ok,,,,,,,NSE500
NUVAMA.NS,,30195960.0,-0.2258398970967667,0.15410514337091713,0.5232770295581322,92.0419137768003,0.0,0.0,0.3022210730003667,0.7889791565946361,13.59471073334456,61.42135894641364,30.62055483038666,-7.373530893535141,,quiet_but_not_accelerating,0.20822919236451912,1.8304399972401624,0.6445434662423178,-8.52013196989041,,price_not_rising,567928592.7739502,-27.232346202985582,-20.41412998432686,-6.818216218658723,0.0,0.0,64.7283747815668,92.70510010909442,-27.976725327527618,0.0,,-1.0,,-1.0,1.0,1513.418135211974,1691.3558046200537,1716.085451876945,0.0,12.445468663159295,0.0,-0.9220158157931757,46.68412761384167,,,,^CNXFIN,-17.145598918536297,0.0,0.0,1.1162923524784456,67.46031746031747,0.49760550180418106,0.0,179.2536722728721,161.7846545001819,17.469017772690222,1425.3522944314293,1125.1398762344893,1.0,NUVAMA,Nuvama Wealth Management Ltd.,Financial Services,NUVAMA.NS,19.95549155729195,50.5495078471881,7.359431199396198,2.801186137143467,ok,13.472222222222218,5.726872246696043,7.7453499755261745,-10.271269653843763,17.384009337613072,-27.655278991456836,ok,0.5944286755636825,,,,,,missing,False,60.5246698218801,7.199999999999999,16.8,30.0,74.6,39.30740094656403,Exit Candidate,10.0,2.5,0.0,0.0,0.0,0.0,0.72,0.0,0.0,13.22,Below Watchlist,,,,,,,12.445468663159295,74.6,0,,,,,10,🟢,79.0,0,,,,,🟢,93.60000000000001,🟢,6.61,0.0,,,,,,,,,31-MAR-2026,ok,,,,,0.0,,NSE500
VMM.NS,104.30000305175781,436475534.0,-0.126552791923508,0.4452619606811035,-0.7346224166643177,11.429533070649576,0.0,0.0,-0.02620625132669626,-0.06378707283032263,-36.270037977636434,9.067718020598315,2.361815050051261,-11.572695421496404,,neither,0.5609753110040946,0.7009380373395954,0.9118785716128743,-2.614374848044332,,price_not_rising,1025941438.9222683,-1.046747632673771,-1.367912699977144,0.321165067303373,0.0,0.0,-4.756255113390722,-4.415453730972992,-0.3408013824177303,0.0,108.37021954716846,-1.0,105.45103353615653,-1.0,-1.0,121.47647173311479,103.37676603793672,103.96275891189278,0.0,-0.8362957555337891,0.0,-5.04559707491633,2.4970195776716553,,,,^CNXCONSUM,-30.757485447271023,0.0,0.0,0.8583812901434483,57.948717948717956,0.47416031587781704,0.0,-1.0090948383655842,2.4512095815933668,-3.460304419958951,118.21211498223023,115.22348050407248,0.0,VMM,Vishal Mega Mart Ltd.,Consumer Services,VMM.NS,,,,,missing,,,,,,,missing,,,,,,,missing,False,39.05033657472735,38.760000000000005,76.2,15.0,36.0,39.29710097241821,Exit Candidate,0.0,2.5,0.0,0.0,0.0,0.0,3.8760000000000003,5.0,0.0,11.376000000000001,Below Watchlist,,,,,,,-0.8362957555337891,36.0,0,,0.0,0.0,,0,,24.0,0,,0.0,0.0,,,14.2,,28.89,22.009999999999998,,,,,,,,,31-MAR-2026,ok,,,,,,,NSE500
BBTC.NS,1355.0,78102808.0,0.19010913120914769,0.6246495051636094,0.07702231171861577,98.0887986610611,0.0,0.0,0.4490426993073162,0.15237960471241985,74.18788974692406,4.335997459376489,93.75280120168462,-12.37147014081149,🟢,accelerating_but_price_moved,0.735476948514009,0.7390329905340952,0.99518824996227,-9.267444900997901,,price_not_rising,275049484.075177,-19.236115655482763,-12.281930134317836,-6.954185521164927,0.0,0.0,-47.795295294559764,-45.711568938592045,-2.0837263559677197,0.0,1511.0863015298744,-1.0,1429.0833958937549,-1.0,-1.0,1672.4864314620927,1427.9749741222172,1445.2266400160788,0.0,-5.25794182143083,0.0,-7.626506400393341,-9.411280760356998,,,,^CNXFMCG,-34.95179528699147,0.0,0.0,0.9106020354958743,90.07936507936508,0.3612198947790534,0.0,-75.88626580799746,-16.764344339514153,-59.12192146848331,1640.46475908126,1579.1601509773748,0.0,BBTC,Bombay Burmah Trading Corporation Ltd.,Fast Moving Consumer Goods,BBTC.NS,5.677773159429367,,34.76414309359838,0.22584983200747516,ok,40.33965593295103,30.889145496535804,9.450510436415229,-3.8912733049613486,2.601357964907219,-6.492631269868568,ok,,,,,,,missing,False,92.92107953137138,31.68,16.2,0.0,17.599999999999998,39.28232385941141,Exit Candidate,10.0,0.0,0.0,0.0,0.0,0.0,3.1679999999999997,0.0,0.0,13.168,Below Watchlist,,,,,,,-5.25794182143083,17.599999999999998,0,,0.0,0.0,,0,,18.0,0,,0.0,0.0,,🟢,86.4,,0.43,9.49,,,,,,,,,31-MAR-2026,ok,,,,,0.0,,NSE500
RAINBOW.NS,1367.800048828125,30003919.0,-0.026528676518920036,0.0718995580464359,0.11055752590128258,86.34764522167367,0.0,0.0,0.08268738186812122,0.12970071332542016,12.865979053447793,53.597682624271435,32.74996259740224,-2.4535355726703845,,quiet_but_not_accelerating,0.04492442687152946,0.41868547540495776,0.46022769254914586,-10.048660345330706,,no_obv_signal,176117641.62460327,-21.0619163356655,-12.7923596682977,-8.269556667367802,0.0,0.0,26.1606375151448,40.80909257558829,-14.648455060443489,0.0,1490.562847487201,-1.0,1409.064017960267,-1.0,1.0,1332.9193038748133,1406.6171928608355,1426.059448137417,0.0,7.492992683873164,0.0,2.828470612500533,25.772233176273684,0.0,-8.631304990618805,1.9251803771291653,^CNXPHARMA,-14.437628567660713,0.0,1.0,1.1116709952111117,84.92063492063492,0.49645974768899775,0.0,44.531630134718625,50.30280912389757,-5.771178989178942,1342.6250728138803,1182.7872854187362,0.0,RAINBOW,Rainbow Childrens Medicare Ltd.,Healthcare,RAINBOW.NS,13.062769718541233,9.699037272705336,16.838966463935265,0.5406213555944697,ok,-21.343873517786562,6.302521008403364,-27.646394526189926,2.19264580855445,3.2445986961441067,-1.0519528875896569,ok,5.359227780913711,,,,,,missing,False,63.96167582758578,12.239999999999998,14.6,30.0,63.0,39.27650274827573,Exit Candidate,10.0,7.5,0.0,0.0,0.0,0.0,1.2239999999999998,0.0,0.0,18.724,Below Watchlist,,,,,,🟢,7.492992683873164,63.0,0,,0.0,0.0,,0,,38.0,0,,0.0,0.0,,🟢,65.0,,17.46,17.24,,,,,,,,,31-MAR-2026,ok,,,,,0.0,,NSE500
CDSL.NS,1261.9000244140625,448910329.0,-0.02290452116016673,0.03559065065049579,0.027539092746348973,84.36725811671573,0.0,0.0,0.03944769997425425,0.08122515739719043,23.562544427485392,28.738716580736067,55.628541535979664,-2.4579960167892323,,quiet_but_not_accelerating,0.04258668556144378,0.20823698528031356,0.8603001931506751,-5.333831626852026,,no_obv_signal,1524422608.622406,-18.26839798214087,-8.259921429320102,-10.008476552820767,0.0,0.0,4.381607738182993,6.957002042869011,-2.575394304686018,0.0,1372.912983000171,-1.0,1304.5972735534492,-1.0,1.0,1176.3907879195435,1320.710829036259,1339.4221744767285,0.0,1.2370296715446538,0.0,3.425860747580667,7.975261164091507,,,,^CNXFIN,-23.070697740667764,0.0,0.0,0.9116239681233056,77.77777777777779,0.3325720455036086,0.0,40.766272646703555,74.51049233932271,-33.744219692619154,1311.2404566369057,1141.6084804190493,0.0,CDSL,Central Depository Services (India) Ltd.,Financial Services,CDSL.NS,27.29301789089471,18.238548116582542,29.742802167562267,0.0011224714987504991,ok,46.35416666666667,-39.811912225705335,86.16607889237201,11.379961042123204,-13.637692825811962,25.017653867935167,ok,3.375268557919337,,,,,,missing,True,60.8985403408505,30.36,12.2,30.0,45.4,38.98156210225515,Exit Candidate,10.0,5.0,0.0,0.0,0.0,0.0,3.0359999999999996,0.0,10.0,28.036,Below Watchlist,,,,,,,1.2370296715446538,45.4,0,,0.0,0.0,,0,,19.0,0,,0.0,0.0,,🟢,48.4,,6.63,11.360000000000001,,,,,,,,,31-MAR-2026,ok,,,,,20.0,🟢,NSE500
IOB.NS,30.950000762939453,3046417214.0,-0.014550171682043185,-0.008460971928027238,0.016765838214177185,75.75903319983567,0.0,0.0,0.015111395912583125,0.021211637022152466,24.369324608396724,0.0,75.75903319983567,-9.210910459353784,,neither,-0.009290252451835537,0.04867422669243809,-0.3333604041332752,-8.70206675562375,,no_obv_signal,84040942.93082047,-0.4618742071186972,-0.3693144777284274,-0.0925597293902698,0.0,0.0,-0.7932563945016256,-0.615218052786465,-0.17803834171516053,0.0,33.03248056874983,-1.0,32.26864884167724,-1.0,-1.0,35.382880544494384,31.907189539611778,32.28884656936894,0.0,-2.501604837264855,0.0,-4.069679140652449,-0.9807289676672215,,,,^CNXFIN,-23.899675051935038,0.0,0.0,0.6800284927707668,34.92063492063492,0.5039859197450471,0.0,-2.9995330201824544,-2.23657510935961,-0.7629579108228444,37.13579901638022,37.37301791730016,0.0,IOB,Indian Overseas Bank,Financial Services,IOB.NS,14.17281758586073,37.07058046725062,,1.395015972609848,partial,9.876543209876537,14.084507042253536,-4.207963832376999,22.837991690158006,-0.7734907966892677,23.611482486847272,ok,0.3003521352959754,,,,,,missing,False,54.07566161994248,40.92,66.8,0.0,29.599999999999998,38.866698485982745,Exit Candidate,10.0,0.0,0.0,0.0,0.0,0.0,4.0920000000000005,0.0,0.0,14.092,Below Watchlist,,,,,,,-2.501604837264855,29.599999999999998,0,,0.0,0.0,,0,,75.0,0,,0.0,0.0,,🟢,32.800000000000004,,0.22,0.43,,,,,,,,,31-MAR-2026,ok,,,,,10.0,,NSE500
TRIDENT.NS,22.489999771118164,2432839257.0,-0.020628099901289245,-0.014162463884362294,0.10297474419377921,93.61798959583373,0.0,0.0,0.02306757873754381,0.059692892220373724,33.2220493190494,12.432800108659345,81.18518948717438,-13.897400273673854,,neither,-0.02132092719908005,0.27967166717303216,-0.3539739243623325,-8.984214470285036,,no_obv_signal,59223432.607728764,-0.3978238549523283,-0.3751472203634323,-0.022676634588896016,0.0,0.0,-0.6115528345926755,-0.3962886682388262,-0.21526416635384932,0.0,23.933399398456814,-1.0,23.155384426923295,-1.0,-1.0,26.16144886041143,23.064112502684228,23.365943812859733,0.0,-5.0788298777783645,0.0,-8.393342605076338,-1.8353932897460679,0.0,-8.393342605076338,-1.8353932897460679,FALLBACK_BROAD_INDEX,-21.570196821525002,0.0,0.0,0.640992936335309,34.92063492063492,0.5764435527828548,0.0,-2.2431475966506618,-2.161525563403977,-0.08162203324668482,26.551870915574064,29.326329136219385,0.0,TRIDENT,Trident Ltd.,Textiles,TRIDENT.NS,,,,,missing,,,,,,,missing,,,,,,,missing,False,58.10629635854181,40.56,70.19999999999999,0.0,18.0,38.773888907562544,Exit Candidate,10.0,0.0,0.0,0.0,0.0,0.0,4.056,0.0,0.0,14.056000000000001,Below Watchlist,,,,,,,-5.0788298777783645,18.0,0,,0.0,0.0,,0,,5.0,0,,0.0,0.0,,🟢,43.4,,0.16,3.0700000000000003,,,,,,,,,31-MAR-2026,ok,,,,,,,NSE500
ABSLAMC.NS,955.9000244140625,42391266.0,0.057702886398285524,0.0980279016804219,0.42114812804493107,94.68194150762284,0.0,0.0,-0.0006226692617419937,0.13681461867069605,16.623499801054788,54.53871025351364,40.143231254109196,-15.142116606141098,,neither,0.0935222485537296,1.5811664327423394,0.7727403458932598,-5.524803721419325,,no_obv_signal,206928422.21768492,-12.31514625187981,-0.9004576372820614,-11.414688614597749,0.0,0.0,19.957796050739717,37.01831544183522,-17.060519391095504,0.0,1084.4720435393276,-1.0,1014.2931248061511,-1.0,1.0,909.4599866296027,1016.5865990791518,1030.779937090781,0.0,-1.6563929236647847,0.0,-11.777280536291034,6.2925985721624,,,,^CNXFIN,-18.277409387992662,0.0,0.0,1.1229312272926653,42.06349206349206,0.44396672911733503,0.0,112.85888284214809,100.55743190247841,12.301450939669678,860.8255742165165,711.4942980961673,1.0,ABSLAMC,Aditya Birla Sun Life AMC Ltd.,Financial Services,ABSLAMC.NS,14.577403713544212,17.806948827074343,30.718217885455523,0.0157682734322036,ok,64.66049382716048,-30.397422126745433,95.0579159539059,1.0322327215590423,-4.1520247657295855,5.184257487288628,ok,1.612096731381265,,,,,,missing,False,80.31867952766798,10.559999999999999,11.4,30.0,32.2,38.747603858300394,Exit Candidate,5.0,2.5,0.0,0.0,0.0,0.0,1.0559999999999998,0.0,0.0,8.556,Below Watchlist,,,,,,,-1.6563929236647847,32.2,0,,0.0,0.0,,10,🟢,89.0,0,,0.0,0.0,,🟢,52.400000000000006,,6.4399999999999995,5.75,9.379999999999999,4.41,False,True,-2.9399999999999995,1.3399999999999999,,,31-MAR-2026,ok,,🟢,5.0,,15.0,🟢,NSE500
TECHM.NS,1510.5,120033480.0,-0.0595868965071217,-0.049268777745094826,0.02783333901269041,67.61255139461827,0.0,0.0,0.20275466043413215,0.19195957067731043,-3.591530184937385,49.93214474792892,17.68040664668934,10.326311890850025,,neither,-0.1020151372402203,0.6532683786008914,-0.2656901798484111,-8.526618098754756,,price_not_rising,2526889815.555969,-13.404986919113753,-10.668646233429177,-2.736340685684576,0.0,0.0,30.599590300501404,34.52636572451771,-3.9267754240163057,0.0,1631.211045311666,-1.0,1569.4104030529286,-1.0,1.0,1354.776958996222,1543.5750781698503,1555.463553332002,0.0,9.930629521315078,0.0,13.939921463655725,17.056681149219454,0.0,5.620327054320695,19.401674606301754,^CNXIT,-12.36407827051929,0.0,1.0,0.9770201527768252,32.53968253968254,0.6816329469595318,0.0,54.82147094792299,55.19233296541484,-0.3708620174918522,1464.2381979517197,1356.9000424256712,0.0,TECHM,Tech Mahindra Ltd.,Information Technology,TECHM.NS,,,,,missing,,,,,,,missing,,,,,,,missing,False,41.534392988116394,26.880000000000003,30.599999999999998,30.0,68.60000000000001,38.71631789643492,Exit Candidate,10.0,10.0,0.0,0.0,0.0,0.0,2.6880000000000006,0.0,0.0,22.688000000000002,Below Watchlist,,,,,,🟢,9.930629521315078,68.60000000000001,0,,0.0,0.0,,0,,18.0,0,,0.0,0.0,,,77.4,,19.06,0.0,,,,,,,,,31-MAR-2026,ok,,,,,,,NSE500
INDUSTOWER.NS,367.54998779296875,482673135.0,0.06887294710996339,0.06516169817569804,-0.05897189226239975,58.977567498730984,0.0,0.0,0.03641239855124464,-0.08657199325036659,4.679510404844777,30.770495942782656,28.20707155594833,-2.6340331616773294,🟢,accelerating_quiet_base,0.10754915460155713,0.40531713416357706,1.0,-2.484658424037667,,no_obv_signal,1619942737.0569458,-1.8883887978225289,-0.3834077055353714,-1.5049810922871574,0.0,0.0,-7.256767240760496,-6.062187369533722,-1.1945798712267743,0.0,392.38155004752167,-1.0,378.0920157742029,-1.0,-1.0,424.2954506292691,374.1717623446926,376.18240559962163,0.0,-0.7052536188723332,0.0,1.8709859619648883,-9.484737048710045,0.0,1.8709859619648883,-9.484737048710045,FALLBACK_BROAD_INDEX,-20.171110226029267,0.0,0.0,0.9074706144435818,36.904761904761905,0.3198961448378053,0.0,21.913279529932254,28.769576032682505,-6.856296502750251,373.4698054706699,329.10099948007934,0.0,INDUSTOWER,Indus Towers Ltd.,Telecommunication,INDUSTOWER.NS,4.6125376717507605,51.86417287833285,18.391959315135985,0.5328939403111569,ok,-2.6470588235294077,1.0401188707280742,-3.687177694257482,4.074805579558079,-0.5560806746621165,4.630886254220195,ok,0.26597730638374784,,,,,,missing,False,65.91214862455584,35.64,41.8,0.0,36.8,38.69164458736675,Exit Candidate,5.0,5.0,0.0,0.0,0.0,0.0,3.564,0.0,0.0,13.564,Below Watchlist,,,,,,,-0.7052536188723332,36.8,0,,0.0,0.0,,0,,10.0,0,,0.0,0.0,,,17.2,,14.08,0.0,,,,,,,,,31-MAR-2026,ok,,,,,0.0,,NSE500
PIDILITIND.NS,,89070429.0,-0.03231659428157266,0.056169828434918107,0.27040841494649664,89.45797120893499,0.0,0.0,0.17297299909170408,0.3710331859925917,7.451387683650018,54.577191946470705,34.88077926246429,-5.362436763282341,,quiet_but_not_accelerating,-0.003743297673063837,0.6693949481697643,-0.011942123015161227,-7.785755108487846,,price_not_rising,898766916.7818482,-26.52950272263979,-22.30048193787273,-4.229020784767062,0.0,0.0,25.57704412837552,40.28219534000918,-14.705151211633662,0.0,,-1.0,,-1.0,1.0,1478.9571734677554,1546.4834185528052,1569.3494010941697,0.0,3.335690014622239,0.0,0.10020346785832857,14.137024752097304,0.0,0.10020346785832857,14.137024752097304,FALLBACK_BROAD_INDEX,-11.666176902732882,0.0,1.0,1.0939886206145715,60.317460317460316,0.48240346836228354,0.0,41.548389492126944,31.126287780054952,10.422101712071992,1483.7048040513125,1405.109290877017,1.0,PIDILITIND,Pidilite Industries Ltd.,Chemicals,PIDILITIND.NS,7.382691955854703,24.36179190172649,28.481825732305154,0.03851582831510215,ok,50.528169014084526,-6.425041186161459,56.953210200245984,27.018345807589483,-3.4105948661827377,30.42894067377222,ok,2.6318845616383446,,,,,,missing,False,63.090289923127244,12.120000000000001,24.8,30.0,50.6,38.66108697693817,Exit Candidate,10.0,10.0,0.0,0.0,0.0,0.0,1.2120000000000002,0.0,0.0,21.212,Below Watchlist,,,,,,🟢,3.335690014622239,50.6,0,,,,,10,🟢,15.0,0,,,,,,84.8,,4.34,11.75,,,,,,,,,31-MAR-2026,ok,,,,,20.0,🟢,NSE500
ANGELONE.NS,273.5,1739123159.0,0.04451976231186563,-0.04550845998791151,0.039519482474660625,64.81667368266328,0.0,0.0,-0.10073819638456927,-0.008136702155547782,16.45337654388422,44.77695720896174,20.03971647370154,-17.028322612743942,,neither,-0.018036511129486083,0.28427171049720784,1.0,-8.206078605575662,,no_obv_signal,1499083169.9213881,-3.7025988791882583,-1.617244559546772,-2.0853543196414863,0.0,0.0,-0.18715153138236928,6.10217831685321,-6.289329848235579,0.0,300.9664027398468,-1.0,284.21792943204713,-1.0,1.0,271.85856739431955,288.5098998371275,291.96210708189835,0.0,0.6376329013181739,0.0,-12.030024873617506,20.396532163032077,,,,^CNXFIN,-22.675913296367174,0.0,0.0,0.880981481419048,30.158730158730158,0.5361660866595873,0.0,17.658779707218628,15.908773614905362,1.7500060923132654,267.9557846430115,233.2778594285666,1.0,ANGELONE,Angel One Ltd.,Financial Services,ANGELONE.NS,20.296253418039424,0.9330755978899097,26.855490404544646,1.2997189671893008,ok,-28.488372093023255,19.48593261549149,-47.974304708514744,-2.1015625805431744,9.359192330992764,-11.460754911535938,ok,27.839528821398737,,,,,,missing,False,54.91583578893214,21.84,36.199999999999996,30.0,42.4,38.63275073667965,Exit Candidate,0.0,2.5,0.0,0.0,0.0,0.0,2.184,0.0,0.0,4.684,Below Watchlist,,,,,,,0.6376329013181739,42.4,0,,0.0,0.0,,10,🟢,94.0,0,,0.0,0.0,,🟢,13.0,,16.77,12.8,18.33,13.76,False,False,-1.5599999999999987,-0.9599999999999991,,,31-MAR-2026,ok,,,0.0,,0.0,,NSE500
TITAN.NS,4675.0,71671775.0,-0.16313443900550637,0.09965514742925152,0.13274604353999908,85.94022354457705,0.0,0.0,0.221980764246565,0.20268032919854234,4.084486075402592,72.74449142221464,13.195732122362415,6.501823770316295,,quiet_but_not_accelerating,0.025000280816794167,0.44897922760230036,0.06679163185113765,-4.106502036675175,,price_not_rising,2853043359.6,-51.13102286512185,-26.20105776728973,-24.92996509783212,0.0,0.0,189.75943145787824,212.80542625008968,-23.045994792211445,0.0,5009.991400684849,-1.0,4856.841211485602,-1.0,1.0,4520.444442897752,4843.576811110319,4897.28977754732,0.0,9.043794398970094,0.0,15.597006443138817,17.620104673114344,0.0,15.597006443138817,17.620104673114344,FALLBACK_BROAD_INDEX,-9.560476991404732,1.0,1.0,1.002620779565937,44.44444444444444,0.43726265368172046,0.0,390.84676058087643,301.5442583765955,89.30250220428093,4082.6072564697783,3530.591503216566,1.0,TITAN,Titan Company Ltd.,Consumer Durables,TITAN.NS,,,,,missing,,,,,,,missing,,,,,,,missing,False,57.63907824060196,8.28,4.6,45.0,66.4,38.59772347218059,Exit Candidate,10.0,10.0,0.0,0.0,0.0,0.0,0.828,0.0,0.0,20.828,Below Watchlist,,,,,,🟢,9.043794398970094,66.4,0,,0.0,0.0,,10,🟢,11.0,0,,0.0,0.0,,,78.8,,8.450000000000001,0.0,,,,,,,,,31-MAR-2026,ok,,,,,,,NSE500
NETWEB.NS,,223259886.0,-0.03822477042408191,0.09696108442209882,0.23377851846475903,93.4129853667322,0.0,0.0,0.11142207471864876,0.14080741215246412,14.938841375543523,59.884188679824035,33.528796686908166,2.571304073254055,,quiet_but_not_accelerating,0.022705734863236342,0.7602381633642968,0.10146170783957209,8.91843374035599,,no_obv_signal,5615234849.8,-108.81091589538755,-76.21818163193461,-32.59273426345294,0.0,0.0,271.55203829111724,346.4281580875446,-74.87611979642736,0.0,,-1.0,,-1.0,1.0,4028.2438057407926,4698.714830719354,4806.893921638879,0.0,13.569182874925936,0.0,-2.3981319322405215,44.71262248332521,0.0,-10.060864192449614,45.91157638395891,^CNXIT,-18.46991608641314,0.0,0.0,0.9481929368368037,2.380952380952381,0.5874506564787548,1.0,757.101991764473,623.9296174597295,133.17237430474358,3544.3787110004496,2551.1644199767547,1.0,NETWEB,Netweb Technologies India Ltd.,Information Technology,NETWEB.NS,70.44138549840953,63.6782674832437,39.26729482111706,0.39018910601163004,ok,20.51488334674176,-3.941267387944357,24.45615073468612,5.9433735469211655,-3.8789949374165293,9.822368484337694,ok,1.8649503149759792,,,,,,missing,True,66.66454487835627,2.6399999999999997,3.4000000000000004,30.0,76.6,38.52736346350688,Exit Candidate,10.0,5.0,0.0,0.0,10.0,0.0,0.26399999999999996,0.0,10.0,35.263999999999996,Below Watchlist,,,,🟢,,,13.569182874925936,76.6,0,,,,,10,🟢,8.0,0,,,,,🟢,68.2,,4.07,9.29,,,,,,,,,31-MAR-2026,ok,,,,,15.0,🟢,NSE500
GMRAIRPORT.NS,93.75,4656748177.0,0.001080165699521753,-0.0749785572497573,0.07812641839369934,79.57409433023004,0.0,0.0,-0.0692884964318223,0.09481301131313212,14.581526472877627,29.7717466112545,49.80234771897554,-16.36184935059277,,neither,-0.08017602604043933,0.3008875800045556,1.0,-10.934829852401007,,no_obv_signal,1005178045.2900295,-1.139939351801317,-1.2419339415464308,0.10199458974511377,0.0,0.0,-0.5277218065481577,0.9711643886540516,-1.4988861952022092,0.0,99.9807021947765,-1.0,96.18446297447686,-1.0,-1.0,111.3320778723365,96.43991866204904,97.14505354602109,0.0,-1.3407209978968009,0.0,-9.68156229296262,7.32631640033794,0.0,-9.68156229296262,7.32631640033794,FALLBACK_BROAD_INDEX,-18.464083090195327,0.0,0.0,0.8957993346953205,18.650793650793652,0.7500793669997822,1.0,6.466126398183789,7.488720055742056,-1.022593657558267,93.22266239924758,78.77487490760552,0.0,GMRAIRPORT,GMR Airports Ltd.,Services,GMRAIRPORT.NS,36.42435582979229,,10.56839273935711,-17.45431815982192,ok,91.66666666666669,,,-1.398837765364807,8.829451851367443,-10.22828961673225,partial,,,,,,,missing,False,52.58093301558051,33.72,73.2,0.0,33.4,38.508279904674154,Exit Candidate,5.0,5.0,0.0,0.0,10.0,0.0,3.372,0.0,0.0,23.372,Below Watchlist,,,,🟢,,,-1.3407209978968009,33.4,0,,0.0,0.0,,0,,8.0,0,,0.0,0.0,,🟢,28.799999999999997,,2.32,0.02,,,,,,,,,31-MAR-2026,ok,,,,,0.0,,NSE500
JBMA.NS,563.1500244140625,522843997.0,0.008763414682887301,0.06704973871967948,0.24897841763736428,99.6038481593756,0.0,0.0,0.05176582310930009,0.11964251722010807,24.602218967032787,32.13269596136959,67.47115219800601,-19.178934745485453,,neither,0.0721609828467408,0.7950558546775552,0.90716040486519,-14.342061360779079,,no_obv_signal,154487156.9011566,-15.603946738633567,-13.121658251869295,-2.482288486764272,0.0,0.0,-8.484158548047844,3.9970017573148136,-12.481160305362657,0.0,615.3277217599482,-1.0,584.3980274256928,-1.0,1.0,541.6975701942304,587.6006495749233,600.1486799974928,0.0,-6.476169339701706,0.0,-13.153403886237424,4.0218114412895245,,,,^CNXAUTO,-22.547863156601117,0.0,0.0,0.7254940326971043,23.809523809523807,0.6044894545858566,1.0,-15.992915226917376,-10.765851971795435,-5.227063255121941,636.8039582420743,586.9150884628534,0.0,JBMA,JBM Auto Ltd.,Automobile and Auto Components,JBMA.NS,19.937634383207236,20.711430889940452,22.49124175615761,2.044816579664168,ok,-43.31210191082803,34.76394849785408,-78.07605040868211,-22.12528411084777,14.764123471170645,-36.889407582018414,ok,3.3617339318558397,,,,,,missing,False,74.50134685578146,14.879999999999999,32.800000000000004,30.0,14.2,38.37640405673444,Exit Candidate,10.0,2.5,0.0,0.0,10.0,0.0,1.488,0.0,0.0,23.988,Below Watchlist,,,,🟢,,,-6.476169339701706,14.2,0,,0.0,0.0,,0,,18.0,0,,0.0,0.0,,🟢,59.599999999999994,,0.1,1.97,,,,,,,,,31-MAR-2026,ok,,,,,0.0,,NSE500
TMCV.NS,430.1499938964844,22903418.0,-0.5464022442792822,0.43786532837334546,0.03060978071057441,75.6100869084402,0.0,0.0,0.9384986141633288,0.36143212031479865,-59.937333465798005,62.54962471425455,13.060462194185646,1.7023245021042355,🟢,accelerating_quiet_base,-1.9555753900071045,2.543884934265522,-0.782066337668418,-1.5224345426576136,,price_not_rising,2670943730.23902,-4.702227205111171,-3.757297351810193,-0.9449298533009785,0.0,0.0,10.559681722283756,11.85169724853002,-1.2920155262462636,0.0,458.7797335064684,-1.0,441.03684469796997,-1.0,-1.0,477.88518572190736,438.2612035381281,442.59248763861143,0.0,2.206184608740358,0.0,7.171357791958721,5.567765914248057,0.0,7.171357791958721,5.567765914248057,FALLBACK_BROAD_INDEX,-13.91140906509307,0.0,1.0,,,,,23.407080874913788,17.945919871223047,5.461161003690741,400.0386423175288,375.00325270062064,1.0,TMCV,Tata Motors Ltd.,Capital Goods,TMCV.NS,,,,,missing,,,,,,,missing,,,,,,,missing,False,55.723530417954066,34.44,50.4,0.0,47.4,38.27505912538622,Exit Candidate,10.0,10.0,0.0,0.0,,0.0,3.444,0.0,0.0,23.444,Below Watchlist,,,,,,🟢,2.206184608740358,47.4,0,,0.0,0.0,,10,🟢,40.0,0,,0.0,0.0,,,95.0,🟢,10.59,0.0,,,,,,,,,31-MAR-2026,ok,,,,,,,NSE500
M&MFIN.NS,328.04998779296875,378826092.0,-0.09582428781093753,-0.07701946757161746,0.19121491543540378,87.73685594631667,0.0,0.0,0.24851266680571324,0.2678104632031064,15.258479211816038,42.038827022250366,45.6980289240663,6.2162051334749835,,quiet_but_not_accelerating,-0.10197204683401642,0.7814031656444238,-0.21270303073278915,-14.95787743539372,,price_not_rising,618397869.3578598,-10.294625578751322,-7.7716169976705185,-2.523008581080804,0.0,0.0,8.677080601931152,11.903500359807044,-3.2264197578758917,0.0,357.55985715063474,-1.0,336.9488776632455,-1.0,1.0,311.4977711359124,341.92928855736415,351.1086815173676,0.0,4.56715619429164,0.0,12.109657869338175,9.037925981893924,,,,^CNXFIN,-20.434150495853295,0.0,0.0,0.8509648068039121,1.984126984126984,0.7255178434047671,1.0,22.925249484300025,21.313782073076542,1.611467411223483,314.9754437526822,276.1404099904845,1.0,M&MFIN,Mahindra & Mahindra Financial Services Ltd.,Financial Services,M&MFIN.NS,13.30529092186319,11.26374559952632,,4.306830979359306,partial,-1.3333333333333313,13.827993254637441,-15.161326587970773,0.20824473650459352,4.403255928679657,-4.1950111921750635,ok,1.4325156634111615,,,,,,missing,False,44.75789958121083,28.2,32.2,30.0,55.400000000000006,38.20736987436325,Exit Candidate,10.0,5.0,0.0,0.0,10.0,0.0,2.82,0.0,0.0,27.82,Below Watchlist,,,,🟢,,,4.56715619429164,55.400000000000006,0,,0.0,0.0,,10,🟢,20.0,0,,0.0,0.0,,🟢,83.6,,17.01,9.4,,,,,,,,,31-MAR-2026,ok,,,,,0.0,,NSE500
UCOBANK.NS,23.049999237060547,4713931290.0,-0.01705935618703277,-0.004744081638789916,0.0238140372216868,79.96792459478284,0.0,0.0,4.4268943363128476e-05,0.03192206904482257,32.09027553896638,8.849015399636832,71.11890919514602,-14.598001361503488,,neither,-0.011777794678954248,0.09452281317710114,-0.9750691298041239,-11.922051318829174,,no_obv_signal,90955889.3638297,-0.506879350354378,-0.5099521895713927,0.0030728392170146224,0.0,0.0,-0.840483820412242,-0.6153609544580131,-0.22512286595422892,0.0,24.49092635514115,-1.0,23.713266008143002,-1.0,-1.0,26.737992536584233,23.654658372146862,24.023471472670302,0.0,-4.872885681696563,0.0,-9.301515500429236,-4.43055044100622,,,,^CNXFIN,-30.211747960146074,0.0,0.0,0.607315351273973,11.507936507936508,0.4056609624220467,1.0,-3.066198066105553,-2.438091320347187,-0.628106745758366,29.208268012855633,29.76653226722458,0.0,UCOBANK,UCO Bank,Financial Services,UCOBANK.NS,,,,,missing,,,,,,,missing,,,,,,,missing,False,55.41877360817399,40.199999999999996,70.8,0.0,19.400000000000002,38.1956320824522,Exit Candidate,10.0,0.0,0.0,0.0,10.0,0.0,4.02,0.0,0.0,24.02,Below Watchlist,,,,🟢,,,-4.872885681696563,19.400000000000002,0,,0.0,0.0,,0,,28.0,0,,0.0,0.0,,🟢,31.6,,0.27999999999999997,0.0,,,,,,,,,31-MAR-2026,ok,,,,,,,NSE500
NATIONALUM.NS,346.6499938964844,3716790386.0,-0.011884184069374816,0.035119320491713416,0.04376244893465392,91.39411899243252,0.0,0.0,0.04334698189144463,-0.001398441128438979,19.543270407875106,62.059268314924154,29.33485067750837,2.3354020188828484,🟢,accelerating_quiet_base,0.007149103334016537,0.1585454290740132,0.09747296647426808,-0.7195998307543694,,no_obv_signal,1612489730.6845474,-6.4962658340084545,-5.511069839199943,-0.9851959948085112,0.0,0.0,1.1284391915018546,5.912362461289239,-4.783923269787384,0.0,373.2976538665302,-1.0,353.43937392333424,-1.0,-1.0,424.7967009434117,355.27080407074214,360.8174294024409,0.0,0.2168166233059637,0.0,5.454624142518516,-6.19132216229592,,,,^CNXMETAL,-20.8919100801045,0.0,0.0,0.8727782379397131,7.142857142857142,0.3626908915329605,1.0,58.302543603109655,55.15432223780951,3.148221365300145,298.2604263292601,216.12286383916785,1.0,NATIONALUM,National Aluminium Co. Ltd.,Metals & Mining,NATIONALUM.NS,7.753459458243239,59.27649368808587,33.32510011719469,0.009355337578591826,ok,,,,8.233925290875689,3.552140690558979,4.6817846003167105,partial,0.18508458104371853,,,,,,missing,False,65.47794164735137,24.36,50.0,0.0,41.199999999999996,38.19538249420541,Exit Candidate,5.0,2.5,0.0,0.0,10.0,0.0,2.436,0.0,0.0,19.936,Below Watchlist,,,,🟢,,,0.2168166233059637,41.199999999999996,0,,0.0,0.0,,10,🟢,12.0,0,,0.0,0.0,,🟢,34.2,,6.239999999999999,0.0,,,,,,,,,31-MAR-2026,ok,,,,,0.0,,NSE500
JKCEMENT.NS,,20792754.0,0.010607265377134458,-0.04942591936897022,-0.026175665104526076,5.564441769808156,0.0,0.0,-0.034134288551002666,-0.02319851403096101,12.265658544383195,15.369846488227825,-9.80540471841967,-5.779008503641725,,quiet_but_not_accelerating,-0.03992087809428783,0.028338825075132322,3.5162261473731355,-10.301778336626555,,no_obv_signal,214713315.5,-43.976785821572776,-66.00367720724135,22.026891385668577,0.0,0.0,-125.92617471751146,-95.49011908631617,-30.436055631195288,0.0,,1.0,,1.0,-1.0,5920.5923794611035,5028.172272635375,5045.6846722751025,0.0,-1.3727277919226974,0.0,-5.096378437716432,2.4491524341771154,0.0,-5.096378437716432,2.4491524341771154,FALLBACK_BROAD_INDEX,-25.470844488390966,0.0,0.0,0.863730338853273,19.841269841269842,0.5342314012885366,1.0,196.3359786647934,352.6784959875328,-156.3425173227394,5256.770805448094,4633.012310204776,0.0,JKCEMENT,J.K. Cement Ltd.,Construction Materials,JKCEMENT.NS,12.108699813391354,32.82107234346094,13.27869939474399,0.8786088315748339,ok,-16.64345403899722,90.61946902654864,-107.26292306554586,3.70983922829582,12.255888561305431,-8.546049333009611,ok,1.299003199951639,,,,,,missing,False,29.487554619432853,6.720000000000001,98.6,40.0,33.2,37.960266385829854,Exit Candidate,0.0,5.0,0.0,0.0,10.0,10.0,0.6720000000000002,0.0,0.0,25.672,Below Watchlist,,,,🟢,,,-1.3727277919226974,33.2,0,,,,,0,,3.0,5,🟢,,,,🟢,16.400000000000002,,21.61,0.02,,,,,,,,,31-MAR-2026,ok,,,,,0.0,,NSE500
SYNGENE.NS,367.20001220703125,68629789.0,-0.10315766980063476,-0.32410473885611696,0.7573405544531165,71.37882740270915,0.0,0.0,-0.5044517469004145,0.35170373655939197,176.84543863802006,0.0,71.37882740270915,-16.450509167910976,,neither,-0.08455075829764695,5.141148417075653,1.202689704367588,-4.845810309722188,,no_obv_signal,234323962.335347,-7.042381088330387,-6.7058077423590685,-0.3365733459713187,0.0,0.0,-27.672735310165535,-27.780094161246467,0.10735885108093157,1.0,399.9075275217229,-1.0,380.34415161325086,-1.0,-1.0,447.1602948641342,377.7795588921505,383.06644300305413,0.0,-7.335235916619209,0.0,-10.841093945677638,-8.575565734491985,0.0,-20.7774573897326,-25.910101792270833,^CNXPHARMA,-44.52976145198729,0.0,0.0,0.6709790071569113,5.555555555555555,0.28281867263982263,1.0,-85.19942993059993,-65.10388720732722,-20.095542723272715,526.0248606305767,600.9968787721024,0.0,SYNGENE,Syngene International Ltd.,Healthcare,SYNGENE.NS,,,,,missing,,,,,,,missing,,,,,,,missing,False,35.1825895909482,82.47999999999999,59.8,0.0,11.200000000000001,37.70077687728446,Exit Candidate,5.0,0.0,0.0,0.0,10.0,0.0,8.248,0.0,0.0,23.247999999999998,Below Watchlist,,,,🟢,,,-7.335235916619209,11.200000000000001,0,,0.0,0.0,,0,,34.0,0,,0.0,0.0,,🟢,10.2,,24.18,13.900000000000002,,,,,,,,,31-MAR-2026,ok,,,,,,,NSE500
CANBK.NS,119.51000213623047,6532925038.0,-0.02560376990602135,0.02078689440722262,-0.004751631059753436,74.32529519488334,0.0,0.0,0.043110157133167314,0.015209983142256864,20.269950943317948,7.730480870414682,66.59481432446866,-4.788077332352225,🟢,accelerating_quiet_base,-0.007725880579280907,0.09360441391285505,-0.09356278513698557,-4.376701131205129,,no_obv_signal,1429247908.6109588,-1.2922002864981579,-1.0719703224563562,-0.22022996404180173,0.0,0.0,-2.200855861077514,-1.5341490909517264,-0.6667067701257876,0.0,126.17163754830065,-1.0,122.17304953081198,-1.0,-1.0,139.6098839720796,123.1062331757629,124.15843021454842,0.0,-2.6284804808426174,0.0,0.096379240069,-5.9536687720609605,,,,^CNXFIN,-22.32280110522443,0.0,0.0,0.6641637753313321,4.761904761904762,0.34903560810920564,1.0,9.817114724381852,12.507065096830964,-2.689950372449111,119.94255428603898,97.73875904692558,0.0,CANBK,Canara Bank,Financial Services,CANBK.NS,5.038148024674349,20.527717578846037,,1.02381401307291,partial,13.29365079365079,-12.953367875647666,26.247018669298456,16.838956998152163,39.82141635767593,-22.982459359523766,ok,0.2831676525981689,,,,,,missing,False,54.92385331820917,36.96,62.6,0.0,28.999999999999996,37.60915599546275,Exit Candidate,10.0,2.5,0.0,0.0,10.0,0.0,3.6959999999999997,0.0,0.0,26.195999999999998,Below Watchlist,,,,🟢,,,-2.6284804808426174,28.999999999999996,0,,0.0,0.0,,0,,26.0,0,,0.0,0.0,,🟢,38.4,,5.01,0.01,,,,,,,,,31-MAR-2026,ok,,,,,10.0,,NSE500
BANKINDIA.NS,,2316843082.0,-0.0009634408829978633,0.008142125643022522,0.035156020694028574,95.28636108043419,0.0,0.0,0.015547994838685677,0.012519679061462124,23.822315802069824,29.417202435006267,65.86915864542792,-8.81094162729228,,neither,0.0013383403814193223,0.18605001163870524,0.06767861303393022,-5.268908076972256,,no_obv_signal,642483968.2510216,-1.8585688128197546,-1.3176634756691474,-0.5409053371506072,0.0,0.0,-1.128388132028391,0.13307580268434832,-1.2614639347127394,0.0,,-1.0,,-1.0,-1.0,154.62729122585728,137.2074999677375,138.91797074729487,0.0,-5.07253269119751,0.0,-5.148034692218317,-8.091512638068576,,,,^CNXFIN,-24.245907076793387,0.0,0.0,0.7562204628404863,5.158730158730158,0.3315262311852418,1.0,10.239848822534384,11.877044090085633,-1.637195267551249,130.03251592737638,108.96735090324509,0.0,BANKINDIA,Bank of India,Financial Services,BANKINDIA.NS,7.33642950449469,38.99558597711938,,1.1852780403005494,partial,6.93215339233038,9.70873786407768,-2.7765844717472996,-5.083877119275349,13.446017282311939,-18.52989440158729,ok,0.13486805924870227,,,,,,missing,False,65.73022637815197,34.68,54.800000000000004,0.0,18.2,37.605067913445595,Exit Candidate,10.0,0.0,0.0,0.0,10.0,0.0,3.468,0.0,0.0,23.468,Below Watchlist,,,,🟢,,,-5.07253269119751,18.2,0,,,,,0,,31.0,0,,,,,🟢,30.599999999999998,,3.4099999999999997,0.0,,,,,,,,,31-MAR-2026,ok,,,,,0.0,,NSE500
PRESTIGE.NS,1417.5,114192422.0,-0.004028793383104958,-0.04491097175181519,0.08544171758346368,71.96001248823342,0.0,0.0,-0.08299159311112682,0.08421261589927681,28.47875232859754,44.47584057523801,27.484171912995407,-9.287710544603712,,neither,-0.019292811828531223,0.3865386198531505,1.0,-12.183853561711654,,no_obv_signal,696521993.45318,-35.141820521300815,-34.10861011109826,-1.0332104102025568,0.0,0.0,4.2615108022082495,24.02336324069861,-19.76185243849036,0.0,1570.4421981777907,-1.0,1486.8876323271288,-1.0,1.0,1334.527941421623,1467.676765302988,1494.7235870888874,0.0,2.0322799444421022,0.0,-2.8103941876490457,13.33993510840128,,,,^CNXREALTY,-20.47935795978538,0.0,0.0,0.9111348605463837,31.349206349206348,0.46228486600021573,0.0,62.77947632570317,85.50761075523596,-22.728134429532787,1465.9678181271915,1246.5271814938096,0.0,PRESTIGE,Prestige Estates Projects Ltd.,Realty,PRESTIGE.NS,15.15381822722639,8.275524981673854,12.483889796414035,1.0852030062250735,ok,-5.679862306368317,12.37911025145067,-18.05897255781899,-34.33403701703569,5.195475907658937,-39.52951292469463,ok,7.481727157746635,,,,,,missing,False,51.026004370881694,9.24,49.0,30.0,47.0,37.55580131126451,Exit Candidate,5.0,2.5,0.0,0.0,0.0,0.0,0.9239999999999999,0.0,0.0,8.424,Below Watchlist,,,,,,,2.0322799444421022,47.0,0,,0.0,0.0,,0,,10.0,0,,0.0,0.0,,🟢,24.0,,18.19,14.2,,,,,,,,,31-MAR-2026,ok,,,,,0.0,,NSE500
LINDEINDIA.NS,6199.5,20904181.0,0.035647240736616057,-0.008499305853950107,0.05652616907913315,95.0708168733186,0.0,0.0,-0.005336755692235542,0.015066991243478801,20.224937169973295,23.90862928010466,71.16218759321394,-15.059314956622739,,neither,-0.015680893550821477,0.20507917608479628,2.724033782119186,-7.931598369384208,,no_obv_signal,138250175.625,-102.73710939384273,-120.79680030824484,18.05969091440211,0.0,0.0,-170.72599807115967,-62.495008449485304,-108.23098962167435,0.0,6481.4464105877805,-1.0,6282.399359551567,-1.0,-1.0,7280.566319913372,6216.537811132014,6281.227222785899,0.0,-6.739356699992139,0.0,-10.288099691586028,-10.316120206977486,0.0,-10.288099691586028,-10.316120206977486,FALLBACK_BROAD_INDEX,-20.866342110396914,0.0,0.0,0.8049674055862236,37.301587301587304,0.5493615449760677,0.0,156.33508527285267,226.56410454691456,-70.2290192740619,6560.958243189482,5874.202074421973,0.0,LINDEINDIA,Linde India Ltd.,Chemicals,LINDEINDIA.NS,0.33416001626809244,7.751675750012987,16.301898520505716,0.018496456267796887,ok,-59.94706660785178,80.35003977724743,-140.2971063850992,-12.367588447921214,22.755831056944736,-35.12341950486595,ok,13.15421507405404,,,,,,missing,False,68.19478590566152,1.92,98.2,0.0,12.0,37.372435771698456,Exit Candidate,5.0,0.0,0.0,0.0,0.0,0.0,0.19199999999999998,0.0,0.0,5.192,Below Watchlist,,,,,,,-6.739356699992139,12.0,0,,0.0,0.0,,0,,23.0,0,,0.0,0.0,,🟢,25.2,,6.4399999999999995,2.0500000000000003,,,,,,,,,31-MAR-2026,ok,,,,,0.0,,NSE500
GMDCLTD.NS,513.2000122070312,1421298722.0,0.030193128469003398,0.023190907413795165,0.04341661355378921,90.83025669339119,0.0,0.0,0.01773993477244029,0.011892321690429615,28.43134300368815,18.905994745416578,71.92426194797461,-10.609137563118054,,neither,0.020432233683267305,0.14888925219057336,0.8612138027972559,-7.4881786591694315,,no_obv_signal,508615532.611145,-8.76995238688562,-5.611346755722358,-3.1586056311632627,0.0,0.0,-13.215623360004088,-4.945364019264193,-8.270259340739894,0.0,555.2850415953947,-1.0,529.1226900234557,-1.0,1.0,497.02687346494275,537.8835312817986,545.6762073482633,0.0,-6.136223078980859,0.0,-4.864552080605488,-1.0448595041140596,,,,^CNXMETAL,-30.09736091894089,0.0,0.0,0.5589528151322805,1.984126984126984,0.3358625970210502,1.0,67.98472963889691,76.69071553987152,-8.70598590097461,509.0860195230405,386.4115739182836,0.0,GMDCLTD,Gujarat Mineral Development Corporation Ltd.,Metals & Mining,GMDCLTD.NS,-8.799297040011,-7.38993741282199,15.541555325830425,0.04474927680078725,ok,-15.737704918032788,45.933014354066984,-61.670719272099774,11.373994226398871,40.55944055944056,-29.18544633304169,ok,,,,,,,missing,False,70.15058984268691,18.599999999999998,28.799999999999997,30.0,15.0,37.33517695280607,Exit Candidate,10.0,0.0,0.0,0.0,10.0,0.0,1.8599999999999997,0.0,0.0,21.86,Below Watchlist,,,,🟢,,,-6.136223078980859,15.0,0,,0.0,0.0,,0,,11.0,0,,0.0,0.0,,🟢,31.0,,0.51,3.75,,,,,,,,,31-MAR-2026,ok,,,,,0.0,,NSE500
GICRE.NS,320.25,564251216.0,0.024978925482868578,0.04503724578297939,0.0022134048723463314,88.06750343026273,0.0,0.0,0.030293706607778942,-0.006269586446485074,18.315255440036957,0.0,88.06750343026273,-8.493872357523946,🟢,accelerating_but_price_moved,0.057966841219855264,0.05801434600683568,0.9991811544859125,-6.723278861517478,,no_obv_signal,328111127.4269287,-3.4676589121752954,-1.1962415497031638,-2.271417362472132,0.0,0.0,-7.087032910364314,-5.367300963922512,-1.7197319464418026,0.0,348.1672806696396,-1.0,333.79237195249135,-1.0,-1.0,378.1653574395544,336.36521345889884,339.91777376319857,0.0,-2.8949600183028728,0.0,-3.6846660463054404,-6.661532381799795,,,,^CNXFIN,-18.743185012253623,0.0,0.0,0.9026962393674567,65.07936507936508,0.520978176273518,0.0,8.630133493095798,18.887069320152225,-10.256935827056427,349.618604700444,302.9039671793178,0.0,GICRE,General Insurance Corporation of India,Financial Services,GICRE.NS,3.6653118905369375,11.838618889070762,,,partial,46.7479674796748,-39.92673992673993,86.67470740641473,6.229670457173482,-3.3359528787023334,9.565623335875815,ok,0.5959937021466041,,,,,,missing,False,71.11362620059195,32.52,35.199999999999996,0.0,28.000000000000004,37.31808786017759,Exit Candidate,5.0,0.0,0.0,0.0,0.0,0.0,3.2520000000000007,0.0,0.0,8.252,Below Watchlist,,,,,,,-2.8949600183028728,28.000000000000004,0,,0.0,0.0,,0,,91.0,0,,0.0,0.0,,🟢,28.199999999999996,,1.49,2.06,,,,,,,,,31-MAR-2026,ok,,,,,15.0,🟢,NSE500
NIVABUPA.NS,73.27999877929688,125393065.0,-0.10921462767430033,0.07561837015539319,0.85111192397124,89.04140413068181,0.0,0.0,0.1974304367852433,0.5990706628516971,16.839078617661315,24.448885156584158,64.59251897409766,-13.349888797762766,,neither,-0.1202887832504479,2.528887827539461,-0.32895231962106464,-15.779798896495489,,price_not_rising,86929278.88688469,-1.7749575676260179,-1.2879268118374874,-0.4870307557885305,0.0,0.0,-0.5758273211948364,0.8252268682400246,-1.401054189434861,0.0,80.66191683312142,-1.0,77.0432114431928,-1.0,-1.0,88.68893398774772,77.55441507611881,79.06613933797318,0.0,-2.5787812531467558,0.0,-8.711880297682473,6.155142596248675,,,,^CNXFIN,-17.06654790277133,0.0,0.0,1.050114118227975,75.92592592592592,0.812552172765234,0.0,0.5376951358076099,0.6823012966501283,-0.14460616084251843,79.1322866161551,77.96575384587554,0.0,NIVABUPA,Niva Bupa Health Insurance Company Ltd.,Financial Services,NIVABUPA.NS,36.42395163697518,118.4814647965168,,0.07815821724232799,partial,-60.42780748663101,,,15.557197366452192,32.74488991514745,-17.18769254869526,partial,0.6569772760126138,,,,,,missing,False,59.04449144573863,33.959999999999994,56.00000000000001,0.0,29.4,37.315347433721584,Exit Candidate,10.0,2.5,0.0,0.0,0.0,0.0,3.3959999999999995,0.0,0.0,15.895999999999999,Below Watchlist,,,,,,,-2.5787812531467558,29.4,0,,0.0,0.0,,0,,67.0,0,,0.0,0.0,,🟢,90.60000000000001,🟢,9.8,10.6,,,,,,,,,31-MAR-2026,ok,,,,,0.0,,NSE500
GVT&D.NS,4130.2998046875,35977846.0,0.3945894958416256,0.2926832843625855,0.20768510787002736,57.16618225621987,0.0,0.0,-0.005860556221657327,-0.11177445261367758,-2.520525218078607,53.188259646253655,3.977922609966214,-16.251557377633485,,neither,0.442084769316947,1.5556990460980893,1.0,-4.22771891714655,,no_obv_signal,3427551453.701172,-36.30346355079746,-6.174499145671783,-30.12896440512568,0.0,0.0,69.28593299180284,152.71552860749614,-83.4295956156933,0.0,4577.283079527042,-1.0,4287.218241897869,-1.0,1.0,3784.316200759956,4291.4010499855785,4330.930484276469,0.0,1.2409639685548093,0.0,-11.939342081337557,11.453127863725921,0.0,-11.939342081337557,11.453127863725921,FALLBACK_BROAD_INDEX,-25.173524080007237,0.0,0.0,0.8661660014900743,0.3968253968253968,0.3456569298030668,1.0,825.9008346551964,778.5221919713987,47.37864268379769,3419.791398464719,2228.358026972145,1.0,GVT&D,GE Vernova T&D India Ltd.,Capital Goods,GVT&D.NS,31.185145619931642,,58.45414190793263,0.008920971345096625,ok,3.2023289665211028,18.44827586206897,-15.245946895547869,12.159454638747038,-3.7374165020227683,15.896871140769806,ok,,,,,,,missing,False,78.14816378967694,2.4,3.5999999999999996,30.0,45.6,37.30444913690308,Exit Candidate,0.0,5.0,0.0,0.0,10.0,0.0,0.24,0.0,0.0,15.24,Below Watchlist,,,,🟢,,,1.2409639685548093,45.6,0,,0.0,0.0,,10,🟢,55.0,0,,0.0,0.0,,,12.4,,18.029999999999998,20.39,,,,,,,,,31-MAR-2026,ok,,,,,10.0,,NSE500
OFSS.NS,10406.0,36063608.0,-0.07065631532182387,0.0979820484825995,0.23199245247881098,83.0878446184771,0.0,0.0,-0.0149588462891651,0.19385958892225505,13.085520150441397,66.72652001948094,16.361324598996163,-3.429075216927291,,quiet_but_not_accelerating,0.06454706314198502,0.8724194579698731,0.3928626935705363,-6.973001966744141,,no_obv_signal,2434348502.25,-280.37665703665334,-146.8666311319368,-133.51002590471654,0.0,0.0,708.7138219046301,889.5598002598044,-180.84597835517434,0.0,11737.71727005124,-1.0,11057.428873905203,-1.0,1.0,9854.202803498265,10998.484772818045,11280.229029059456,0.0,19.102658249833667,0.0,0.8733322277763245,70.19489892468957,0.0,-6.492174085310765,73.60440892009446,^CNXIT,-17.017543859649123,0.0,0.0,1.4735581901991348,79.36507936507937,0.40175108649736524,0.0,1006.619930787383,738.9134074677767,267.7065233196064,9058.961097766798,7416.966605353705,1.0,OFSS,Oracle Financial Services Software Ltd.,Information Technology,OFSS.NS,10.422121377912408,13.478181822480305,43.243624066506975,0.004152558614961988,ok,68.73183893731839,38.07135692792662,30.660482009391764,51.326748014720124,5.051121623683809,46.27562639103631,ok,2.182354444198104,,,,,,missing,False,60.870745616466984,0.96,1.2,30.0,84.39999999999999,37.293223684940095,Exit Candidate,5.0,7.5,0.0,0.0,0.0,0.0,0.09599999999999999,0.0,0.0,12.596,Below Watchlist,,,,,,,19.102658249833667,84.39999999999999,5,,0.0,0.0,,10,🟢,25.0,0,,0.0,0.0,,🟢,61.0,,5.53,8.04,,,,,,,,,31-MAR-2026,ok,,,,,20.0,🟢,NSE500
KEC.NS,378.3500061035156,317473785.0,0.10833337793598645,-0.011515294704623532,0.04590307302628023,85.33373388111981,0.0,0.0,-0.01870055586900494,0.0297456221680219,61.853491889365834,0.0,85.33373388111981,-26.604619458881796,,neither,0.0026371459620265674,0.2054017183217377,1.0,-18.38002516321825,,no_obv_signal,437879005.3730087,-11.411855684727982,-11.433311400279123,0.021455715551141452,0.0,0.0,-50.68612007282968,-48.02897734695287,-2.6571427258768097,0.0,417.07134676086514,-1.0,394.4479515763999,-1.0,-1.0,476.67280213615595,394.9893849231906,402.95135732833074,0.0,-18.06283627266153,0.0,-21.71466183233086,-30.697354812321052,0.0,-21.71466183233086,-30.697354812321052,FALLBACK_BROAD_INDEX,-56.15363118099057,0.0,0.0,0.6161028521371571,27.380952380952383,0.29254514216900496,0.0,-83.65247194378196,-41.08751901112632,-42.56495293265564,609.6300474048927,631.7389298647173,0.0,KEC,Kec International Ltd.,Construction,KEC.NS,11.089016023470233,50.9607351348659,20.180721206560897,0.873056923319193,ok,51.1482254697286,-20.695364238410598,71.8435897081392,6.471877160972114,-1.4809014439650927,7.9527786049372065,ok,0.40713610086454255,,,,,,missing,False,68.36680685839193,29.879999999999995,71.2,0.0,0.8,37.28604205751758,Exit Candidate,5.0,0.0,0.0,0.0,0.0,0.0,2.9879999999999995,0.0,0.0,7.9879999999999995,Below Watchlist,,,,,,,-18.06283627266153,0.8,0,,0.0,0.0,,0,,13.0,0,,0.0,0.0,,🟢,25.6,,24.13,0.0,,,,,,,,,31-MAR-2026,ok,,,,,15.0,🟢,NSE500
IGL.NS,142.02000427246094,635590900.0,-0.10699336604218901,0.040566486524201466,0.07678670861710744,82.43830755164959,0.0,0.0,0.030153637743639147,0.07240720901488794,44.55800896810966,0.0,82.43830755164959,-13.81235263711843,,neither,0.03350356828086106,0.31849144805561086,0.4653782170260445,-6.553488442606503,,no_obv_signal,251843910.33888474,-2.0402437602431007,-1.2403319312039567,-0.799911829039144,0.0,0.0,-5.8035372106346585,-5.612678201777808,-0.19085900885685092,0.0,150.82421817823138,-1.0,145.88792042048982,-1.0,-1.0,165.02350327808264,146.11235740650775,147.9776119950065,0.0,-1.3205660454756167,0.0,-9.513330967382327,-6.429990466627789,,,,^CNXENERGY,-34.24106031347509,0.0,0.0,0.6634863879701594,8.333333333333332,0.3397558534893999,1.0,-15.431246678376908,-11.453373090155889,-3.977873588221019,175.63461495810603,193.40683114892315,0.0,IGL,Indraprastha Gas Ltd.,Oil Gas & Consumable Fuels,IGL.NS,4.700172177568951,-1.8648283320254255,16.39183214638031,0.00849671952741724,ok,-13.52313167259786,1.8115942028985605,-15.33472587549642,2.3402581438229872,1.0960878858676741,1.244170257955313,ok,,,,,,,missing,False,54.20340764307735,40.68000000000001,52.0,0.0,33.800000000000004,37.26702229292321,Exit Candidate,10.0,0.0,0.0,0.0,10.0,0.0,4.0680000000000005,0.0,0.0,24.068,Below Watchlist,,,,🟢,,,-1.3205660454756167,33.800000000000004,0,,0.0,0.0,,0,,12.0,0,,0.0,0.0,,🟢,45.6,,9.46,17.080000000000002,,,,,,,,,31-MAR-2026,ok,,,,,0.0,,NSE500
INDIGO.NS,4872.0,7414627.0,-0.43881585741115364,-1.206920076402101,0.03587957756197848,67.9671426670839,0.0,0.0,-1.3174252966043833,0.3276418008380287,-16.369675742235277,46.646571213263,21.320571453820904,-9.246701277358838,,neither,-1.6093492362462782,3.7515008795271463,1.6978984732879259,-5.782247147553665,,no_obv_signal,2981792770.45,-58.93437629373784,-64.88515590489386,5.9507796111560225,0.0,0.0,37.35966527772871,65.51522798463816,-28.15556270690945,0.0,5069.424028727404,-1.0,4945.271212050855,-1.0,1.0,4382.707960720485,4919.3625278329255,4960.413694610955,0.0,3.977226519202389,0.0,-3.375002343081901,18.752350436489973,0.0,-3.375002343081901,18.752350436489973,FALLBACK_BROAD_INDEX,-17.89686552072801,0.0,0.0,0.7910155663402553,5.952380952380952,0.3887121558800435,1.0,237.38837248238178,336.16512453011177,-98.77675204772999,4847.54377694736,4128.370319016033,0.0,INDIGO,InterGlobe Aviation Ltd.,Services,INDIGO.NS,15.551373629828657,,4.0215448306629105,11.153074837543572,ok,90.62785736056081,-562.1126760563382,652.740533416899,9.562624786081004,-4.403137368512988,13.965762154593993,ok,,,,,,,missing,False,26.788499933479365,7.079999999999999,91.8,30.0,53.2,37.20254998004381,Exit Candidate,5.0,5.0,0.0,0.0,10.0,0.0,0.7079999999999999,0.0,0.0,20.708,Below Watchlist,,,,🟢,,,3.977226519202389,53.2,0,,0.0,0.0,,0,,12.0,0,,0.0,0.0,,,2.6,,24.01,0.0,,,,,,,,,31-MAR-2026,ok,,,,,15.0,🟢,NSE500
BEL.NS,387.75,3822410088.0,-0.05481485322403539,0.003905816830645903,-0.002341830515734642,50.08453193618491,0.0,0.0,-0.020927777034105633,-0.013980559590966724,14.381777736303768,7.447994423387905,42.636537512797005,-5.712382587509479,,quiet_but_not_accelerating,0.010328211022233481,0.04855032278784165,0.4119085136276128,0.1099367869384471,,no_obv_signal,3844973383.691385,-4.413267173884833,-3.389962310465275,-1.023304863419558,0.0,0.0,-6.215617374442672,-4.071483509032307,-2.1441338654103657,0.0,405.9097816126463,-1.0,391.79212787503667,-1.0,1.0,385.9106684543369,392.8879921793205,396.71727309810836,0.0,-1.5768257474966205,0.0,-0.5585477439531417,-8.736299041969687,0.0,-0.5585477439531417,-8.736299041969687,FALLBACK_BROAD_INDEX,-17.114661016506886,0.0,0.0,0.7496043687126455,11.904761904761903,0.50415974747963,1.0,40.02518604868317,50.07031862450866,-10.045132575825491,378.05398414934075,291.1017029809149,0.0,BEL,Bharat Electronics Ltd.,Capital Goods,BEL.NS,15.471464370632626,26.644207336654247,31.883587832312738,0.0027288291672068602,ok,-52.63157894736842,40.74074074074073,-93.37231968810914,-45.74778251697161,42.92206294512745,-88.66984546209906,ok,1.8274321087802394,,,,,,missing,True,41.26958617766472,31.44,49.4,30.0,32.6,36.968875853299416,Exit Candidate,0.0,0.0,0.0,0.0,10.0,0.0,3.144,0.0,10.0,23.144,Below Watchlist,,,,🟢,,,-1.5768257474966205,32.6,0,,0.0,0.0,,0,,41.0,0,,0.0,0.0,,🟢,19.2,,14.280000000000001,19.5,,,,,,,,,31-MAR-2026,ok,,,,,0.0,,NSE500
DATAPATTNS.NS,4221.60009765625,185825560.0,-0.021872358866933624,0.04413717543455409,0.1307713346835183,93.55484971783686,0.0,0.0,0.058046645463396454,0.101231344799336,12.629340920345802,74.19903384177297,19.355815876063886,-6.0197516596316,,quiet_but_not_accelerating,0.05244283700160932,0.29734686142450834,0.6204047567383368,-1.387523997751694,,no_obv_signal,2768619300.9682374,-72.71537315893238,-31.706086011735387,-41.00928714719699,0.0,0.0,246.11789521329501,317.50959718129263,-71.39170196799762,0.0,4718.173891946761,-1.0,4365.47464955341,-1.0,1.0,3462.8937500402862,4405.15328380748,4481.302291586969,0.0,10.070629496256927,0.0,-0.27292968128026507,31.55816051586635,0.0,-0.27292968128026507,31.55816051586635,FALLBACK_BROAD_INDEX,-14.409093833992486,0.0,1.0,1.0584327692158007,32.93650793650794,0.38608964233522763,0.0,564.826339449035,426.59038073620593,138.23595871282907,3360.9868494070374,2588.2236369101233,1.0,DATAPATTNS,Data Patterns (India) Ltd.,Capital Goods,DATAPATTNS.NS,26.81426495729944,29.834982841000368,20.35297800735697,0.003035766747121206,ok,-84.05503844597328,137.1401151631478,-221.1951536091211,-66.35348702334348,99.18558308785306,-165.53907011119654,ok,3.31966820721252,,,,,,missing,True,65.3541974012429,2.88,2.4,30.0,69.0,36.89225922037287,Exit Candidate,10.0,5.0,0.0,0.0,0.0,0.0,0.288,0.0,10.0,25.288,Below Watchlist,,,,,,🟢,10.070629496256927,69.0,0,,0.0,0.0,,10,🟢,33.0,0,,0.0,0.0,,🟢,57.99999999999999,,9.2,0.0,,,,,,,,,31-MAR-2026,ok,,,,,0.0,,NSE500
HOMEFIRST.NS,,43594677.0,0.10134898333536277,0.061853229997536015,-0.02720175628347135,25.48212001205558,0.0,0.0,0.03712627175304529,0.031110533883121173,14.39868707662827,50.96293394267364,-25.480813930618055,-6.327598498950138,,quiet_but_not_accelerating,0.07999368589260775,0.6940065261765082,0.9093877978760487,-7.9279544725590405,,no_obv_signal,313641893.5981506,-11.604221293143155,-2.7944348380738218,-8.809786455069332,0.0,0.0,10.336565565558885,18.819970884092605,-8.48340531853372,0.0,,-1.0,,-1.0,1.0,1000.1776416799589,1168.9475371706087,1182.4462599867811,0.0,5.326671005131925,0.0,-3.057251264373728,16.625288893549662,,,,^CNXFIN,-14.537925094542272,0.0,1.0,1.0471440341594243,89.28571428571429,0.492858626684223,0.0,32.441963953237064,45.23370194450595,-12.791737991268889,1108.770468631027,1003.2126324329387,0.0,HOMEFIRST,Home First Finance Company India Ltd.,Financial Services,HOMEFIRST.NS,33.703877314887485,33.2714107722176,4.982877767619053,2.4308397101460586,ok,6.821378340365674,6.596701649175419,0.2246766911902549,6.965961329108065,1.082603058910536,5.8833582701975295,ok,0.648699213500812,,,,,,missing,False,55.48874200421945,18.24,13.4,30.0,57.199999999999996,36.88462260126584,Exit Candidate,10.0,2.5,0.0,0.0,0.0,0.0,1.8239999999999998,0.0,0.0,14.324,Below Watchlist,,,,,,🟢,5.326671005131925,57.199999999999996,0,,,,,0,,74.0,0,,,,,🟢,40.2,,19.74,45.72,,,,,,,,,31-MAR-2026,ok,,,,,5.0,,NSE500
GALLANTT.NS,,178995536.0,-0.029122502956171685,-0.005834845401080875,0.6096079840506967,91.47426420234449,0.0,0.0,-0.020833176185889864,0.175603339928188,35.67927060772951,5.340738813991917,86.13352538835257,-21.452199268011185,,neither,-0.007252821397143082,3.4866493453960605,-10.255513366887852,-7.999706966607278,,no_obv_signal,52526887.540188596,-10.232949745501855,-11.55872593898482,1.3257761934829642,0.0,0.0,-27.005607983815366,-14.45375842995318,-12.551849553862187,0.0,,-1.0,,1.0,-1.0,698.4234406073598,544.5468620997901,550.9373750707301,0.0,-5.9463252060769,0.0,-20.03342151449381,1.1254441633085976,0.0,-20.03342151449381,1.1254441633085976,FALLBACK_BROAD_INDEX,-41.91309517894089,0.0,0.0,0.6632714437449448,3.571428571428571,0.4734919739672916,1.0,79.69371596356888,97.2201020344169,-17.52638607084802,547.3647797162773,394.8888405969692,0.0,GALLANTT,Gallantt Ispat Ltd.,Capital Goods,GALLANTT.NS,3.079562825694593,50.90854001827214,17.98940305735942,0.16515326357470225,ok,22.355769230769223,-42.22222222222222,64.57799145299144,12.22384576170036,-4.805740205699985,17.029585967400344,ok,0.5687570295594333,,,,,,missing,False,56.95599247082057,14.76,82.8,10.0,15.8,36.82879774124617,Exit Candidate,5.0,5.0,0.0,0.0,10.0,3.5,1.476,0.0,0.0,24.976,Below Watchlist,,,,🟢,,,-5.9463252060769,15.8,0,,,,,0,,37.0,0,,,,,🟢,56.599999999999994,,0.08,0.09,,,,,,,,,31-MAR-2026,ok,,,,,20.0,🟢,NSE500
TENNIND.NS,508.6000061035156,-18076781.0,0.7957171582336788,-2.1071823621841035,0.12328974154199004,15.041953558830462,0.0,0.0,-1.944834437357024,-0.31065800571485697,-146.55095894734876,31.17165154864229,-16.12969798981183,-14.14584990833394,,neither,-1.6598120483322911,3.2663911153911687,1.0,-5.455898399017078,,no_obv_signal,351848506.1717941,-7.495841952218711,-7.975397278162332,0.47955532594362094,0.0,0.0,-10.96290162876528,-2.6419116954933006,-8.32098993327198,0.0,544.6780436512064,-1.0,520.4066581829641,-1.0,1.0,483.07984957495756,513.3496415752104,518.4420969789679,0.0,-3.5286377137149,0.0,-7.649641798527962,-5.042448886536544,,,,^CNXAUTO,-21.916016708837322,0.0,0.0,,,,,16.50783897930785,16.643645282801614,-0.13580630349376577,525.4786698666109,505.85626469816424,0.0,TENNIND,Tenneco Clean Air India Ltd.,Automobile and Auto Components,TENNIND.NS,,,,,missing,,,,,,,missing,,,,,,,missing,False,38.674683745590656,18.48,78.0,30.0,24.8,36.7184051236772,Exit Candidate,0.0,0.0,0.0,0.0,,0.0,1.8479999999999999,0.0,0.0,1.8479999999999999,Below Watchlist,,,,,,,-3.5286377137149,24.8,0,,0.0,0.0,,0,,38.0,0,,0.0,0.0,,,0.6,,7.64,0.0,,,,,,,,,31-MAR-2026,ok,,,,,,,NSE500
CONCOR.NS,443.5,211748481.0,-0.13980043350669652,0.07398198099835535,0.0951664618053002,86.98357782068994,0.0,0.0,0.2631169628429875,0.22250194239766338,55.02344235512558,17.7848290773743,69.19874874331565,-6.2095314803197965,,quiet_but_not_accelerating,-0.0006483612852787461,0.6983331227404587,-0.0014408537710506653,-15.178076562999765,,price_not_rising,564811249.1248382,-13.86809417872007,-8.783630708046186,-5.084463470673885,0.0,0.0,-3.2804112071646045,0.2342734536440867,-3.5146846608086912,0.0,484.7836729451129,-1.0,458.26236311286243,-1.0,1.0,436.205947209078,467.8092918446869,480.77644354090216,0.0,-2.330562100905105,0.0,-0.23877898512210116,2.428265797339524,0.0,-0.23877898512210116,2.428265797339524,FALLBACK_BROAD_INDEX,-18.570130698101362,0.0,0.0,1.0793711086388382,74.20634920634922,0.7735081002516629,0.0,-60.47164763478122,-62.7244734359041,2.2528258011228814,539.7049563215743,613.3123536540177,0.0,CONCOR,Container Corporation of India Ltd.,Services,CONCOR.NS,6.8193411076261645,1.890576253879539,12.166706658883108,0.07452819619311794,ok,2.0231213872832323,-21.36363636363637,23.386757750919603,-4.574736004948527,-1.9159180241905778,-2.6588179807579486,ok,16.675473911886307,,,,,,missing,False,57.15425223724148,27.48,22.0,30.0,30.8,36.56227567117244,Exit Candidate,10.0,5.0,0.0,0.0,0.0,0.0,2.7479999999999998,0.0,0.0,17.748,Below Watchlist,,,,,,,-2.330562100905105,30.8,0,,0.0,0.0,,0,,13.0,0,,0.0,0.0,,🟢,83.0,,13.91,8.32,,,,,,,,,31-MAR-2026,ok,,,,,10.0,,NSE500
NHPC.NS,73.31999969482422,6480023071.0,-0.015948873759368386,-0.014717872155277879,0.010293593218894658,48.40875149766487,0.0,0.0,-0.04116863024632216,0.0037444447203771594,12.018235544830238,10.404677545833882,38.00407395183099,-9.602065432451568,,neither,-0.01706652461303241,0.09132711578480958,1.3978159276909643,-6.616742153952471,,no_obv_signal,743258441.0044129,-0.49401772452971215,-0.32263989068575544,-0.17137783384395672,0.0,0.0,-0.7300843872464924,-0.4073119168335306,-0.3227724704129618,0.0,77.77231394048694,-1.0,75.36268610846963,-1.0,-1.0,83.90235723871398,75.39498835794416,75.8181562027151,0.0,-0.14390632125580805,0.0,-4.987514597371634,-2.3529400715196935,0.0,-4.987514597371634,-2.3529400715196935,FALLBACK_BROAD_INDEX,-14.006479535755561,0.0,1.0,0.7179071423682767,15.476190476190476,0.6245502610781503,1.0,1.4705629509802804,2.923830816949734,-1.4532678659694533,77.56849839838588,68.31323863579478,0.0,NHPC,NHPC Ltd.,Power,NHPC.NS,2.0091253383073493,-1.1888935424637204,5.786031767374648,1.3178061344908123,ok,-24.827586206896544,559.0909090909091,-583.9184952978056,35.26085674810781,26.783985446227142,8.47687130188067,ok,,,,,,,missing,False,43.28306302418271,39.24,65.0,0.0,39.6,36.52291890725481,Exit Candidate,5.0,0.0,0.0,0.0,10.0,0.0,3.9240000000000004,0.0,0.0,18.924,Below Watchlist,,,,🟢,,🟢,-0.14390632125580805,39.6,0,,0.0,0.0,,0,,6.0,0,,0.0,0.0,,🟢,18.6,,3.92,0.0,,,,,,,,,31-MAR-2026,ok,,,,,5.0,,NSE500
APOLLOTYRE.NS,,334479675.0,-0.001853923982953979,0.06915226020289189,0.005440325602931689,92.20650717693171,0.0,0.0,0.062002781039243164,0.054431402018639656,28.053050195628984,12.410064691043972,79.79644248588774,-6.851756148033939,,quiet_but_not_accelerating,0.05581114032077035,0.1979885616982282,0.6356283495173316,-7.939509719833926,,no_obv_signal,259376657.62742463,-9.532750335920866,-7.899628540709263,-1.6331217952116033,0.0,0.0,-7.482883103883012,-4.974051004092715,-2.508832099790297,0.0,,-1.0,,-1.0,-1.0,461.38910226261015,404.1469821438665,412.3586121311721,0.0,-4.546195301113768,0.0,-3.9193278276847043,-2.5643151359119654,,,,^CNXAUTO,-26.511925336781623,0.0,0.0,0.8026484923442805,9.126984126984127,0.4639678230878676,1.0,-3.9036663605415924,5.899410286621117,-9.803076647162708,437.3086583442706,406.1831676960824,0.0,APOLLOTYRE,Apollo Tyres Ltd.,Automobile and Auto Components,APOLLOTYRE.NS,5.362055504022445,9.481218185215766,8.022919304319137,0.2198730649834369,ok,-44.633901705115356,34.185733512786015,-78.81963521790138,0.8467660912957692,-5.261512961836748,6.108279053132517,ok,1.7448810560858865,,,,,,missing,False,70.8122775119261,30.599999999999998,39.800000000000004,0.0,20.200000000000003,36.363683253577825,Exit Candidate,10.0,0.0,0.0,0.0,10.0,0.0,3.06,0.0,0.0,23.06,Below Watchlist,,,,🟢,,,-4.546195301113768,20.200000000000003,0,,,,,0,,21.0,0,,,,,🟢,47.599999999999994,,17.83,0.08,18.279999999999998,0.08,False,False,-0.4499999999999993,0.0,,,31-MAR-2026,ok,,,0.0,,5.0,,NSE500
J&KBANK.NS,138.52000427246094,1168765608.0,-0.08052249831535262,-0.05408460836532983,0.13932463318771868,79.56645058404231,0.0,0.0,-0.05468006300751083,0.06431494260173357,23.12476230908541,42.75593166076174,36.810518923280576,-10.48209942154854,,neither,-0.03013823724956612,0.3968388272925969,2.071241528263444,-11.205125466371191,,no_obv_signal,264058125.23805314,-2.421227180853691,-2.2527674290970445,-0.16845975175664663,0.0,0.0,3.8171110425822974,8.078621050142745,-4.261510007560448,0.0,152.18862665676937,-1.0,145.41285499667987,-1.0,-1.0,176.01930022046866,144.64923395309256,146.39011680676467,0.0,4.094531951197748,0.0,-8.53127565130103,18.286127359896387,,,,^CNXFIN,-28.097581800655973,0.0,0.0,0.9145389602564901,38.492063492063494,0.6106321749832303,0.0,13.882863615374873,10.748782478277214,3.1340811370976596,122.20560274921144,100.0567992312223,1.0,J&KBANK,Jammu & Kashmir Bank Ltd.,Financial Services,J&KBANK.NS,7.984650012332728,25.96499069745619,,0.20794216650161396,partial,-46.3448275862069,37.310606060606055,-83.65543364681295,-2.028211144029821,-1.1689637858178514,-0.8592473582119697,ok,0.2692991028371539,,,,,,missing,False,44.038257704414804,25.679999999999996,65.2,0.0,53.800000000000004,36.197477311324434,Exit Candidate,5.0,2.5,0.0,0.0,0.0,0.0,2.5679999999999996,0.0,0.0,10.068,Below Watchlist,,,,,,,4.094531951197748,53.800000000000004,0,,0.0,0.0,,10,🟢,88.0,0,,0.0,0.0,,🟢,25.0,,3.8899999999999997,8.34,,,,,,,,,31-MAR-2026,ok,,,,,0.0,,NSE500
HEXT.NS,,43589639.0,-0.21950074758726687,0.02474647262427891,0.3230107731050523,89.00258735368247,0.0,0.0,0.4032308392815126,1.4550037165520697,89.55385392732298,23.73116509711327,65.2714222565692,-5.804779167670404,,quiet_but_not_accelerating,-0.16297462864201695,3.270736071875869,-0.2065244626549899,-14.994351424434704,,price_not_rising,160709970.32680053,-12.722609934370269,-11.525338227214093,-1.197271707156176,0.0,0.0,-10.780029090273274,-9.04835935100967,-1.7316697392636033,0.0,,-1.0,,-1.0,-1.0,595.5417585049065,504.9767728571869,515.2131734243359,0.0,2.508616578835802,0.0,4.405212960714966,19.13558996529745,0.0,-3.7916505760838937,20.12263641530321,^CNXIT,-37.102326325183974,0.0,0.0,0.648557727694848,7.38255033557047,0.3406324826486926,1.0,-68.9389335899134,-58.29819531917218,-10.640738270741224,608.2098167237892,687.2821696891949,0.0,HEXT,Hexaware Technologies Ltd.,Information Technology,HEXT.NS,13.441858877897573,15.692567694996207,24.029319881530366,0.10778073342200266,ok,-5.779334500875658,20.974576271186447,-26.753910772062106,6.426792139496264,3.875567822436893,2.551224317059371,ok,1.6457755991223233,,,,,,missing,False,51.31090557378886,32.4,47.0,0.0,48.0,36.12327167213666,Exit Candidate,10.0,7.5,0.0,0.0,10.0,0.0,3.24,0.0,0.0,30.740000000000002,Below Watchlist,,,,🟢,,,2.508616578835802,48.0,0,,,,,0,,10.0,0,,,,,🟢,97.2,🟢,14.540000000000001,0.0,,,,,,,,,31-MAR-2026,ok,,,,,0.0,,NSE500
IRB.NS,16.979999542236328,9171399880.0,-0.008187632308008152,0.00176197476618545,0.036859415971675594,87.16890674829067,0.0,0.0,0.006135567878933711,0.04230775023566205,24.79501493423288,0.0,87.16890674829067,-20.530906224628666,,neither,-0.0046310740050737025,0.14675222495861062,-0.46192016317362067,-14.888598781133133,,no_obv_signal,324594218.69148475,-0.5547927668316746,-0.35795175976551125,-0.1968410070661633,0.0,0.0,-0.8165486732200193,-0.5534867785469255,-0.2630618946730938,0.0,18.429203271196474,-1.0,17.38521245230718,-1.0,-1.0,20.591997193894557,17.91723171702123,18.418683181842827,0.0,-11.378740654870612,0.0,-17.04107993490599,-16.999707089814862,0.0,-17.04107993490599,-16.999707089814862,FALLBACK_BROAD_INDEX,-25.298870472260237,0.0,0.0,0.92824359161044,66.66666666666666,0.7022890929223418,0.0,-0.9565218160161919,-0.36531887218627557,-0.5912029438299163,21.358947080347985,20.39716231202604,0.0,IRB,IRB Infrastructure Developers Ltd.,Construction,IRB.NS,0.027345839595227517,5.7031421165193885,5.97319254645388,0.9560015821449425,ok,0.0,42.85714285714287,-42.85714285714287,11.405593654270971,2.4541573818025615,8.95143627246841,ok,4.250918266577546,,,,,,missing,False,60.31911736190173,39.72,63.800000000000004,0.0,3.4000000000000004,36.11973520857052,Exit Candidate,10.0,0.0,0.0,0.0,0.0,0.0,3.972,0.0,0.0,13.972,Below Watchlist,,,,,,,-11.378740654870612,3.4000000000000004,0,,0.0,0.0,,0,,8.0,0,,0.0,0.0,,🟢,36.199999999999996,,4.61,36.8,,,,,,,,,02-APR-2026,ok,,,,,5.0,,NSE500
ASIANPAINT.NS,2415.0,12317078.0,-0.39677864342871766,-0.3298651288937409,0.11601435794174092,74.30507993983662,0.0,0.0,0.19422569535047815,0.47266823366642974,-15.313278195491694,37.14028758680609,37.16479235303053,-8.373485421728233,,neither,-0.49860442854438847,2.467613434040857,-0.8092783302521882,-12.095513519532364,,price_not_rising,1244848713.8153198,-50.96654215894705,-54.20925983728029,3.2427176783332428,1.0,0.0,-17.956090999340176,18.23150887419081,-36.187599873530985,0.0,2530.084620640198,-1.0,2446.208472740931,-1.0,1.0,2350.639988572724,2437.6462621565192,2473.750547815608,0.0,0.9073918725612291,0.0,-4.182731578310916,12.83696905432632,0.0,-4.182731578310916,12.83696905432632,FALLBACK_BROAD_INDEX,-17.939950849449726,0.0,0.0,0.7928513493290893,3.968253968253968,0.559538952210278,1.0,-34.84826555157224,-66.4805124271718,31.632246875599563,2543.296940353068,2675.1446303989246,0.0,ASIANPAINT,Asian Paints Ltd.,Consumer Durables,ASIANPAINT.NS,1.1045837431410632,1.7462094983582643,24.407361996042123,0.18383891886378131,ok,31.342062193126026,10.588235294117645,20.75382689900838,14.010788365556119,4.279683425012317,9.731104940543801,ok,30.471572884024663,,,,,,missing,False,30.196777978942816,5.64,87.8,30.0,43.6,35.89703339368285,Exit Candidate,10.0,5.0,10.0,0.0,10.0,0.0,0.564,0.0,0.0,35.564,Below Watchlist,,,🟢,🟢,,,0.9073918725612291,43.6,0,,0.0,0.0,,0,,6.0,0,,0.0,0.0,,,87.8,,11.42,0.0,10.09,0.0,True,False,1.33,0.0,,,31-MAR-2026,ok,🟢,,5.0,,15.0,🟢,NSE500
TATAPOWER.NS,359.0,3084656276.0,-0.02113598207420235,-0.051318920516620826,-0.0012321565319344697,0.3949824272128742,0.0,0.0,-0.04091749881345115,-0.030847900541089282,16.286050788261697,13.70619587468615,-13.311213447473277,-6.874189364461736,,quiet_but_not_accelerating,-0.055434046403501275,0.1092698152816261,1.2236287872900273,-5.700029291102416,,no_obv_signal,1462916979.4782043,-1.7567496889702738,-1.6718851637820333,-0.0848645251882405,0.0,0.0,-7.7750102625685145,-5.565075344768383,-2.2099349178001315,0.0,348.9429554138871,1.0,364.48642496679855,-1.0,-1.0,411.569212545122,364.5935286962588,365.7423627982499,0.0,1.3493659338883504,0.0,-2.0855488584846316,-8.212882393016885,0.0,-2.0855488584846316,-8.212882393016885,FALLBACK_BROAD_INDEX,-21.778998184129858,0.0,0.0,0.8767601269545894,49.2063492063492,0.3567722687655133,0.0,6.510222854081292,14.304614318018066,-7.794391463936774,379.37239188038734,340.29322582968774,0.0,TATAPOWER,Tata Power Co. Ltd.,Power,TATAPOWER.NS,,,,,missing,,,,,,,missing,,,,,,,missing,False,21.978243849524507,31.32,67.0,30.0,46.2,35.83747315485735,Exit Candidate,0.0,0.0,0.0,0.0,0.0,6.5,3.1319999999999997,0.0,0.0,9.632,Below Watchlist,,,,,,,1.3493659338883504,46.2,0,,0.0,0.0,,0,,13.0,0,,0.0,0.0,,🟢,15.6,,9.15,0.0,,,,,,,,,31-MAR-2026,ok,,,,,,,NSE500
ZENTEC.NS,1619.800048828125,176052754.0,-0.03953864153324557,0.029534069903197544,0.11917749747114434,90.53941135581334,0.0,0.0,0.01587304480586775,0.10081575392694438,18.109561397907573,51.053318783327214,39.48609257248613,-8.613456272942788,,neither,0.014862526941952038,0.2430489659786891,0.30273249501401656,-0.21863405862190266,,no_obv_signal,483440299.41917115,-41.75633513511775,-34.95664046853401,-6.79969466658374,0.0,0.0,34.145326333709136,63.45910516331997,-29.313778829610833,0.0,1784.4142899216426,-1.0,1675.3742640190421,-1.0,1.0,1468.1260686215119,1668.8659641264019,1704.234745657155,0.0,3.6831327153917393,0.0,-1.962301444393122,15.803381213402723,0.0,-1.962301444393122,15.803381213402723,FALLBACK_BROAD_INDEX,-18.84582182399636,0.0,0.0,0.9505681110163179,50.0,0.5571694858621843,0.0,119.08715667859747,129.51796445315148,-10.430807774554012,1533.6780317153214,1220.0585819640887,0.0,ZENTEC,Zen Technologies Ltd.,Capital Goods,ZENTEC.NS,,,,,missing,,,,,,,missing,,,,,,,missing,False,60.24879397453467,6.960000000000001,17.0,30.0,51.4,35.726638192360404,Exit Candidate,10.0,5.0,0.0,0.0,0.0,0.0,0.6960000000000001,0.0,0.0,15.696,Below Watchlist,,,,,,,3.6831327153917393,51.4,0,,0.0,0.0,,0,,54.0,0,,0.0,0.0,,🟢,47.8,,6.72,5.99,,,,,,,,,31-MAR-2026,ok,,,,,,,NSE500
SBILIFE.NS,1735.0,60982371.0,-0.21434984794494,-0.33921963557135765,-0.12735808338167823,6.758193152638676,0.0,0.0,-0.19692300429753495,-0.10854075406920455,-8.919173611882496,17.87562775339605,-11.117434600757374,-1.7386844889189623,,quiet_but_not_accelerating,-0.34931992025749753,0.3939779430244627,2.320780589854535,-7.810839532412328,,no_obv_signal,1778590122.7913756,-7.434717217291791,-13.611309300241896,6.176592082950105,0.0,0.0,-37.76317909564591,-32.00225186072209,-5.76092723492382,0.0,1646.974439242779,1.0,1724.6286921911694,1.0,-1.0,1964.9414978664997,1736.752118798206,1738.5417777984667,0.0,1.010305304722969,0.0,4.1898043651734,-7.685346210270105,,,,^CNXFIN,-17.642599131966232,0.0,0.0,0.9979803055876982,51.587301587301596,0.5504678196331578,0.0,66.62155323458023,100.77335587066692,-34.151802636086686,1780.8622730350478,1615.5376596988967,0.0,SBILIFE,SBI Life Insurance Company Ltd.,Financial Services,SBILIFE.NS,,,,,missing,,,,,,,missing,,,,,,,missing,False,8.745367603423537,23.04,92.4,40.0,44.2,35.72161028102706,Exit Candidate,0.0,2.5,0.0,0.0,0.0,10.0,2.304,0.0,0.0,14.804,Below Watchlist,,,,,,,1.010305304722969,44.2,0,,0.0,0.0,,0,,73.0,0,,0.0,0.0,,,5.4,,15.27,21.51,,,,,,,,,31-MAR-2026,ok,,,,,,,NSE500
POWERINDIA.NS,30735.0,18062248.0,-0.0836121907670128,-0.026257883651635255,0.163564110615418,83.7789606952062,0.0,0.0,-0.02599965350144898,0.06574237983489767,14.740511183886568,65.35170464259346,18.427256052612734,-11.963520429799047,,neither,-0.08791333452953964,0.6113904955845281,-1.3251334476415546,-4.452712978349838,,no_obv_signal,3188797111.75,-562.2476019937931,-532.7542592911121,-29.493342702680934,0.0,0.0,980.377483757944,1728.9845680669362,-748.6070843089922,0.0,29312.90317855244,1.0,31390.288489023227,-1.0,1.0,28369.694880814357,31051.86245239713,31485.26677576072,0.0,5.224773646243249,0.0,-7.342408879771279,26.285287253103263,0.0,-7.342408879771279,26.285287253103263,FALLBACK_BROAD_INDEX,-20.035538134741852,0.0,0.0,1.01155454549871,33.730158730158735,0.30598575391059574,0.0,5909.098273249292,5188.776023476341,720.3222497729512,24716.973412794352,16630.822109219145,1.0,POWERINDIA,Hitachi Energy India Ltd.,Capital Goods,POWERINDIA.NS,22.244656507420334,119.11578842255759,24.923614550143427,0.016634595321447617,ok,-10.992716482330733,26.410912190963348,-37.40362867329408,-9.822520176556411,33.940365406592754,-43.76288558314916,ok,1.1078786594759165,,,,,,missing,True,47.352636243322166,0.12,3.8,60.0,56.8,35.31979087299665,Exit Candidate,5.0,5.0,0.0,0.0,0.0,6.5,0.011999999999999999,0.0,10.0,26.512,Below Watchlist,,,,,,,5.224773646243249,56.8,0,,0.0,0.0,,10,🟢,29.0,0,,0.0,0.0,,🟢,33.6,,4.33,0.0,,,,,,,,,31-MAR-2026,ok,,,,,0.0,,NSE500
SJVN.NS,59.83000183105469,3750107064.0,-0.009790889563656839,-0.0009706936670580242,0.022508220660474015,83.55635027941179,0.0,0.0,-0.0039803836713857834,-0.0008952062002614787,38.44302203987712,0.0,83.55635027941179,-17.773503483966536,,neither,-0.002258863547809407,0.09015915088934146,-0.9872815304697223,-12.345263649236104,,no_obv_signal,167420822.690761,-1.3833019916743083,-0.9750781693307351,-0.40822382234357324,0.0,0.0,-3.3161627953783466,-2.7231147771068747,-0.5930480182714719,0.0,64.38196481363693,-1.0,61.99386616037444,-1.0,-1.0,70.02164651125294,62.461899774576985,63.653808462368914,0.0,-7.472135712796857,0.0,-11.678998487321913,-11.383926127244514,0.0,-11.678998487321913,-11.383926127244514,FALLBACK_BROAD_INDEX,-33.2201265830977,0.0,0.0,0.6715383515446931,46.42857142857143,0.4486342579972622,0.0,-5.945308475646755,-3.057377785776434,-2.8879306898703208,77.4162510168884,73.92504663035592,0.0,SJVN,SJVN Ltd.,Power,SJVN.NS,,,,,missing,,,,,,,missing,,,,,,,missing,False,58.414722597794125,37.44,58.199999999999996,0.0,10.4,35.30241677933824,Exit Candidate,0.0,0.0,0.0,0.0,0.0,0.0,3.7439999999999998,0.0,0.0,3.7439999999999998,Below Watchlist,,,,,,,-7.472135712796857,10.4,0,,0.0,0.0,,0,,15.0,0,,0.0,0.0,,🟢,22.8,,0.86,2.75,,,,,,,,,31-MAR-2026,ok,,,,,,,NSE500
ARE&M.NS,766.2999877929688,163820177.0,-0.07332622303515762,-0.022441366213752888,0.4067630429910093,86.29916980354041,0.0,0.0,0.049853154261378485,0.3274846026157745,92.04152822017285,29.098520653838733,57.200649149701675,-8.439657934211485,,neither,-0.09374554166090539,1.661762446306723,-0.6627629788385699,-15.832832388526963,,no_obv_signal,327167709.3985535,-28.656617424760725,-27.274963345037257,-1.381654079723468,0.0,0.0,-12.16479083065974,0.7827125801633663,-12.947503410823106,0.0,824.0417358052867,-1.0,788.114182776941,-1.0,1.0,764.2589759154198,793.1247468343582,815.4599608941002,0.0,-1.6044069167099881,0.0,-1.1813597208947924,1.4881663225993602,,,,^CNXAUTO,-23.731179519254155,0.0,0.0,0.8311149050873717,35.317460317460316,0.7210540718732077,0.0,-35.22489690126474,-18.594659301609937,-16.630237599654805,900.7838680808973,880.6988093422763,0.0,ARE&M,Amara Raja Energy & Mobility Ltd.,Automobile and Auto Components,ARE&M.NS,9.995439571861198,7.018793118884248,14.22613488408471,0.050149648843802165,ok,124.15143603133161,-14.888888888888888,139.0403249202205,3.683122443294283,0.2666799957660508,3.4164424475282322,ok,2.60864263839573,,,,,,missing,False,49.33470943123913,14.159999999999998,44.2,30.0,32.4,35.12241282937174,Exit Candidate,10.0,2.5,0.0,0.0,0.0,0.0,1.4159999999999997,0.0,0.0,13.916,Below Watchlist,,,,,,,-1.6044069167099881,32.4,0,,0.0,0.0,,0,,31.0,0,,0.0,0.0,,🟢,76.6,,7.17,0.0,5.88,0.0,True,False,1.29,0.0,,,31-MAR-2026,ok,🟢,,5.0,,10.0,,NSE500
MARICO.NS,787.1500244140625,142087289.0,-0.1414909672957237,-0.15157353253631706,0.04110610829944937,40.2511553814356,0.0,0.0,-0.09248296004271331,0.013337192481501484,3.2016840311868364,48.61994017984369,-8.368784798408086,-5.440997158830541,,quiet_but_not_accelerating,-0.18569029214016997,0.4794676169186319,-7.804611507099551,-9.590535537651256,,no_obv_signal,1198384386.7041106,-6.7333421489058765,-6.841079943112154,0.10773779420627783,0.0,0.0,7.262045777785033,16.41986927923267,-9.157823501447638,0.0,844.0529882816471,-1.0,818.4326102176971,-1.0,1.0,769.0316453372429,812.8082340598438,817.5487624253492,0.0,2.2159385762742865,0.0,-0.7598484898362345,8.020725972320308,,,,^CNXFMCG,-11.091653456802192,0.0,1.0,1.0633144384962017,51.98412698412699,0.5048468037048327,0.0,57.03934380821761,54.32973771291261,2.7096060953049985,745.4097057124139,659.594170139735,1.0,MARICO,Marico Ltd.,Fast Moving Consumer Goods,MARICO.NS,11.823241512032912,10.61099693055687,38.751255440241046,0.1323040380047506,ok,60.06600660066006,-11.918604651162795,71.98461125182286,18.72187218721872,-5.767599660729432,24.489471847948153,ok,5.491599647173009,,,,,,missing,False,24.047904383502463,17.4,73.4,30.0,47.8,34.87437131505074,Exit Candidate,5.0,2.5,0.0,0.0,0.0,0.0,1.7399999999999998,0.0,0.0,9.24,Below Watchlist,,,,,,🟢,2.2159385762742865,47.8,0,,0.0,0.0,,10,🟢,26.0,0,,0.0,0.0,,,15.0,,8.63,24.08,,,,,,,,,31-MAR-2026,ok,,,,,20.0,🟢,NSE500
DMART.NS,3750.0,929006.0,0.40012356807448196,-3.104849903610608,0.14194905112458323,24.263693436125813,0.0,0.0,-1.722520524227537,-0.992026839942203,-71.01155977511002,10.557926728478177,13.705766707647635,-14.39724626641583,,neither,-4.391368967100627,2.6192964355754085,8.427521963189985,-4.361132364192811,,no_obv_signal,1530607876.1411133,-22.67891902889278,-38.087366149998964,15.408447121106185,0.0,0.0,-94.39536788357555,-64.94335228644732,-29.452015597128224,0.0,3890.933315258865,-1.0,3746.623664165372,1.0,-1.0,4304.564011619982,3778.523183247926,3786.267886139054,0.0,-1.8803516570094974,0.0,-9.271119683029305,-0.28871929211871095,,,,^CNXCONSUM,-18.98023117640704,0.0,0.0,0.7872616367093975,26.58730158730159,0.6941572752035441,0.0,-43.212966088141,-12.236712561959918,-30.976253526181083,4059.0253014227865,4092.4816076804946,0.0,DMART,Avenue Supermarts Ltd.,Consumer Services,DMART.NS,17.136000226655533,7.689750557993946,16.406611762877787,0.0991246744200876,ok,30.822596630327055,-23.15308453922316,53.975681169550214,6.280698897186474,-2.303865889393223,8.584564786579698,ok,10.931733008245931,,,,,,missing,False,40.26229270264403,6.84,97.39999999999999,10.0,32.0,34.85668781079321,Exit Candidate,0.0,0.0,0.0,0.0,0.0,3.5,0.684,0.0,0.0,4.184,Below Watchlist,,,,,,,-1.8803516570094974,32.0,0,,0.0,0.0,,0,,29.0,0,,0.0,0.0,,,0.4,,6.77,0.0,6.64,0.0,True,False,0.1299999999999999,0.0,,,31-MAR-2026,ok,🟢,,5.0,,15.0,🟢,NSE500
ATUL.NS,,3893446.0,0.012541853001980236,0.04862174667730098,0.16170356727315413,88.70631197061061,0.0,0.0,0.3465932100729315,0.1869008304268488,31.127564680103568,24.665151938518896,64.04116003209171,-8.897006853161383,,neither,-0.12538766075721292,0.8451444314914345,-0.18280290319206474,-11.93591062766427,,price_not_rising,159699675.925,-116.54723136293796,-109.59352416460098,-6.953707198336986,0.0,0.0,-83.53327234316748,-10.960086695686485,-72.573185647481,0.0,,-1.0,,-1.0,1.0,5800.610234383442,6122.931278396382,6214.841133943755,0.0,-2.3052547018476366,0.0,-4.689207757069768,-1.0520851933871866,0.0,-4.689207757069768,-1.0520851933871866,FALLBACK_BROAD_INDEX,-15.29907830140714,0.0,0.0,0.7701340799790185,23.809523809523807,0.6614735394561222,1.0,-131.54637170817387,-158.63963770820055,27.093266000026688,6476.591799119287,6936.304500389593,0.0,ATUL,Atul Ltd.,Chemicals,ATUL.NS,4.948513081091432,9.658464225005536,13.523318049580729,0.029415168210660307,ok,16.727374614738018,30.732600732600723,-14.005226117862705,10.655688622754491,6.124731510784052,4.530957111970439,ok,2.462499362830778,,,,,,missing,False,69.90720918971371,2.76,16.400000000000002,30.0,31.0,34.63416275691411,Exit Candidate,10.0,0.0,0.0,0.0,10.0,0.0,0.276,0.0,0.0,20.276,Below Watchlist,,,,🟢,,,-2.3052547018476366,31.0,0,,,,,0,,17.0,0,,,,,🟢,84.2,,13.94,0.0,14.08,0.0,False,False,-0.14000000000000057,0.0,,,31-MAR-2026,ok,,,0.0,,0.0,,NSE500
BAJAJ-AUTO.NS,,51366406.0,-0.11489550847873631,0.01705407782235077,0.1256698481809212,85.96845908218374,0.0,0.0,0.13461396000538475,0.11519852786069787,7.7081357622817706,65.31073904406696,20.65772003811678,14.475597092419523,,neither,-0.017341455973925238,0.357963847593516,-0.07387364038198534,-3.56892932120364,,no_obv_signal,2275241113.4,-115.80394899360181,-51.67678694926927,-64.12716204433254,0.0,0.0,484.3004860538895,528.5832152201542,-44.282729166264744,0.0,,-1.0,,-1.0,1.0,10737.280025418877,11359.093576584562,11494.315066885782,0.0,14.57523906168818,0.0,18.27055877238626,25.862160043280326,,,,^CNXAUTO,-10.8162770002427,0.0,1.0,0.9711314251859462,29.761904761904763,0.724792460787315,0.0,982.1858768114089,819.5062512873519,162.67962552405697,9587.496644174656,7896.949183653934,1.0,BAJAJ-AUTO,Bajaj Auto Ltd.,Automobile and Auto Components,BAJAJ-AUTO.NS,19.494168990528205,21.03071664453431,26.119347677102965,0.5830205971931904,ok,-11.917494270435453,33.02845528455284,-44.945949554988296,21.991342041950062,11.247841105354059,10.743500936596003,ok,1.3244985642103309,,,,,,missing,False,52.12896067876431,4.4399999999999995,2.0,30.0,77.8,34.49668820362929,Exit Candidate,10.0,5.0,0.0,0.0,0.0,0.0,0.44399999999999995,0.0,0.0,15.443999999999999,Below Watchlist,,,,,,🟢,14.57523906168818,77.8,0,,,,,10,🟢,29.0,0,,,,,,68.0,,7.17,0.0,6.01,0.0,True,False,1.1600000000000001,0.0,,,31-MAR-2026,ok,🟢,,5.0,,5.0,,NSE500
HUDCO.NS,165.57000732421875,3010743927.0,-0.014222501629416144,-0.014195872130034922,0.017646170313818946,73.62860772158284,0.0,0.0,-0.014909093663511473,0.01389363108069757,31.263070426664875,10.438394023757464,63.19021369782537,-18.079841758474057,,neither,-0.015637044351108825,0.12552416204770173,1.0698596362146489,-14.460479146994675,,no_obv_signal,304853650.54561996,-4.144372407069369,-4.267554371454042,0.12318196438467321,0.0,0.0,-7.461588117244503,-4.339659167856291,-3.121928949388212,0.0,180.91246841620693,-1.0,172.2100493744855,-1.0,-1.0,202.3024779561159,171.8296632903916,174.719821218037,0.0,-6.577769454501282,0.0,-14.864826190150527,-0.014099129874411975,,,,^CNXFIN,-29.958646358100655,0.0,0.0,0.770415758260469,22.61904761904762,0.6154567951123416,1.0,3.1853161202112688,11.08057294833676,-7.895256828125492,193.78529336012764,162.7719696952188,0.0,HUDCO,Housing & Urban Development Corporation Ltd.,Financial Services,HUDCO.NS,10.012817189047919,33.34821702644604,,6.447532635251942,partial,-57.07070707070707,178.08988764044943,-235.1605947111565,57.99016842614232,-8.930340651947894,66.92050907809022,ok,0.2646300698175733,,,,,,missing,False,52.38001270255399,28.799999999999997,73.6,0.0,12.8,34.4340038107662,Exit Candidate,5.0,0.0,0.0,0.0,10.0,0.0,2.88,0.0,0.0,17.88,Below Watchlist,,,,🟢,,,-6.577769454501282,12.8,0,,0.0,0.0,,0,,55.0,0,,0.0,0.0,,🟢,23.400000000000002,,2.5100000000000002,2.22,,,,,,,,,31-MAR-2026,ok,,,,,10.0,,NSE500
HEGAM.NS,,805928710.0,-0.0202631790513856,0.044133792730154775,0.08579093047047183,97.88644192286002,0.0,0.0,0.10909771260177005,0.0656130177710901,67.54632855761889,4.759633173119929,93.12680874974009,-53.33401375237652,,neither,0.02617049803726218,0.22898402921066213,0.155510436516163,-63.59499431171787,,no_obv_signal,663827000.0051597,-100.95495114243556,-104.71469977255363,3.759748630118068,1.0,0.0,-60.51175226623309,-10.31697934535379,-50.1947729208793,0.0,,-1.0,,-1.0,-1.0,467.4976566168331,257.73257886062385,332.9405063632564,0.0,-53.16911608477647,0.0,-50.9906612458654,-50.70915109598148,0.0,-50.9906612458654,-50.70915109598148,FALLBACK_BROAD_INDEX,-67.5346635103145,0.0,0.0,1.1824016813300842,58.333333333333336,1.0,0.0,28.762237106462067,47.06578628886369,-18.303549182401625,516.4916456665547,455.17766553770406,0.0,HEGAM,HEG Advanced Materials Ltd.,Capital Goods,HEGAM.NS,1.5692683981762379,-13.769801118429804,8.831576602012289,0.16730445963969956,ok,,-155.03731343283582,,12.86119261948575,-8.093489555558941,20.95468217504469,partial,,,,,,,missing,False,67.30025467300099,3.7199999999999998,89.2,0.0,0.2,34.344076401900296,Exit Candidate,10.0,0.0,10.0,0.0,0.0,0.0,0.372,0.0,0.0,20.372,Below Watchlist,,,🟢,,,,-53.16911608477647,0.2,0,,,,,0,,49.0,0,,,,,🟢,60.6,,4.2700000000000005,5.3,,,,,,,,,08-SEP-2026,ok,,,,,10.0,,NSE500
BLS.NS,219.5500030517578,1111343549.0,-0.01996008414383564,-0.015586143574002008,0.14694226874131866,93.4799699028713,0.0,0.0,-0.0035777857465698467,0.023996097018253962,79.24571686898396,0.0,93.4799699028713,-12.198144353223872,,neither,-0.03846562390195764,0.5200898115697938,-1.61732987305752,-8.090450149179295,,no_obv_signal,171348310.7557686,-6.09595504370381,-5.601671251429607,-0.49428379227420294,0.0,0.0,-13.414896056507956,-11.816744294842277,-1.5981517616656795,0.0,240.01672305367845,-1.0,226.50027936073286,-1.0,-1.0,279.14786084719094,225.8626888442566,230.63646337587085,0.0,-7.091124580539124,0.0,-9.129933989463856,-7.339902631826078,,,,^CNXCONSUM,-36.9345890754399,0.0,0.0,0.6179116261267689,10.714285714285714,0.465505608419157,1.0,-21.76699233116466,-7.614565324997811,-14.152427006166848,285.7544453838086,268.3647407434737,0.0,BLS,BLS International Services Ltd.,Consumer Services,BLS.NS,25.5171783380979,50.67126242130286,26.106843342302938,0.17478441438876022,ok,6.728538283062646,9.113924050632896,-2.3853857675702503,9.325526459424562,10.60576084995016,-1.2802343905255977,ok,0.2788889663435515,,,,,,missing,True,58.03798946600495,33.36000000000001,55.800000000000004,0.0,11.799999999999999,34.22339683980149,Exit Candidate,5.0,0.0,0.0,0.0,10.0,0.0,3.3360000000000007,0.0,10.0,28.336000000000002,Below Watchlist,,,,🟢,,,-7.091124580539124,11.799999999999999,0,,0.0,0.0,,0,,13.0,0,,0.0,0.0,,🟢,28.000000000000004,,0.41000000000000003,0.0,0.43,0.0,False,False,-0.019999999999999962,0.0,,,31-MAR-2026,ok,,,0.0,,0.0,,NSE500
ABB.NS,6660.5,62627185.0,-0.005309568903965783,0.022264014785599005,0.17957294686959765,96.37745975186974,0.0,0.0,0.09579816412608498,0.11499942817415733,12.547192453903582,66.05729454950875,30.320165202360982,-4.154316515017209,,quiet_but_not_accelerating,-0.010165443064682055,0.5328659047252435,-0.06295530035991447,-7.489736739823094,,no_obv_signal,1201543018.85,-131.50424495626703,-87.6125289731011,-43.89171598316592,0.0,0.0,210.5993812842862,318.7946952224477,-108.19531393816146,0.0,7316.432645898316,-1.0,7035.53758504945,-1.0,1.0,6189.990691984549,7043.66677978987,7164.806124459216,0.0,2.901126459179093,0.0,-0.3393246478989198,10.26146541225783,0.0,-0.3393246478989198,10.26146541225783,FALLBACK_BROAD_INDEX,-13.61219195849546,0.0,1.0,1.0556591954481116,38.095238095238095,0.36571081782875686,0.0,459.619533877717,345.85718863479656,113.76234524292045,6274.98982063319,5351.751742135546,1.0,ABB,ABB India Ltd.,Capital Goods,ABB.NS,15.414610570979438,17.96610544213353,28.454414467750283,0.010824414017884148,ok,-79.69826562128772,312.0411160058738,-391.7393816271615,11.340085567652517,-9.536614041461302,20.87669960911382,ok,5.570490517399257,,,,,,missing,True,66.8521109131544,2.04,2.1999999999999997,30.0,49.0,34.14363327394632,Exit Candidate,10.0,5.0,0.0,0.0,0.0,0.0,0.20400000000000001,0.0,10.0,25.204,Below Watchlist,,,,,,🟢,2.901126459179093,49.0,0,,0.0,0.0,,10,🟢,34.0,0,,0.0,0.0,,🟢,64.60000000000001,,4.62,0.0,4.75,0.0,False,False,-0.1299999999999999,0.0,,,31-MAR-2026,ok,,,0.0,,10.0,,NSE500
RPOWER.NS,19.770000457763672,11830991420.0,-0.022520604865790488,0.0018685088493277514,0.02606597688169347,68.38128767575455,0.0,0.0,-0.006687971079934561,0.012160201110228561,62.07130550401515,0.0,68.38128767575455,-20.410626665378718,,neither,-0.00996091680717313,0.17768194162094364,-0.9327488022828914,-15.548908216036683,,no_obv_signal,397529275.6602715,-0.6746623618112082,-0.5973789963044063,-0.07728336550680193,0.0,0.0,-2.2861047293826964,-2.175232917741687,-0.11087181164100945,0.0,21.589683923625557,-1.0,20.462102149542172,-1.0,-1.0,25.403154059128298,20.634296933964478,21.157061910734267,0.0,-12.674712163007525,0.0,-13.668106146136271,-8.170341170452799,0.0,-13.668106146136271,-8.170341170452799,FALLBACK_BROAD_INDEX,-59.30424101975695,0.0,0.0,0.44414291844856696,7.5396825396825395,0.3180946049836924,1.0,-3.145054900644194,-0.41260164424767987,-2.7324532563965143,30.63353664757915,28.973893572506388,0.0,RPOWER,Reliance Power Ltd.,Power,RPOWER.NS,0.8069676573895013,,4.481880589895712,0.9234766593804514,ok,,,,,,,missing,,,,,,,missing,False,50.99345068651409,41.63999999999999,67.4,0.0,2.6,34.126035205954224,Exit Candidate,5.0,0.0,0.0,0.0,10.0,0.0,4.164,0.0,0.0,19.164,Below Watchlist,,,,🟢,,,-12.674712163007525,2.6,0,,0.0,0.0,,0,,5.0,0,,0.0,0.0,,🟢,24.6,,0.5599999999999999,0.0,,,,,,,,,31-MAR-2026,ok,,,,,,,NSE500
PGEL.NS,493.1499938964844,233937306.0,-0.04572652268837476,-0.01252437200916262,0.20720762768845327,89.85420220071875,0.0,0.0,0.07677381412245757,0.2790039279362082,15.87805217236782,27.754211005016888,62.09999119570186,-7.502256127835527,,quiet_but_not_accelerating,-0.09228943632259444,0.6971301757519529,-0.5148198834203375,-19.559300822947755,,no_obv_signal,469843837.19866484,-19.29501149286523,-17.135684524300434,-2.1593269685647947,0.0,0.0,-5.607879568258795,2.444103511310381,-8.051983079569176,0.0,544.0404212443582,-1.0,516.5750262021797,-1.0,1.0,469.09503653842967,518.1233974632967,533.650237005248,0.0,-5.623669004253048,0.0,-3.0570370967307525,-0.9921383905366898,0.0,-3.0570370967307525,-0.9921383905366898,FALLBACK_BROAD_INDEX,-21.765956375530248,0.0,0.0,0.6903499278899946,38.095238095238095,0.7244020178275413,0.0,14.88228042468802,40.11341747424433,-25.23113704955631,561.5953258465729,453.23105639300746,0.0,PGEL,PG Electroplast Ltd.,Consumer Durables,PGEL.NS,35.33823948217049,36.393883058610044,10.547796760559153,0.19567368067066354,ok,16.740088105726866,6.074766355140182,10.665321750586685,18.48236637891664,21.566354150630023,-3.0839877717133817,ok,2.275153488476433,,,,,,missing,False,53.598970770251555,19.08,35.8,30.0,16.8,33.78569123107547,Exit Candidate,10.0,0.0,0.0,0.0,0.0,0.0,1.9079999999999997,0.0,0.0,11.908,Below Watchlist,,,,,,,-5.623669004253048,16.8,0,,0.0,0.0,,0,,14.0,0,,0.0,0.0,,🟢,74.8,,19.42,9.74,,,,,,,,,31-MAR-2026,ok,,,,,5.0,,NSE500
JWL.NS,219.82000732421875,780626870.0,-0.016077781736855236,0.007796647495832776,0.1436544769275271,98.50159258579563,0.0,0.0,0.020280435592108768,0.04870348527545499,56.46746080869168,0.0,98.50159258579563,-17.91634901262298,,neither,-0.011051629718473288,0.261168164677539,-0.2677156231231212,-15.192902402858854,,no_obv_signal,146687630.19298476,-6.436389127095566,-5.624255456078025,-0.8121336710175413,0.0,0.0,-15.095327275504133,-12.665682335091297,-2.4296449404128353,0.0,238.49970621230167,-1.0,226.43846480902076,-1.0,-1.0,269.06449736332115,227.81376704914283,232.91195127108693,0.0,-10.010588343647457,0.0,-13.88965011098936,-15.075508178070496,0.0,-13.88965011098936,-15.075508178070496,FALLBACK_BROAD_INDEX,-36.75154221119904,0.0,0.0,0.5739190125547431,23.41269841269841,0.3855508439103408,1.0,-28.970093631420752,-15.216510474954987,-13.753583156465766,301.67684339695245,284.77763411999587,0.0,JWL,Jupiter Wagons Ltd.,Capital Goods,JWL.NS,12.446866913778386,12.30397023291192,9.366124092044675,0.3345531558862851,ok,-49.62406015037594,20.909090909090907,-70.53315105946685,-12.378464046337898,13.300146148320502,-25.6786101946584,ok,5.165103523251911,,,,,,missing,False,63.86555740502847,30.72,51.800000000000004,0.0,4.6,33.76366722150854,Exit Candidate,10.0,0.0,0.0,0.0,10.0,0.0,3.0719999999999996,0.0,0.0,23.072,Below Watchlist,,,,🟢,,,-10.010588343647457,4.6,0,,0.0,0.0,,0,,42.0,0,,0.0,0.0,,🟢,40.400000000000006,,0.76,0.0,,,,,,,,,31-MAR-2026,ok,,,,,0.0,,NSE500
POWERGRID.NS,261.5,1065607006.0,0.019418215163964955,-0.05104301797185878,0.014502077190154138,36.80925534924925,0.0,0.0,-0.028603956354191787,-0.0904026960592999,6.226083710223499,16.49070847915225,20.318546870097,-8.23653484766902,,neither,-0.0022621716373858597,0.6607782388395927,1.4701623115583002,-7.574747920795543,,no_obv_signal,2523797151.834015,-1.4194791235198636,-1.358152271182467,-0.06132685233739665,0.0,0.0,-6.02228690133029,-4.209519511850248,-1.812767389480042,0.0,276.41535166341026,-1.0,270.6466859808404,-1.0,-1.0,297.2984649979849,265.51065251341794,266.4427968083985,0.0,-2.4489223022709727,0.0,-3.250781882515419,-10.338438746143074,0.0,-3.250781882515419,-10.338438746143074,FALLBACK_BROAD_INDEX,-18.130640034319114,0.0,0.0,0.8839421392297178,49.60317460317461,0.4289501153311912,0.0,7.0119379612158355,12.167281643384664,-5.155343682168828,275.99417175858525,244.6100840327302,0.0,POWERGRID,Power Grid Corporation of India Ltd.,Power,POWERGRID.NS,0.5725638002853417,1.0867601620135003,11.154526635290411,1.5081303834665603,ok,-20.858895705521466,8.66666666666666,-29.525562372188126,-1.4477596970925652,-5.8852335884612375,4.437473891368672,ok,12.223843368887655,,,,,,missing,False,41.50323937223724,32.16,68.60000000000001,0.0,29.799999999999997,33.642971811671174,Exit Candidate,0.0,0.0,0.0,0.0,0.0,0.0,3.2159999999999993,0.0,0.0,3.2159999999999993,Below Watchlist,,,,,,,-2.4489223022709727,29.799999999999997,0,,0.0,0.0,,0,,16.0,0,,0.0,0.0,,,12.2,,13.56,25.03,,,,,,,,,31-MAR-2026,ok,,,,,0.0,,NSE500
IRCON.NS,102.47000122070312,2738849726.0,-0.0043824377642492415,-0.009303865313038952,0.031150149858656568,91.40617131568418,0.0,0.0,-0.005495678638368159,0.007874550848998796,52.02145564396815,0.0,91.40617131568418,-21.31279197308865,,neither,-0.012682831195040998,0.08263290909576282,4.854762757554076,-18.140068851349746,,no_obv_signal,182263658.497171,-4.531178672305458,-4.119017958276655,-0.4121607140288033,0.0,0.0,-9.745564092758812,-7.873404987854172,-1.8721591049046404,0.0,111.65090921589382,-1.0,105.909383797389,-1.0,-1.0,125.78819026971046,107.13676562706283,110.65472300726113,0.0,-14.155604843123411,0.0,-17.146807999420023,-15.901438274737789,0.0,-17.146807999420023,-15.901438274737789,FALLBACK_BROAD_INDEX,-43.072245673181456,0.0,0.0,0.6220708636920581,33.33333333333333,0.4256618388058236,0.0,-12.964511456664354,-5.358785087826277,-7.605726368838077,147.15003719475186,139.88274467725404,0.0,IRCON,IRCON International Ltd.,Construction,IRCON.NS,-4.292981645809347,-8.020869541468157,7.8878530552618065,0.8624703252473398,ok,90.65420560747663,-27.210884353741495,117.86508996121812,50.491732105104205,7.198178828885797,43.29355327621841,ok,,,,,,,missing,False,61.18215996048946,32.04,57.8,0.0,1.2,33.61264798814684,Exit Candidate,5.0,0.0,0.0,0.0,0.0,0.0,3.204,0.0,0.0,8.204,Below Watchlist,,,,,,,-14.155604843123411,1.2,0,,0.0,0.0,,0,,12.0,0,,0.0,0.0,,🟢,24.2,,0.29,0.0,,,,,,,,,31-MAR-2026,ok,,,,,20.0,🟢,NSE500
SBFC.NS,84.45999908447266,112770078.0,-0.3725314603684231,0.4829563722891908,-0.02509945988922044,50.7705911870601,0.0,0.0,0.32960570369010717,0.33883346050061836,2.198824769098813,9.347541547180132,41.42304963987996,-6.951633570513904,,quiet_but_not_accelerating,0.5909189229274627,0.6795907495654168,0.8695217280478615,-6.570799049937848,,price_not_rising,110292617.88485107,-2.3455337561039045,-1.1168179163749556,-1.2287158397289488,0.0,0.0,-1.1047662816751824,-0.6363715826719659,-0.4683946990032165,0.0,94.03571602810138,-1.0,89.52949388523756,-1.0,-1.0,103.32051371674274,89.85501073721686,92.24513901072264,0.0,-2.4084722248502035,0.0,-2.0857902064174705,-0.18302991394991697,,,,^CNXFIN,-28.725739169221388,0.0,0.0,0.9080041169754165,58.333333333333336,0.47880179835721914,0.0,-0.5810287915946617,0.9929758066865423,-1.574004598281204,94.00827508575021,92.48398189550728,0.0,SBFC,SBFC Finance Ltd.,Financial Services,SBFC.NS,37.0393191246899,44.39865794263551,,,partial,,,,,,,missing,,,,,,,missing,False,48.659706915471034,37.92,45.800000000000004,0.0,30.4,33.61191207464131,Exit Candidate,10.0,0.0,0.0,0.0,0.0,0.0,3.7920000000000003,0.0,0.0,13.792,Below Watchlist,,,,,,,-2.4084722248502035,30.4,0,,0.0,0.0,,0,,77.0,0,,0.0,0.0,,,88.0,,15.770000000000001,6.21,,,,,,,,,31-MAR-2026,ok,,,,,,,NSE500
SAMMAANCAP.NS,136.47999572753906,2529869150.0,-0.023288375233734625,-0.00523780437571214,0.1713118089775104,95.69210487025312,0.0,0.0,-0.00456889219202504,0.13647618715144652,43.518286486950124,10.812608909524766,84.87949596072835,-21.391545002970545,,neither,0.0027028274065536077,0.48445046153137994,1.0,-15.97611162862005,,no_obv_signal,698003716.7810745,-3.9805264185345948,-3.5141060618050926,-0.4664203567295022,0.0,0.0,-3.4637725615751265,-0.10468954108692263,-3.359083020488204,0.0,148.5657016021378,-1.0,140.68861081014217,-1.0,-1.0,171.97289528697135,141.49657302301313,144.6010732900124,0.0,-7.371129596084143,0.0,-14.179074607139864,0.9850184026378273,,,,^CNXFIN,-28.141946511567372,0.0,0.0,0.7140434236660631,0.3968253968253968,0.7383894210178078,1.0,1.5505215671079497,1.8345861716939418,-0.28406460458599203,151.02127406106206,152.7374275762029,0.0,SAMMAANCAP,Sammaan Capital Ltd.,Financial Services,SAMMAANCAP.NS,,,,,missing,,,,,,,missing,,,,,,,missing,False,59.33223670458859,27.96,56.8,0.0,11.0,33.561671011376575,Exit Candidate,5.0,2.5,0.0,0.0,10.0,0.0,2.7960000000000003,0.0,0.0,20.296,Below Watchlist,,,,🟢,,,-7.371129596084143,11.0,0,,0.0,0.0,,0,,40.0,0,,0.0,0.0,,🟢,50.6,,7.57,28.410000000000004,,,,,,,,,31-MAR-2026,ok,,,,,,,NSE500
ITI.NS,243.39999389648438,1855828806.0,-0.0024356070709806335,-0.0027792792481872108,0.0835065674719691,98.96726444263543,0.0,0.0,-0.00017908701005814128,0.028014394250184232,50.86447216318899,3.69897209470882,95.2682923479266,-18.239844166611817,,neither,-0.004158172435861611,0.32495743356830487,-1.9744840615682229,-12.034700701650591,,no_obv_signal,37020464.00456085,-7.267376132931872,-6.326163261466687,-0.9412128714651855,0.0,0.0,-9.849471147074723,-5.678903026284324,-4.170568120790399,0.0,262.48152910009173,-1.0,251.56503779871593,-1.0,-1.0,297.6098387914249,252.41822724115175,258.21187641777516,0.0,-7.886868689592167,0.0,-13.346922741413291,-10.229859663742069,0.0,-13.346922741413291,-10.229859663742069,FALLBACK_BROAD_INDEX,-31.75382081539308,0.0,0.0,0.6301672812600924,17.46031746031746,0.5027602850523628,1.0,3.789715216019431,12.380547597469391,-8.59083238144996,280.3230079531103,248.28448750073574,0.0,ITI,ITI Ltd.,Telecommunication,ITI.NS,16.09943858152989,,23.48968824940048,0.4014420427889989,ok,,54.38596491228069,,21.956669581268823,-5.290761869709238,27.247431450978063,partial,,,,,,,missing,False,64.98854255492239,26.04,50.6,0.0,8.200000000000001,33.52456276647672,Exit Candidate,5.0,0.0,0.0,0.0,10.0,0.0,2.6039999999999996,0.0,0.0,17.604,Below Watchlist,,,,🟢,,,-7.886868689592167,8.200000000000001,0,,0.0,0.0,,0,,5.0,0,,0.0,0.0,,🟢,30.2,,0.06,0.01,,,,,,,,,31-MAR-2026,ok,,,,,10.0,,NSE500
BHARTIHEXA.NS,,34412004.0,0.029807692293771067,0.02354664944597126,0.03238445796499762,94.9530104300041,0.0,0.0,0.07788550009051551,0.08132870939759393,34.22680307169553,0.9223498112410025,94.0306606187631,0.14548057265322267,,quiet_but_not_accelerating,0.042943636164487806,0.22025111145049014,0.607689214461023,-12.805623471882644,,no_obv_signal,118204699.10332032,-19.959993252573668,-15.04172708987117,-4.918266162702498,0.0,0.0,-18.804397548500674,-12.613975746171558,-6.190421802329116,0.0,,-1.0,,-1.0,-1.0,1695.646977667529,1497.8540010922843,1515.5448896137143,0.0,-3.003423414374421,0.0,3.1118177561477056,-5.537836051370082,0.0,3.1118177561477056,-5.537836051370082,FALLBACK_BROAD_INDEX,-24.662020242811618,0.0,0.0,0.8300368838985092,46.03174603174603,0.45852352836266763,0.0,64.54005979980548,113.30054264800667,-48.76048284820119,1517.5086230122472,1323.273460140033,0.0,BHARTIHEXA,Bharti Hexacom Ltd.,Telecommunication,BHARTIHEXA.NS,12.445668602840021,46.68061333523576,21.107303328002438,0.8176603583989281,ok,8.062709966405382,-5.70221752903908,13.764927495444462,3.9855823010316116,2.2840918721925587,1.7014904288390529,ok,0.9440099401336934,,,,,,missing,False,71.51355365050144,22.08,23.200000000000003,0.0,27.6,33.490066095150425,Exit Candidate,10.0,5.0,0.0,0.0,0.0,0.0,2.208,0.0,0.0,17.208,Below Watchlist,,,,,,,-3.003423414374421,27.6,0,,,,,0,,6.0,0,,,,,🟢,57.8,,8.42,0.0,,,,,,,,,31-MAR-2026,ok,,,,,5.0,,NSE500
RVNL.NS,197.89999389648438,5434055324.0,-0.01998071097121799,-0.02663459793539146,-0.01645840021219385,1.0373349634553923,0.0,0.0,-0.02105196990335503,-0.02575393530929323,43.582520214392666,0.21272434693203518,0.8246106165233571,-15.822058992566589,,neither,-0.0334429694982411,0.0401424849509877,2.618888706829269,-11.958116482626835,,no_obv_signal,948616747.5078713,-3.7498055333439595,-3.9133490358191345,0.16354350247517502,0.0,0.0,-21.019421381964293,-21.012049494272716,-0.007371887691576262,0.0,196.22212681753356,1.0,204.73419656469397,-1.0,-1.0,242.6661173335752,205.23310856255594,207.78108057043102,0.0,-12.096695862250018,0.0,-11.891602214037789,-23.378785433913972,0.0,-11.891602214037789,-23.378785433913972,FALLBACK_BROAD_INDEX,-48.6685888543458,0.0,0.0,0.6204781381098745,48.01587301587302,0.22304637962467508,0.0,-23.56320561400804,-2.059115983058517,-21.504089630949522,286.15859818862333,257.2446071105369,0.0,RVNL,Rail Vikas Nigam Ltd.,Construction,RVNL.NS,0.2141038817023766,-13.291663873514103,10.97829204004879,0.4905893396756616,ok,-41.935483870967744,40.9090909090909,-82.84457478005865,42.93878056382165,-8.559861643028082,51.49864220684974,ok,,,,,,,missing,False,24.353067237209387,41.76,74.4,30.0,3.0,33.267920171162814,Exit Candidate,0.0,0.0,0.0,0.0,0.0,6.5,4.176,0.0,0.0,10.676,Below Watchlist,,,,,,,-12.096695862250018,3.0,0,,0.0,0.0,,0,,11.0,0,,0.0,0.0,,🟢,17.8,,0.18,0.0,,,,,,,,,31-MAR-2026,ok,,,,,10.0,,NSE500
MPHASIS.NS,2154.39990234375,23483172.0,-0.39192022332437915,0.05511362475423114,0.35560471056861176,81.57398935124169,0.0,0.0,0.36229933664260056,0.6269354125285724,45.97834376994699,18.181257368843575,63.39273198239812,2.338931165979452,,quiet_but_not_accelerating,-0.09371968969206534,1.547598104307743,-0.138743054691446,-8.022035715637,,price_not_rising,862596213.2935547,-51.00315328783017,-37.44723185860883,-13.555921429221343,0.0,0.0,-16.946621105953,-6.800397688684569,-10.14622341726843,0.0,2372.1242844702656,-1.0,2260.025846593923,-1.0,1.0,2007.3263155548248,2254.0836750009703,2299.6235530187946,0.0,3.1552151845996392,0.0,5.622961584710495,9.407306509017932,0.0,-2.089350214432395,11.599060242353264,^CNXIT,-25.10297636078133,0.0,0.0,0.8292939146813686,17.063492063492063,0.5242717103073337,1.0,-61.75528156081191,-21.669568820790783,-40.08571274002112,2385.7364631527253,2425.2912945792973,0.0,MPHASIS,MphasiS Ltd.,Information Technology,MPHASIS.NS,4.793984494333259,4.377994842639277,23.048222898796794,0.24383341623453794,ok,-4.010494752623689,15.348032857760488,-19.35852761038418,3.3324785253053033,5.998357558963858,-2.6658790336585545,ok,5.536989163145371,,,,,,missing,False,49.49089627293459,16.8,9.2,30.0,50.0,33.08726888188038,Exit Candidate,10.0,7.5,0.0,0.0,10.0,0.0,1.6800000000000002,0.0,0.0,29.18,Below Watchlist,,,,🟢,,,3.1552151845996392,50.0,0,,0.0,0.0,,0,,14.0,0,,0.0,0.0,,🟢,92.4,🟢,30.95,19.5,,,,,,,,,31-MAR-2026,ok,,,,,0.0,,NSE500
NESTLEIND.NS,1345.699951171875,70357062.0,-0.09995195806784356,-0.22742533466926956,0.21364598086101058,62.64748416818674,0.0,0.0,0.06178551968867763,0.07361259846963124,-1.7805512029760973,51.32436255858516,11.323121609601586,-3.7739233525719063,,quiet_but_not_accelerating,-0.3318904555717071,1.8285068037283243,-0.9553320516663839,-10.857182502963825,,price_not_rising,1434469549.0685487,-25.324095279803487,-24.275315927918236,-1.0487793518852513,0.0,0.0,13.389069903197424,33.77270352048143,-20.383633617284005,0.0,1420.1446447782446,-1.0,1359.6844534700915,-1.0,1.0,1314.6498113822806,1365.261250192042,1384.728329609727,0.0,3.920462988642081,0.0,2.7453951271106947,15.41682444168293,,,,^CNXFMCG,-12.616886287540584,0.0,1.0,1.0246228714792747,29.365079365079367,0.5247890289462597,0.0,79.2747362990633,63.9776221328561,15.297114166207209,1303.0268394977115,1189.5096817434403,1.0,NESTLEIND,Nestle India Ltd.,Fast Moving Consumer Goods,NESTLEIND.NS,,,,,ok,-3.8684719535783403,54.328358208955216,-58.19683016253356,12.753565150827853,11.225157470693501,1.528407680134352,ok,,,,,,,missing,False,33.12661945886536,8.879999999999999,48.4,30.0,53.0,32.923985837659615,Exit Candidate,10.0,5.0,0.0,0.0,0.0,0.0,0.8879999999999999,0.0,0.0,15.888,Below Watchlist,,,,,,🟢,3.920462988642081,53.0,0,,0.0,0.0,,10,🟢,15.0,0,,0.0,0.0,,,52.2,,4.24,9.74,,,,,,,,,31-MAR-2026,ok,,,,,0.0,,NSE500
COCHINSHIP.NS,1359.300048828125,1161991123.0,-0.03610244861802923,-0.00098916048235664,0.019672421177966776,62.114900234308315,0.0,0.0,-0.003392222200904473,0.002111778802708913,28.972697972849684,25.41840860829991,36.69649162600841,-9.75330724225879,,neither,-0.010020331739943272,0.12270553562808262,-0.6022696201887294,-4.368946671841245,,no_obv_signal,1538235755.8026977,-32.421451492569076,-27.702943150293017,-4.71850834227606,0.0,0.0,-35.84229785935008,-28.909830718789195,-6.932467140560888,0.0,1445.9342736327617,-1.0,1377.97422928873,-1.0,1.0,1328.1508195862448,1372.953148016943,1400.385797041286,0.0,-1.2172102150227904,0.0,0.48451427997830976,1.2163954221955597,0.0,0.48451427997830976,1.2163954221955597,FALLBACK_BROAD_INDEX,-26.559759586026406,0.0,0.0,0.8536312539985459,69.84126984126983,0.3910297490519883,0.0,47.195450610843636,111.31105463037922,-64.11560401953558,1503.3517970654007,1221.9566914809238,0.0,COCHINSHIP,Cochin Shipyard Ltd.,Capital Goods,COCHINSHIP.NS,29.37998303333409,32.99193501408877,16.664120910568812,0.284662423980341,ok,91.0909090909091,34.47432762836186,56.61658146254723,9.913153035978187,20.724608749734376,-10.811455713756189,ok,1.7711309438214808,,,,,,missing,False,46.5102150820079,20.759999999999994,23.400000000000002,30.0,34.0,32.71506452460237,Exit Candidate,5.0,10.0,0.0,0.0,0.0,0.0,2.0759999999999996,0.0,0.0,17.076,Below Watchlist,,,,,,,-1.2172102150227904,34.0,0,,0.0,0.0,,0,,51.0,0,,0.0,0.0,,🟢,23.200000000000003,,2.07,0.0,,,,,,,,,31-MAR-2026,ok,,,,,10.0,,NSE500
SHRIRAMFIN.NS,971.5,992187830.0,-0.09854917021513052,-0.05910072074624044,0.021869920750151654,84.06741116918039,0.0,0.0,-0.0011698573459211301,0.07738859301668323,9.854102761374943,68.39608679249793,15.671324376682463,-6.251937739773206,,quiet_but_not_accelerating,-0.12000258420527019,0.2574686860498881,-1.3486543482246949,-7.184480240749213,,no_obv_signal,4032763333.3197417,-23.817796517403963,-21.508146972475924,-2.309649544928039,0.0,0.0,17.963365209343237,32.45174609735941,-14.488380888016174,0.0,1045.347732298421,-1.0,996.9162156616436,-1.0,1.0,917.8708069554834,995.5343259961752,1014.8978399343115,0.0,-0.42121980874364456,0.0,-0.2664647609391224,4.158123255890511,,,,^CNXFIN,-14.85539000876424,0.0,1.0,0.8646694846021473,9.126984126984127,0.33322849121127723,1.0,137.79769999998496,129.65619925219812,8.141500747786836,857.1272650271163,649.2219496184562,1.0,SHRIRAMFIN,Shriram Finance Ltd.,Financial Services,SHRIRAMFIN.NS,,,,,missing,,,,,,,missing,,,,,,,missing,False,44.473593909213136,12.48,34.8,30.0,37.6,32.69807817276394,Exit Candidate,5.0,2.5,0.0,0.0,10.0,0.0,1.248,0.0,0.0,18.748,Below Watchlist,,,,🟢,,🟢,-0.42121980874364456,37.6,0,,0.0,0.0,,10,🟢,49.0,0,,0.0,0.0,,,41.6,,16.34,0.02,,,,,,,,,31-MAR-2026,ok,,,,,,,NSE500
TORNTPOWER.NS,1220.199951171875,165090755.0,0.013067723945399208,0.015048329415205832,0.0043070522366215275,56.36960490855365,0.0,0.0,0.0013239659346107673,-0.021593046086730988,27.457082244977727,6.281217258926204,50.08838764962744,-13.760694740451118,🟢,accelerating_but_price_moved,0.045542703847357174,0.09249530501418969,1.0,-13.663064528750567,,no_obv_signal,524928856.8643982,-15.930900545976328,-13.006475377229822,-2.924425168746506,0.0,0.0,-50.790191480438125,-33.78230096452383,-17.007890515914298,0.0,1214.0804645474436,1.0,1256.2537066401194,-1.0,-1.0,1479.129031055714,1251.4701265702372,1263.5048896298301,0.0,-3.6690585496352774,0.0,-9.289697353203398,-14.310647901766727,0.0,-9.289697353203398,-14.310647901766727,FALLBACK_BROAD_INDEX,-30.920950516101986,0.0,0.0,0.7866729939007127,33.730158730158735,0.42566619034047865,0.0,37.639831696287274,74.79440192277102,-37.15457022648374,1349.1976445304751,1164.5917751808208,0.0,TORNTPOWER,Torrent Power Ltd.,Power,TORNTPOWER.NS,,,,,missing,,,,,,,missing,,,,,,,missing,False,54.699361717993774,10.68,29.599999999999998,30.0,24.6,32.67580851539813,Exit Candidate,5.0,0.0,0.0,0.0,0.0,6.5,1.0679999999999998,0.0,0.0,12.568,Below Watchlist,,,,,,,-3.6690585496352774,24.6,0,,0.0,0.0,,0,,9.0,0,,0.0,0.0,,🟢,20.4,,15.67,8.4,,,,,,,,,31-MAR-2026,ok,,,,,,,NSE500
DALBHARAT.NS,,35925297.0,0.044494587893686724,0.1431880253056376,-0.047093939874723816,45.120301262122936,0.0,0.0,0.11188525900530331,-0.024427253455524742,18.20018580196386,7.137405265360925,37.98289599676201,-2.875626251929575,🟢,accelerating_quiet_base,0.16847294945142435,0.178960907837645,0.9413952549026213,-7.947830758372209,,no_obv_signal,150963257.4982422,-28.476760598780857,-25.598480776486944,-2.878279822293912,0.0,0.0,-47.0083678392366,-43.08830746214642,-3.9200603770901807,0.0,,-1.0,,-1.0,-1.0,1995.0720602255565,1716.1517969514412,1739.2915801291983,0.0,-3.9660333195985054,0.0,1.3772151561701307,-9.761166332204063,0.0,1.3772151561701307,-9.761166332204063,FALLBACK_BROAD_INDEX,-26.643187626436998,0.0,0.0,1.00273007857089,59.12698412698413,0.3881577587766698,0.0,-52.729934783154704,-12.390979475904839,-40.33895530724986,1895.1520498408124,1922.4610555602862,0.0,DALBHARAT,Dalmia Bharat Ltd.,Construction Materials,DALBHARAT.NS,3.799796606216277,3.243121032319962,6.983139156234171,0.4119250236386896,ok,-51.57080715321412,218.30769230769232,-269.8784994609064,-8.362779740871613,21.0781517398745,-29.440931480746112,ok,11.468550396157555,,,,,,missing,False,64.21210544174302,27.0,29.799999999999997,0.0,23.400000000000002,32.643631632522904,Exit Candidate,5.0,5.0,0.0,0.0,0.0,0.0,2.7,0.0,0.0,12.7,Below Watchlist,,,,,,,-3.9660333195985054,23.400000000000002,0,,,,,0,,8.0,0,,,,,🟢,44.0,,16.68,0.0,,,,,,,,,31-MAR-2026,ok,,,,,0.0,,NSE500
ESCORTS.NS,,70567165.0,0.006811124140739258,0.024130171636414094,0.02438402098210249,97.59642394663254,0.0,0.0,0.037627341231065384,0.026837957718523327,33.344432579587455,3.861311808122571,93.73511213850998,-4.331355772955103,,quiet_but_not_accelerating,0.0015394365549591873,0.08069061028672299,0.02450271728359687,-9.055619114713199,,no_obv_signal,204363981.4489258,-60.29662432595205,-53.998565068795195,-6.298059257156858,0.0,0.0,-81.72348267743018,-75.62742515008594,-6.096057527344243,0.0,,-1.0,,-1.0,-1.0,3225.966054705974,2825.5916079929307,2875.6765822278867,0.0,-2.430651807994322,0.0,-0.7717857216039126,-6.3968652994961905,0.0,-0.7717857216039126,-6.3968652994961905,FALLBACK_BROAD_INDEX,-29.691523230173296,0.0,0.0,0.7000993957883753,21.03174603174603,0.3537009821247336,1.0,-48.43975532148761,46.21477047657685,-94.65452579806447,3147.5418889985303,2918.2936615632307,0.0,ESCORTS,Escorts Kubota Ltd.,Capital Goods,ESCORTS.NS,11.286456957187529,55.49521147719283,14.376968889770511,0.01308431458283998,ok,20.432692307692303,-10.565110565110567,30.997802872802872,8.065266023394965,-9.520833777880744,17.586099801275708,ok,0.4442924775614749,,,,,,missing,False,69.61874838132138,22.2,18.6,0.0,30.0,32.615624514396416,Exit Candidate,10.0,0.0,0.0,0.0,10.0,0.0,2.22,0.0,0.0,22.22,Below Watchlist,,,,🟢,,,-2.430651807994322,30.0,0,,,,,0,,44.0,0,,,,,🟢,39.800000000000004,,9.82,0.0,,,,,,,,,31-MAR-2026,ok,,,,,20.0,🟢,NSE500
CCL.NS,,126403956.0,-0.030528108307016216,-0.031227654875832043,0.07432052502204486,92.95773805629028,0.0,0.0,-0.026452490637760298,0.07391150070061742,14.145564044079231,51.51880027462143,41.438937781668855,-11.188697719549234,,neither,-0.03147050525324067,0.2591993257204298,1.3440777663090593,-11.884663540300755,,no_obv_signal,145827870.4385315,-20.5994109629803,-18.264279706840064,-2.3351312561402366,0.0,0.0,2.251738309178563,21.430134259023845,-19.17839594984528,0.0,,-1.0,,-1.0,1.0,976.6143240515523,1053.8311014141134,1070.2568613766223,0.0,-4.357528879447836,0.0,-6.08604165120502,3.228859060735645,,,,^CNXFMCG,-15.875894933899174,0.0,0.0,0.7716509577421289,2.380952380952381,0.49812075456737404,1.0,117.87933013916893,113.18262480901615,4.696705330152781,951.8544901048006,773.7307429746305,1.0,CCL,CCL Products (I) Ltd.,Fast Moving Consumer Goods,CCL.NS,29.10742168915197,10.976028036538166,20.512878015302537,0.5648664059860573,ok,1.9790454016298014,14.228723404255325,-12.249678002625524,-1.959877619536315,16.551024087428797,-18.51090170696511,ok,3.035425008854855,,,,,,missing,False,54.145208319701595,9.6,34.4,30.0,21.4,32.53356249591048,Exit Candidate,5.0,2.5,0.0,0.0,10.0,0.0,0.96,0.0,0.0,18.46,Below Watchlist,,,,🟢,,,-4.357528879447836,21.4,0,,,,,10,🟢,11.0,0,,,,,🟢,36.0,,19.02,11.24,,,,,,,,,31-MAR-2026,ok,,,,,0.0,,NSE500
CAMS.NS,666.0,153885559.0,-0.14355587348015175,-0.002475365811563471,0.17471916185083008,82.1674744900411,0.0,0.0,0.026140316549044355,0.1795014035985977,22.789702160862166,22.97535279671605,59.19212169332505,-15.720301310081108,,neither,-0.04838060447703571,0.6349036001345661,-0.6163067413161555,-16.081188740310793,,no_obv_signal,761203334.5926483,-16.64170286053229,-14.498945879831956,-2.1427569807003355,0.0,0.0,-10.19042646628452,2.0651863562941064,-12.255612822578627,0.0,731.1944539152241,-1.0,699.2490582505593,-1.0,1.0,650.0447513201084,701.4559184320166,714.6557833174375,0.0,-3.194379255755789,0.0,-10.232929175043559,6.2723267548828066,,,,^CNXFIN,-19.695950195013452,0.0,0.0,0.9025482441442815,41.269841269841265,0.7031261935682566,0.0,17.26185138780272,25.871807518771234,-8.609956130968513,731.753752436501,675.6103319647242,0.0,CAMS,Computer Age Management Services Ltd.,Financial Services,CAMS.NS,15.98286321339284,18.612291478393892,44.20713639016985,0.04862160199454917,ok,1.1811023622047168,0.7936507936507943,0.3874515685539225,-0.04825158228248455,1.3024076034439007,-1.3506591857263852,ok,2.0323644750519563,,,,,,missing,True,46.90861607151438,15.12,36.0,30.0,26.6,32.486584821454315,Exit Candidate,10.0,2.5,0.0,0.0,0.0,0.0,1.512,0.0,10.0,24.012,Below Watchlist,,,,,,,-3.194379255755789,26.6,0,,0.0,0.0,,0,,29.0,0,,0.0,0.0,,🟢,64.0,,14.299999999999999,0.0,,,,,,,,,31-MAR-2026,ok,,,,,0.0,,NSE500
INDUSINDBK.NS,878.0,374034461.0,-0.02578911182896346,-0.06175878900026976,0.11891631534445217,86.78353546323495,0.0,0.0,0.003359219354419826,0.1371774887692223,12.581268619429194,44.88139403685148,41.90214142638347,-4.998919237915134,,quiet_but_not_accelerating,-0.07559200140564543,0.26837008610642943,-2.815078118433864,-13.279669177339903,,no_obv_signal,2043870340.8659453,-25.026593977566904,-16.729969042080345,-8.296624935486559,0.0,0.0,12.880571358108455,28.065804771494655,-15.1852334133862,0.0,959.0844166646176,-1.0,921.0858694820672,-1.0,1.0,867.9575636633278,930.5023960402084,953.2488157763604,0.0,0.9911487357803411,0.0,1.107981366636701,9.088845372249166,,,,^CNXFIN,-17.890212297079376,0.0,0.0,0.9455635716294503,48.41269841269841,0.5453643138010884,0.0,-43.72125507006024,-70.34301362517104,26.6217585551108,938.4476055607593,1022.2236325295023,0.0,INDUSINDBK,IndusInd Bank Ltd.,Financial Services,INDUSINDBK.NS,-0.4463233137880551,-50.74727610509653,,0.6508887677361896,partial,74.67191601049869,379.2452830188679,-304.5733670083692,6.345129282152917,-2.930521547014205,9.275650829167123,ok,,,,,,,missing,False,50.44423741213223,11.76,14.399999999999999,30.0,44.0,32.24527122363967,Exit Candidate,10.0,5.0,0.0,0.0,0.0,0.0,1.176,0.0,0.0,16.176,Below Watchlist,,,,,,,0.9911487357803411,44.0,0,,0.0,0.0,,0,,63.0,0,,0.0,0.0,,🟢,53.0,,30.11,0.0,,,,,,,,,31-MAR-2026,ok,,,,,5.0,,NSE500
ULTRACEMCO.NS,10829.0,30819334.0,0.03763270413629006,-0.08891308133149646,-0.043676926914517515,13.727460984308737,0.0,0.0,0.028248843359210723,-0.05605733082751066,3.2376347949678603,25.577597000881656,-11.85013601657292,-1.803628084018416,🟢,accelerating_quiet_base,-0.16611854428271178,0.22520529684221216,-0.9914850184228584,-9.022935394438381,,no_obv_signal,2960633161.4,-122.10935372218773,-143.31504043089686,21.205686708709123,0.0,0.0,-103.59719760906046,-40.181326990913234,-63.415870618147224,0.0,11335.338213761248,-1.0,11110.942942307869,-1.0,-1.0,12311.466065990879,11006.384151342107,11087.119567038037,0.0,0.8219582424995653,0.0,2.7556622280886733,3.4689720694447423,0.0,2.7556622280886733,3.4689720694447423,FALLBACK_BROAD_INDEX,-15.338360755415811,0.0,0.0,0.8371953828384597,32.142857142857146,0.5862328187827397,0.0,322.58749389917284,511.733521504339,-189.14602760516618,11244.563993809248,10201.791688360572,0.0,ULTRACEMCO,UltraTech Cement Ltd.,Construction Materials,ULTRACEMCO.NS,,,,,missing,,,,,,,missing,,,,,,,missing,False,33.684611344508056,3.12,98.4,0.0,43.0,31.939383403352416,Exit Candidate,5.0,10.0,0.0,0.0,0.0,0.0,0.312,0.0,0.0,15.312,Below Watchlist,,,,,,,0.8219582424995653,43.0,0,,0.0,0.0,,0,,6.0,0,,0.0,0.0,,,19.8,,15.24,0.0,,,,,,,,,31-MAR-2026,ok,,,,,,,NSE500
IRCTC.NS,452.54998779296875,486301154.0,-0.062254936412107206,-0.06042519538238044,-0.05955675031063149,0.0,0.0,0.0,-0.05003015650133112,-0.022758937940603713,23.983957070774302,0.03025788847276864,-0.03025788847276864,-9.91623982278188,,neither,-0.07295708054635013,0.06247410370990204,1.9087875247454262,-7.506893560211914,,no_obv_signal,296682289.2084076,-7.7720227143200304,-7.656323821846744,-0.11569889247328646,0.0,0.0,-28.931277599530176,-28.79131632214861,-0.13996127738156616,0.0,448.56228586894747,1.0,458.90381667216235,-1.0,-1.0,518.0543748434488,460.65811886724146,466.31476597281744,0.0,-5.38588171750295,0.0,-5.217379947111523,-12.763335544029053,,,,^CNXCONSUM,-37.20260909813507,0.0,0.0,0.6745630675689587,30.158730158730158,0.2875485798261413,0.0,-78.78084633333651,-59.81682499993353,-18.964021333402982,602.8203543300824,677.0221813526313,0.0,IRCTC,Indian Railway Catering And Tourism Corporation Ltd.,Consumer Services,IRCTC.NS,13.775470341294959,11.476177625308637,41.14618337022476,0.01873629187746646,ok,-17.241379310344822,15.186915887850455,-32.42829519819528,0.7069468375564214,26.48211358893938,-25.775166751382958,ok,2.4209462337642065,,,,,,missing,False,16.759999999999998,41.279999999999994,66.4,30.0,17.4,31.854,Exit Candidate,0.0,0.0,0.0,0.0,0.0,6.5,4.127999999999999,0.0,0.0,10.628,Below Watchlist,,,,,,,-5.38588171750295,17.4,0,,0.0,0.0,,0,,25.0,0,,0.0,0.0,,🟢,15.4,,3.27,0.0,,,,,,,,,31-MAR-2026,ok,,,,,0.0,,NSE500
CEATLTD.NS,3240.0,69437409.0,0.028374410042238243,0.009099615923466387,0.022010876732020408,87.36667732849283,0.0,0.0,-0.013193658489468216,0.02322285146222572,24.903117414017398,13.95376350646117,73.41291382203165,-6.0164582241547855,,quiet_but_not_accelerating,-0.007104663540664802,0.0920024245632026,-0.6453150226654983,-5.5366018761651254,,no_obv_signal,181841116.5986206,-42.631053188451915,-41.166917451715484,-1.4641357367364307,0.0,0.0,-40.17622616973222,-18.865566439664097,-21.31065973006812,0.0,3482.839024081359,-1.0,3324.135360980826,-1.0,-1.0,3939.1876450845375,3335.4625655328887,3366.6195804472827,0.0,-3.839783924565906,0.0,1.6469284638154003,-4.778712343444402,,,,^CNXAUTO,-23.92984209944061,0.0,0.0,0.6818970448137874,4.365079365079365,0.5354990401845611,1.0,189.61815234118149,267.83340663292825,-78.21525429174676,3290.6504250294047,2782.8042077888385,0.0,CEATLTD,Ceat Ltd.,Automobile and Auto Components,CEATLTD.NS,11.559471620281613,55.352908764916606,17.679859741515255,0.6484509543183624,ok,-98.22994210090984,56.64679968903861,-154.87674178994845,2.3491961155659427,1.4875933654875453,0.8616027500783974,ok,0.4409389415045454,,,,,,missing,False,66.85833706497249,8.639999999999999,42.6,0.0,24.2,31.805501119491748,Exit Candidate,5.0,2.5,0.0,0.0,10.0,0.0,0.8639999999999999,0.0,0.0,18.364,Below Watchlist,,,,🟢,,,-3.839783924565906,24.2,0,,0.0,0.0,,0,,25.0,0,,0.0,0.0,,🟢,25.4,,17.65,0.01,,,,,,,,,31-MAR-2026,ok,,,,,0.0,,NSE500
CIEINDIA.NS,376.45001220703125,144990385.0,0.01696987855333155,-0.011602730737076518,0.0003510956086244778,38.94287395533947,0.0,0.0,-0.07911295895632264,-0.05572559801531548,16.294258603692636,1.258663677139548,37.68421027819993,-17.769763598754494,,neither,-0.010589505368296039,0.21702421431865024,-2.8779048609066313,-7.8683292746548394,,no_obv_signal,93943748.58210602,-4.578731831824655,-5.782297899940921,1.2035660681162659,0.0,0.0,-17.15440860122351,-10.856546817320192,-6.297861783903317,0.0,395.93810633922027,-1.0,389.8060736680853,-1.0,-1.0,449.50659642232085,384.6719904945435,387.05960783640563,0.0,-7.568103579141727,0.0,-13.524893183181486,-17.219227383744062,,,,^CNXAUTO,-23.205205816413866,0.0,0.0,0.6913787813954914,10.317460317460316,0.7524150162019302,1.0,-4.104801452932065,1.8857965614974699,-5.990598014429535,425.03071786891957,403.0989599552365,0.0,CIEINDIA,CIE Automotive India Ltd.,Automobile and Auto Components,CIEINDIA.NS,3.498073397063628,,13.428618470168665,0.0570950615077692,ok,-5.479452054794525,22.1189591078067,-27.598411162601224,0.32921738224898467,9.149777810094283,-8.8205604278453,ok,,,,,,,missing,False,45.63000588436881,21.719999999999995,81.39999999999999,0.0,9.8,31.71300176531064,Exit Candidate,0.0,0.0,0.0,0.0,10.0,0.0,2.1719999999999997,0.0,0.0,12.172,Below Watchlist,,,,🟢,,,-7.568103579141727,9.8,0,,0.0,0.0,,0,,34.0,0,,0.0,0.0,,🟢,11.600000000000001,,20.330000000000002,0.0,,,,,,,,,31-MAR-2026,ok,,,,,0.0,,NSE500
JSWENERGY.NS,501.1499938964844,382160850.0,-0.030355899016835237,-0.15379064765311265,0.06334148295257819,43.400408075100394,0.0,0.0,-0.15300359574326036,-0.015063511135086416,4.009991902027233,38.76817812712176,4.632229947978637,-14.061566849794804,,neither,-0.1709935492684454,0.39808001795306436,1.2595303053538704,-9.645727605276145,,no_obv_signal,911088778.1692779,-10.1512437309716,-8.902471840493218,-1.2487718904783822,0.0,0.0,-2.8510890755147784,5.025161866075764,-7.876250941590542,0.0,529.364598813381,-1.0,507.18220353683705,-1.0,1.0,470.7460723387417,510.42093079947915,518.4547990472247,0.0,-0.9004513697462061,0.0,-9.887151693401275,0.6492099456763212,0.0,-9.887151693401275,0.6492099456763212,FALLBACK_BROAD_INDEX,-16.476300977167817,0.0,0.0,0.8020267407589502,36.11111111111111,0.5088450719774339,0.0,9.114801719756429,11.492198968908918,-2.377397249152489,524.0052046903526,486.90458459540565,0.0,JSWENERGY,JSW Energy Ltd.,Power,JSWENERGY.NS,23.55335345287992,14.860341770718954,7.32002670086974,2.5021977782554417,ok,,-14.107883817427396,,15.750525721449879,10.211771392732546,5.538754328717333,partial,2.8748712956373077,,,,,,missing,False,31.950142826285134,19.32,45.4,30.0,35.8,31.62904284788554,Exit Candidate,0.0,5.0,0.0,0.0,0.0,0.0,1.9320000000000002,0.0,0.0,6.932,Below Watchlist,,,,,,,-0.9004513697462061,35.8,0,,0.0,0.0,,0,,14.0,0,,0.0,0.0,,,9.0,,7.340000000000001,11.31,,,,,,,,,25-MAY-2026,ok,,,,,5.0,,NSE500
LTTS.NS,,25792509.0,-0.06303478326036677,0.06650428407459107,0.1257672421039581,93.91695096891362,0.0,0.0,0.13482077065612466,0.0967210749711392,51.460402029309776,10.626586599158648,83.29036436975498,2.6135870519509163,,quiet_but_not_accelerating,0.06679126821845506,0.49587065500114896,0.3935345942663311,-9.763704039367616,,no_obv_signal,152718387.40406495,-73.28468872933308,-61.13428611895243,-12.150402610380652,0.0,0.0,-72.9194190609087,-65.75354976525968,-7.165869295649017,0.0,,-1.0,,-1.0,-1.0,3844.838670042763,3273.339843567361,3336.8984805261234,0.0,2.206647637071557,0.0,2.0785485730353326,0.6841968039649649,0.0,-5.935648313881625,1.5183722091145269,^CNXIT,-30.841647324162842,0.0,0.0,0.7054308191628434,9.920634920634921,0.39956012947641023,1.0,-303.00280189288605,-239.45915773679707,-63.54364415608899,3821.6428031664577,4101.713243838179,0.0,LTTS,L&T Technology Services Ltd.,Information Technology,LTTS.NS,7.645185527440046,1.8122416993259671,23.96977927288269,0.0893753765816429,ok,7.350591243208707,9.712482468443197,-2.3618912252344897,2.8762377969837996,-2.2438857533778007,5.1201235503616,ok,16.38088838317828,,,,,,missing,False,62.58093283911977,20.4,10.8,0.0,47.599999999999994,31.61427985173593,Exit Candidate,10.0,7.5,0.0,0.0,10.0,0.0,2.04,0.0,0.0,29.54,Below Watchlist,,,,🟢,,,2.206647637071557,47.599999999999994,0,,,,,0,,12.0,0,,,,,🟢,66.0,,4.32,0.0,,,,,,,,,31-MAR-2026,ok,,,,,5.0,,NSE500
TATACOMM.NS,1654.699951171875,72275015.0,-0.13428015965571521,-0.047269390779193315,0.09647915813288595,85.37875330709163,0.0,0.0,-0.08547501544190349,0.11255303652608001,13.341271369905861,43.935246156350345,41.44350715074128,-16.03065200080158,,neither,-0.04305598016065658,0.45526818433269517,1.5318538280359097,-5.790256879329913,,no_obv_signal,404527864.2528626,-18.977312708385625,-7.633177038216623,-11.344135670169003,0.0,0.0,-1.0022372782418643,19.294587434892506,-20.29682471313437,0.0,1783.889081898189,-1.0,1684.053255644919,-1.0,1.0,1620.1154662881909,1695.5158308453047,1713.983512856103,0.0,4.436213845913724,0.0,-12.496255420525559,17.340915045996642,0.0,-12.496255420525559,17.340915045996642,FALLBACK_BROAD_INDEX,-19.74099091231293,0.0,0.0,0.8144606752335567,1.984126984126984,0.4503278791932841,1.0,32.08037387614468,30.899405082490276,1.1809687936544009,1690.2639102371945,1603.0291735202695,1.0,TATACOMM,Tata Communications Ltd.,Telecommunication,TATACOMM.NS,,,,,missing,,,,,,,missing,,,,,,,missing,False,44.212563657482065,9.0,11.600000000000001,30.0,55.00000000000001,31.053769097244622,Exit Candidate,5.0,5.0,0.0,0.0,10.0,0.0,0.8999999999999999,0.0,0.0,20.9,Below Watchlist,,,,🟢,,,4.436213845913724,55.00000000000001,0,,0.0,0.0,,10,🟢,4.0,0,,0.0,0.0,,🟢,29.799999999999997,,16.73,0.0,,,,,,,,,31-MAR-2026,ok,,,,,,,NSE500
JKTYRE.NS,334.79998779296875,473902997.0,-0.029232270324636146,-0.016011470143572123,0.04337092524290192,89.6821622237828,0.0,0.0,-0.009570888618126784,0.037565371199928616,45.55113498239382,0.0,89.6821622237828,-14.18128812793511,,neither,-0.028291673973453335,0.11484826096293976,23.256684667699854,-16.247657837906505,,no_obv_signal,148729751.9647278,-9.86705403934343,-9.420879368289285,-0.44617467105414477,0.0,0.0,-18.711642433747727,-14.542553373186644,-4.169089060561083,0.0,360.8080255676771,-1.0,344.8208851504287,-1.0,-1.0,405.82722708455805,345.66595403554567,353.11501673310534,0.0,-9.867943402923688,0.0,-8.26557377571212,-17.03804097658591,,,,^CNXAUTO,-44.09511782409972,0.0,0.0,0.5604327539391509,5.952380952380952,0.325993754566937,1.0,13.393279669403626,25.034312288515697,-11.641032619112071,387.0299966224919,336.04444795323843,0.0,JKTYRE,JK Tyre & Industries Ltd.,Automobile and Auto Components,JKTYRE.NS,3.692073849751054,43.52865773290797,13.875353625190415,0.8054256684739028,ok,-75.2,-14.266117969821673,-60.93388203017833,-6.563370143769061,0.011366434917688068,-6.574736578686749,ok,0.38149354620337445,,,,,,missing,False,54.63875677832398,26.16,57.199999999999996,0.0,5.0,30.953627033497195,Exit Candidate,5.0,0.0,0.0,0.0,10.0,0.0,2.616,0.0,0.0,17.616,Below Watchlist,,,,🟢,,,-9.867943402923688,5.0,0,,0.0,0.0,,0,,26.0,0,,0.0,0.0,,🟢,30.4,,7.000000000000001,18.6,,,,,,,,,31-MAR-2026,ok,,,,,0.0,,NSE500
MAXHEALTH.NS,982.0999755859375,94748679.0,0.050050220191700676,-0.09940513965567968,-0.10497475262594949,21.907797269016065,0.0,0.0,-0.18649109843159645,-0.05186021712293775,-13.116839989699223,18.69911582470907,3.2086814443069933,-12.876216713475308,,neither,-0.0016630722375755782,0.5524564345513837,1.0,-10.596269860178653,,no_obv_signal,1895038706.0437531,-3.6059143809936813,0.19815146048477406,-3.8040658414784554,0.0,0.0,-9.96236909247682,-3.9211159515247362,-6.041253140952083,0.0,1061.166810260413,-1.0,1015.3043659652844,-1.0,1.0,944.4171788881392,1022.6593166565623,1026.1304865341958,0.0,-1.1149089641066385,0.0,-9.807882967571157,4.525230199867503,0.0,-19.85939317875446,-15.293283159321192,^CNXPHARMA,-18.757612027895227,0.0,0.0,0.8959056385086941,64.68253968253968,0.6091081185969426,0.0,41.46362254878727,67.97386942491491,-26.51024687612764,1028.8308671298373,877.7606466085622,0.0,MAXHEALTH,Max Healthcare Institute Ltd.,Healthcare,MAXHEALTH.NS,22.368963346613846,9.337922362470884,12.56726934325977,0.3236698388238918,ok,13.268608414239488,-38.44621513944223,51.71482355368172,3.645430273951401,-3.1819693088640912,6.827399582815492,ok,7.118982940698794,,,,,,missing,False,37.447729044155615,22.32,25.6,30.0,34.599999999999994,30.728318713246686,Exit Candidate,0.0,2.5,0.0,0.0,0.0,0.0,2.232,0.0,0.0,4.732,Below Watchlist,,,,,,,-1.1149089641066385,34.599999999999994,0,,0.0,0.0,,0,,47.0,0,,0.0,0.0,,,7.8,,16.3,45.39,,,,,,,,,31-MAR-2026,ok,,,,,15.0,🟢,NSE500
POLYCAB.NS,8102.5,59759083.0,-0.15080434123161315,-0.06440454723480928,0.08603941473740749,59.5713573225776,0.0,0.0,-0.04264518281835502,0.06983073954572722,13.477418886981068,41.625424202039625,17.945933120537973,-18.657765284609983,,neither,-0.10283907406883275,0.31426564151072744,-2.435602136388138,-11.025091967276124,,no_obv_signal,3561578006.625,-174.06776326056934,-188.18984822755567,14.122084966986336,0.0,0.0,19.731831108250844,203.60081699267766,-183.86898588442682,0.0,8661.788306014047,-1.0,8340.131294558978,-1.0,-1.0,9611.25872560455,8295.204882174834,8415.80844762831,0.0,0.15052389847293904,0.0,-12.657335383678292,14.810902221089627,0.0,-12.657335383678292,14.810902221089627,FALLBACK_BROAD_INDEX,-19.641971635425964,0.0,0.0,0.8346576217133873,11.11111111111111,0.5458632039823286,1.0,924.5043305728423,866.7344069942054,57.76992357863685,7733.866209912791,6191.20960654383,1.0,POLYCAB,Polycab India Ltd.,Capital Goods,POLYCAB.NS,26.570413643814604,28.11209710668201,30.440495866579553,0.3748267904537557,ok,-0.11538461538461975,26.24423403738772,-26.35961865277234,-7.386166155092963,18.590208994631485,-25.976375149724447,ok,1.694380032170497,,,,,,missing,True,33.089975062902155,0.8400000000000001,96.8,0.0,40.6,30.704992518870643,Exit Candidate,5.0,5.0,0.0,0.0,10.0,0.0,0.08400000000000002,0.0,10.0,30.084,Below Watchlist,,,,🟢,,,0.15052389847293904,40.6,0,,0.0,0.0,,10,🟢,23.0,0,,0.0,0.0,,🟢,30.0,,5.2299999999999995,0.0,,,,,,,,,31-MAR-2026,ok,,,,,0.0,,NSE500
ABREL.NS,,95667069.0,-0.0013695841660368488,0.03513181144953847,0.02320153150450578,88.77483674906674,0.0,0.0,0.024847797744239064,0.014954899480072142,37.94697712342748,12.40441012353437,76.37042662553236,-9.233685713260154,,neither,0.03393333952624938,0.1933862538990026,0.7825099697472813,-13.5403801532323,,no_obv_signal,206125808.90216675,-46.07747120298404,-40.89993162465327,-5.177539578330773,0.0,0.0,-39.53895806237392,-27.722730451721574,-11.816227610652348,0.0,,-1.0,,-1.0,-1.0,1492.9871057814937,1234.341015565803,1272.412013794056,0.0,-2.822079048780143,0.0,-6.406747004068869,2.33645299926184,,,,^CNXREALTY,-36.86113803501448,0.0,0.0,0.7900096630537994,53.17460317460318,0.3661486790178457,0.0,-133.94312000566288,-68.70148546938259,-65.24163453628029,1541.6924299411924,1511.4333504634565,0.0,ABREL,Aditya Birla Real Estate Ltd.,Realty,ABREL.NS,-52.60231301393631,,-5.192167836391225,1.5230422529122003,ok,,-186.52173913043478,,1.4977101126377026,-43.97753276471812,45.475242877355825,partial,,,,,,,missing,False,66.86119286217337,15.6,21.8,0.0,28.199999999999996,30.67835785865201,Exit Candidate,10.0,2.5,0.0,0.0,0.0,0.0,1.56,0.0,0.0,14.06,Below Watchlist,,,,,,,-2.822079048780143,28.199999999999996,0,,,,,0,,9.0,0,,,,,🟢,33.800000000000004,,14.77,0.0,15.079999999999998,0.0,False,False,-0.3099999999999987,0.0,,,31-MAR-2026,ok,,,0.0,,10.0,,NSE500
AAVAS.NS,1248.4000244140625,10521600.0,-0.2543344842579295,-0.24259580471127973,-0.13069495637947431,11.358965370824192,0.0,0.0,-0.2631771957930469,-0.014846921205607494,-11.14335073383543,26.339622641509436,-14.980657270685244,-17.91162649054123,,neither,-0.27378263650672663,0.5031216910253002,1.13282334738084,-8.192382733775228,,no_obv_signal,116113553.04412842,-17.57730425728755,-18.64599631722832,1.0686920599407692,0.0,0.0,-35.92003633318541,-21.53667855972072,-14.383357773464688,0.0,1364.502504488807,-1.0,1299.6812092620967,-1.0,1.0,1186.790013704849,1277.0160220736725,1288.4844889187282,0.0,1.32776695855958,0.0,-11.308861272045235,14.316766974468242,,,,^CNXFIN,-28.104123078705474,0.0,0.0,0.8911191200365463,58.730158730158735,0.4375264214028461,0.0,-125.26018261362492,-105.5819970933484,-19.678185520276514,1475.2741114418068,1694.6306393005425,0.0,AAVAS,Aavas Financiers Ltd.,Financial Services,AAVAS.NS,20.85482549515112,15.084812226358624,2.7456734936116027,3.105533677480335,ok,-5.575065847234414,6.8480300187617305,-12.423095865996144,2.396691473280658,4.090715159644669,-1.6940236863640115,ok,1.0276774259683417,,,,,,missing,False,10.445637879788466,12.6,80.2,30.0,45.800000000000004,30.55369136393654,Exit Candidate,0.0,2.5,0.0,0.0,0.0,0.0,1.26,0.0,0.0,3.76,Below Watchlist,,,,,,,1.32776695855958,45.800000000000004,0,,0.0,0.0,,0,,97.0,0,,0.0,0.0,,,6.6000000000000005,,17.24,0.0,17.150000000000002,0.0,True,False,0.0899999999999963,0.0,,,31-MAR-2026,ok,🟢,,5.0,,0.0,,NSE500
NBCC.NS,78.01000213623047,5914999573.0,0.004070868007208935,-0.0219609216428343,0.0014370809110330553,37.62047534836146,0.0,0.0,-0.023983467770826453,0.007959597387609823,33.24816632401866,2.287620868150634,35.33285448021083,-25.14123698162042,,neither,-0.024461119304270827,0.0889223521239337,1.0029348314197744,-17.142090781313122,,no_obv_signal,374480176.54460603,-2.1731897809239484,-2.1320084775360417,-0.04118130338790671,0.0,0.0,-4.48528192690857,-2.8448661776722695,-1.6404157492363005,0.0,85.35921305605223,-1.0,81.83622006761868,-1.0,-1.0,95.55477360476672,81.64425977347742,83.20122000648017,0.0,-9.58610612945718,0.0,-20.649125866893982,-4.332357839002821,0.0,-20.649125866893982,-4.332357839002821,FALLBACK_BROAD_INDEX,-35.88560606217366,0.0,0.0,0.6366852324984846,11.11111111111111,0.5609267468527133,1.0,1.8449954562198627,6.190533005692608,-4.345537549472745,94.01095494927047,79.8736486797605,0.0,NBCC,NBCC (India) Ltd.,Construction,NBCC.NS,12.859813353188754,39.24997288567158,34.336191130463625,8.547482741475668e-05,ok,25.35211267605635,24.561403508771935,0.7907091672844153,50.86712068209779,3.855256583916283,47.011864098181505,ok,0.8206606943099002,,,,,,missing,False,42.28716637192651,32.88,69.0,0.0,5.6000000000000005,30.452149911577955,Exit Candidate,5.0,0.0,0.0,0.0,10.0,0.0,3.2880000000000003,0.0,0.0,18.288,Below Watchlist,,,,🟢,,,-9.58610612945718,5.6000000000000005,0,,0.0,0.0,,0,,6.0,0,,0.0,0.0,,🟢,21.0,,5.84,0.0,,,,,,,,,31-MAR-2026,ok,,,,,10.0,,NSE500
DELHIVERY.NS,417.3999938964844,297861764.0,-0.02476008777278636,0.03015653018067872,0.23617425121041924,79.46521216920566,0.0,0.0,-0.07775021160464606,0.21212138959605456,10.146719271037162,27.43300228860334,52.032209880602316,-11.577162442476896,,neither,0.013354996702848884,0.6960390024233231,0.3883636715797616,-13.393509010394656,,no_obv_signal,1083578255.071457,-10.738409671943657,-9.377768273865279,-1.3606413980783785,0.0,0.0,-4.169983976836988,3.9585759574120605,-8.128559934249049,0.0,445.10612911326984,-1.0,424.94584763163124,-1.0,-1.0,491.7188457927494,425.2641590049014,433.8231013797828,0.0,-6.0276291929475185,0.0,-5.080004730122756,2.2385643301799263,0.0,-5.080004730122756,2.2385643301799263,FALLBACK_BROAD_INDEX,-19.777050991865302,0.0,0.0,0.8654581501034669,9.920634920634921,0.7953863050239834,1.0,15.126163524733556,11.554397941686085,3.571765583047471,427.5379483224124,427.4638619197098,1.0,DELHIVERY,Delhivery Ltd.,Services,DELHIVERY.NS,13.298876336359822,,2.6213954856206376,0.1509835650108832,ok,-55.789473684210535,82.69230769230768,-138.4817813765182,2.832667660585144,1.6047495424219584,1.2279181181631857,ok,,,,,,,missing,False,58.322824259221974,18.84,44.6,0.0,15.6,30.294847277766593,Exit Candidate,5.0,5.0,0.0,0.0,10.0,0.0,1.8840000000000001,0.0,0.0,21.884,Below Watchlist,,,,🟢,,,-6.0276291929475185,15.6,0,,0.0,0.0,,10,🟢,10.0,0,,0.0,0.0,,🟢,51.800000000000004,,33.160000000000004,0.0,,,,,,,,,31-MAR-2026,ok,,,,,0.0,,NSE500
ANURAS.NS,,44205605.0,-0.7807679485143396,-0.03670125421108677,0.10463382798392006,58.91774125547325,0.0,0.0,0.044173317778545496,0.0864417086288366,8.24830106840551,39.80381101654854,19.11393023892471,-6.7464913866304705,,quiet_but_not_accelerating,-0.10119944169257666,0.28734749645838886,-0.5040574178298127,-1.8327365906007698,,no_obv_signal,682543991.0837281,-13.527765494377263,-12.376594437764808,-1.151171056612455,0.0,0.0,-16.592631922251712,-7.459266054129088,-9.133365868122624,0.0,,-1.0,,-1.0,1.0,1132.5137863602208,1192.1425196992525,1203.1061160415288,0.0,-2.0779587354139317,0.0,-1.562682542729521,0.02084229955634509,0.0,-1.562682542729521,0.02084229955634509,FALLBACK_BROAD_INDEX,-13.618515530323252,0.0,1.0,0.87653148836619,23.015873015873016,0.48323383351549387,1.0,98.95419375379538,102.31625864546638,-3.3620648916709968,1142.5946931041353,1007.3354865502477,0.0,ANURAS,Anupam Rasayan India Ltd.,Chemicals,ANURAS.NS,10.098081567379435,-15.032733245099084,8.663877811261894,0.4850072553460814,ok,39.032258064516114,,,5.479316711504301,4.698453747104143,0.7808629644001579,partial,,,,,,,missing,False,29.461209439415637,17.52,48.0,30.0,31.4,30.25236283182469,Exit Candidate,10.0,5.0,0.0,0.0,10.0,0.0,1.752,0.0,0.0,26.752,Below Watchlist,,,,🟢,,🟢,-2.0779587354139317,31.4,0,,,,,0,,7.0,0,,,,,,50.0,,0.15,6.909999999999999,0.19,7.71,False,False,-0.04000000000000001,-0.8000000000000007,,,31-MAR-2026,ok,,,0.0,,0.0,,NSE500
LATENTVIEW.NS,235.5,280027712.0,-0.056667494208307224,-0.04847825860404496,0.19809592120865577,92.14835212181394,0.0,0.0,-0.01181342461903509,0.10242522606908727,86.65710760786685,0.0,92.14835212181394,-13.035446596827837,,neither,-0.05065862205560243,0.639241840026718,4.121667755776134,-25.5218245071392,,no_obv_signal,124448977.21373062,-9.553317327461627,-8.931333164048137,-0.6219841634134902,0.0,0.0,-24.520924955920123,-21.86395348249686,-2.656971473423262,0.0,259.36011633937017,-1.0,247.0607872747953,-1.0,-1.0,303.46679400971743,247.09323228952462,254.31975561094438,0.0,-8.614137157014312,0.0,-11.306893597294899,-11.466692024791525,0.0,-17.7830317470818,-9.69310656262502,^CNXIT,-53.09699320110184,0.0,0.0,0.5044595175761394,1.5873015873015872,0.31968221639176964,1.0,-46.98614925389194,-32.69944609620042,-14.28670315769152,351.97249710960335,413.69868903742145,0.0,LATENTVIEW,Latent View Analytics Ltd.,Information Technology,LATENTVIEW.NS,25.31292160580003,8.425563382192735,14.654631558679535,0.018938550127819972,ok,-9.019607843137255,5.371900826446277,-14.391508669583532,-0.6035659591570866,3.816063508735329,-4.419629467892416,ok,3.505214032621044,,,,,,missing,False,50.381923242634876,30.0,53.6,0.0,7.199999999999999,30.234576972790464,Exit Candidate,5.0,0.0,0.0,0.0,10.0,0.0,3.0,0.0,0.0,18.0,Below Watchlist,,,,🟢,,,-8.614137157014312,7.199999999999999,0,,0.0,0.0,,0,,23.0,0,,0.0,0.0,,🟢,44.6,,3.6700000000000004,0.0,,,,,,,,,31-MAR-2026,ok,,,,,0.0,,NSE500
NTPC.NS,323.5,2071612471.0,-0.01689874016529414,-0.0245788816111893,-0.006337770502847259,33.41892189043661,0.0,0.0,-0.02806664056530836,-0.03610593864350816,14.702412411448144,11.565069911258094,21.853851979178515,-8.3149862941022,,neither,-0.02998460379734348,0.08944746949886409,1.7826195405801524,-5.833091411594693,,no_obv_signal,2415111971.1509767,-2.8416850671600855,-2.526510001611676,-0.31517506554840935,0.0,0.0,-9.22413460577178,-6.62258075637914,-2.6015538493926407,0.0,336.28740742934843,-1.0,327.55682369534054,-1.0,-1.0,358.8254946159975,325.9471820556186,328.09477332421596,0.0,-3.0680734156059835,0.0,-3.2010999023209696,-11.47953473278811,0.0,-3.2010999023209696,-11.47953473278811,FALLBACK_BROAD_INDEX,-20.284107466017836,0.0,0.0,0.7535208478626694,28.57142857142857,0.393912867736429,0.0,13.319982208286717,20.03725634055652,-6.717274132269804,339.0766522317743,293.37655674646413,0.0,NTPC,NTPC Ltd.,Power,NTPC.NS,1.868097843383798,16.949816418059882,8.9473316581847,1.3338436634662014,ok,-35.8926919518964,90.98939929328623,-126.88209124518264,2.119616155041774,8.380484268092435,-6.260868113050661,ok,0.6123422663705768,,,,,,missing,False,36.55662266165281,30.12,60.8,0.0,27.200000000000003,30.190986798495842,Exit Candidate,0.0,0.0,0.0,0.0,0.0,0.0,3.0120000000000005,0.0,0.0,3.0120000000000005,Below Watchlist,,,,,,,-3.0680734156059835,27.200000000000003,0,,0.0,0.0,,0,,17.0,0,,0.0,0.0,,🟢,16.0,,17.83,16.55,,,,,,,,,31-MAR-2026,ok,,,,,0.0,,NSE500
GRSE.NS,,612794949.0,-0.009386298586002397,-0.0006448849811802511,0.05345731542441973,92.84684051182973,0.0,0.0,-0.0017149843089687461,0.02574587041222888,26.571318242963038,24.883833971993035,67.9630065398367,-15.910532655527698,,neither,-0.0024544108214843846,0.19036454391396168,-0.7934137477487697,-12.932181814153942,,no_obv_signal,735328768.8012207,-66.41973372840494,-59.10607433950722,-7.313659388897719,0.0,0.0,-58.206375476765515,-11.17652228548198,-47.029853191283536,0.0,,-1.0,,-1.0,1.0,2178.936226374044,2352.8851853931938,2406.573630865257,0.0,-5.717314431479955,0.0,-12.732995890399923,-1.7657736376458288,0.0,-12.732995890399923,-1.7657736376458288,FALLBACK_BROAD_INDEX,-27.217410937819402,0.0,0.0,0.6634672503409601,19.047619047619047,0.4118931250804727,1.0,269.605743925988,344.6265041071227,-75.02076018113468,2336.7088035510465,1739.7993770500086,0.0,GRSE,Garden Reach Shipbuilders & Engineers Ltd.,Capital Goods,GRSE.NS,40.07266981983,48.55850151548202,36.76188600803551,0.014240720101905581,ok,-42.99206649036645,77.53185781354794,-120.52392430391438,-14.373103216407038,11.790906449994463,-26.1640096664015,ok,0.7639803297507449,,,,,,missing,True,61.8663941791404,3.96,15.8,30.0,16.400000000000002,30.181918253742126,Exit Candidate,5.0,0.0,0.0,0.0,10.0,0.0,0.39599999999999996,0.0,10.0,25.396,Below Watchlist,,,,🟢,,,-5.717314431479955,16.400000000000002,0,,,,,0,,31.0,0,,,,,🟢,28.4,,1.5,0.0,,,,,,,,,31-MAR-2026,ok,,,,,0.0,,NSE500
IRFC.NS,80.26000213623047,10947788766.0,-0.007762030950290909,-0.020798812837645644,-0.018246285882029065,4.727493553082148,0.0,0.0,-0.017507239491196026,-0.028127153130624208,35.17675576735767,3.1852067862627376,1.5422867668194105,-11.3443021998748,,neither,-0.024375096995026647,0.01852639734860235,1.9283002513704763,-9.971956519897319,,no_obv_signal,591147004.1804054,-1.4628823590115303,-1.6258631278111804,0.16298076879965007,0.0,0.0,-6.17840387570341,-5.9594334623933145,-0.21897041331009515,0.0,83.08687665315264,-1.0,80.50171250142192,-1.0,-1.0,89.89420161986419,80.13334533896013,81.1070687715959,0.0,-6.0339427932796275,0.0,-6.626233618857269,-14.488306981042442,,,,^CNXFIN,-39.3053249661097,0.0,0.0,0.6191886685784882,43.65079365079365,0.2531599486503104,0.0,-7.262180442483384,-1.3478934773908506,-5.914286965092534,105.16980255274481,96.01818459368887,0.0,IRFC,Indian Railway Finance Corporation Ltd.,Financial Services,IRFC.NS,4.610740878165531,4.358353813758686,3.801566097932152,7.691289642275884,ok,13.953488372093018,-6.5217391304347725,20.47522750252779,12.354292335480354,10.194047876559234,2.1602444589211203,ok,3.5937935902666096,,,,,,missing,False,28.65462274357875,40.32,74.2,0.0,15.2,30.070386823073623,Exit Candidate,0.0,0.0,0.0,0.0,0.0,0.0,4.032,0.0,0.0,4.032,Below Watchlist,,,,,,,-6.0339427932796275,15.2,0,,0.0,0.0,,0,,96.0,0,,0.0,0.0,,🟢,18.2,,0.27,1.17,,,,,,,,,31-MAR-2026,ok,,,,,10.0,,NSE500
HDBFS.NS,,4893466.0,-0.278162544090045,-1.799895994417095,0.3903710602007517,76.10751165418239,0.0,0.0,-1.1094979506178602,0.6026171349713866,195.01438738808872,37.23358499462368,38.873926659558705,-15.267527495638088,,neither,-2.0784988058210105,3.8718249046078914,3.0202519820212315,-6.395474999966389,,no_obv_signal,330195633.10986024,-8.33684584453249,-5.6094147000387125,-2.727431144493778,0.0,0.0,-8.794372864552201,-4.2794435494028376,-4.514929315149364,0.0,,-1.0,,-1.0,1.0,623.5517171535895,664.0989530910003,671.6364522585242,0.0,-1.9766973173380016,0.0,-9.475354215206078,1.841073947278904,,,,^CNXFIN,-17.290506589570544,0.0,0.0,0.9100456819040487,16.129032258064516,0.625226919954933,1.0,-23.081561260579747,-17.35051987185626,-5.731041388723487,705.3860617810473,729.4446537401803,0.0,HDBFS,HDB Financial Services Ltd.,Financial Services,HDBFS.NS,14.007213689187381,9.091778286724628,7.858118080059552,4.802062035273821,ok,4.545454545454547,16.53746770025839,-11.992013154803843,3.9589752247499264,1.5494074534427704,2.409567771307156,ok,2.2638707578311417,,,,,,missing,False,30.697629078963832,24.96,30.8,30.0,31.8,29.59128872368915,Exit Candidate,5.0,2.5,0.0,0.0,10.0,0.0,2.496,0.0,0.0,19.996,Below Watchlist,,,,🟢,,,-1.9766973173380016,31.8,0,,,,,0,,42.0,0,,,,,🟢,3.8,,10.96,0.0,,,,,,,,,31-MAR-2026,ok,,,,,0.0,,NSE500
CESC.NS,133.8699951171875,1156115630.0,-0.051548501653028996,-0.015752199923360462,0.04028674973794378,70.54166562546644,0.0,0.0,-0.007910963454616974,0.016016439504030793,26.999697217670658,0.0,70.54166562546644,-17.760346787529368,,neither,-0.02895858213175402,0.1649860626518892,-2.867981909130637,-16.151020799426874,,no_obv_signal,276501038.91402435,-4.065677294800537,-3.584487151304713,-0.4811901434958239,0.0,0.0,-5.556219269395001,-2.62329745979703,-2.9329218095979708,0.0,144.22995186139119,-1.0,138.2656023469405,-1.0,-1.0,161.79866614432714,139.8793907213187,143.0635073719444,0.0,-7.566728042487758,0.0,-11.024961070101968,-8.72852268207457,0.0,-11.024961070101968,-8.72852268207457,FALLBACK_BROAD_INDEX,-30.13850777264786,0.0,0.0,0.7562664886944833,7.5396825396825395,0.5155904395038203,1.0,6.290191903498396,10.581379675862754,-4.291187772364358,151.6080598518907,131.13720601629177,0.0,CESC,CESC Ltd.,Power,CESC.NS,8.189937327090302,4.717719081685123,9.980268186581977,1.7294478840957228,ok,53.95348837209303,-26.36986301369863,80.32335138579165,2.272159800249688,-23.01038062283737,25.28254042308706,ok,2.8034149068655227,,,,,,missing,False,45.89958296891325,29.279999999999998,56.2,0.0,10.0,29.555874890673977,Exit Candidate,5.0,0.0,0.0,0.0,10.0,0.0,2.9279999999999995,0.0,0.0,17.928,Below Watchlist,,,,🟢,,,-7.566728042487758,10.0,0,,0.0,0.0,,0,,7.0,0,,0.0,0.0,,🟢,24.8,,18.099999999999998,0.02,,,,,,,,,31-MAR-2026,ok,,,,,20.0,🟢,NSE500
NCC.NS,128.27000427246094,1139924615.0,-0.08368623210900249,0.04120477511645225,0.03188177096263546,47.64772070968034,0.0,0.0,0.03362917030482051,0.02750737848050623,36.97992755324523,0.0,47.64772070968034,-12.117922499081324,,neither,0.02638636991345473,0.07802645828963439,0.3453962903879452,-7.676469858211721,,no_obv_signal,451862628.91032565,-3.5534704354825237,-2.3863093379790885,-1.1671610975034352,0.0,0.0,-5.363902506198258,-4.693343553064088,-0.6705589531341696,0.0,143.34632210458557,-1.0,135.44795840217597,-1.0,-1.0,160.63910071318955,133.99243070819475,137.25679887512314,0.0,-6.551222518172909,0.0,-8.42811629349417,-7.491330262601026,0.0,-8.42811629349417,-7.491330262601026,FALLBACK_BROAD_INDEX,-39.141187572826496,0.0,0.0,0.9541844295632468,84.92063492063492,0.3116930574389475,0.0,-17.823529586076745,-11.250067645027169,-6.573461941049576,169.658224181565,167.99857674779747,0.0,NCC,NCC Ltd.,Construction,NCC.NS,10.503804701886521,3.494333579659936,15.250501644235252,0.43296754967308215,ok,5.182926829268304,68.20512820512819,-63.022201375859886,-6.752760837581084,28.02667877221776,-34.77943960979884,ok,3.778518764452058,,,,,,missing,False,43.336702248388114,36.839999999999996,47.599999999999994,0.0,13.200000000000001,29.489010674516436,Exit Candidate,10.0,0.0,0.0,0.0,0.0,0.0,3.6839999999999993,0.0,0.0,13.684,Below Watchlist,,,,,,,-6.551222518172909,13.200000000000001,0,,0.0,0.0,,0,,9.0,0,,0.0,0.0,,🟢,39.0,,14.299999999999999,12.11,,,,,,,,,31-MAR-2026,ok,,,,,0.0,,NSE500
NLCINDIA.NS,255.75,1123107627.0,-0.0539587413220054,-0.02257885096268814,0.08352251667415098,58.04297873040911,0.0,0.0,-0.014559934706322495,0.03323451768037748,23.706710561674935,16.71836015417278,41.32461857623633,-20.499994165861978,,neither,-0.03209805635835767,0.46910568967593014,-14.96245197610997,-14.068476231833383,,no_obv_signal,392380012.52883756,-4.840237758610783,-4.764381399906441,-0.0758563587043426,0.0,0.0,-7.477938639150807,-0.8737440779974478,-6.604194561153359,0.0,275.8182247996348,-1.0,264.11509979319686,-1.0,-1.0,310.64952941073204,262.11053088993367,265.4949109280578,0.0,-5.0046268025218135,0.0,-17.66544385497889,0.21743792457842304,0.0,-17.66544385497889,0.21743792457842304,FALLBACK_BROAD_INDEX,-30.98139258470584,0.0,0.0,0.6930550106849387,2.7777777777777777,0.44596842569512835,1.0,23.217886760115164,26.521749807528796,-3.303863047413632,264.43525063158046,213.07624893173283,0.0,NLCINDIA,NLC India Ltd.,Power,NLCINDIA.NS,2.659385574212214,36.147410600528595,9.327833059112695,1.2957998137958333,ok,-69.35323383084577,92.52873563218394,-161.8819694630297,-6.459347223379066,13.490957788005986,-19.95030501138505,ok,0.3178449523527416,,,,,,missing,False,40.64504255564319,21.36,67.60000000000001,0.0,18.4,29.36551276669296,Exit Candidate,5.0,5.0,0.0,0.0,10.0,0.0,2.1359999999999997,0.0,0.0,22.136,Below Watchlist,,,,🟢,,,-5.0046268025218135,18.4,0,,0.0,0.0,,0,,4.0,0,,0.0,0.0,,🟢,27.6,,9.49,3.62,,,,,,,,,31-MAR-2026,ok,,,,,0.0,,NSE500
BAJFINANCE.NS,973.7999877929688,540544466.0,-0.27390930004334196,-0.12760052536152428,0.059637702892447714,56.62306980896121,0.0,0.0,0.019432477076056238,0.13958659976918888,4.286888851955858,48.91579410933423,7.707275699626983,-3.080369465740851,,quiet_but_not_accelerating,-0.261024065642279,0.6268794502303927,-1.288753813135935,-14.668767134716987,,no_obv_signal,6132979903.166758,-20.323400325105467,-15.67352155505272,-4.649878770052748,0.0,0.0,20.44463950351917,28.91569813996966,-8.47105863645049,0.0,1045.3416924906671,-1.0,996.3020121788027,-1.0,1.0,908.9141705390173,1004.2555060348959,1021.9905214886414,0.0,3.686497617663827,0.0,5.17185837161136,19.21649638367533,,,,^CNXFIN,-15.964795757667055,0.0,0.0,1.0185895305017556,34.92063492063492,0.546637297977943,0.0,66.19359932286704,63.964142314397584,2.22945700846946,933.3925827436723,840.417303205071,1.0,BAJFINANCE,Bajaj Finance Ltd.,Financial Services,BAJFINANCE.NS,22.576659990078095,18.22815698685951,,3.095173186576516,partial,9.589041095890408,37.30407523510972,-27.715034139219313,7.65977393627124,2.30147343419443,5.35830050207681,ok,1.8168638784422628,,,,,,missing,False,27.36807443313642,18.36,23.799999999999997,30.0,51.6,29.19242232994093,Exit Candidate,10.0,5.0,0.0,0.0,0.0,0.0,1.8359999999999999,0.0,0.0,16.836,Below Watchlist,,,,,,,3.686497617663827,51.6,0,,0.0,0.0,,10,🟢,58.0,0,,0.0,0.0,,,57.4,,8.76,0.0,9.629999999999999,0.0,False,False,-0.8699999999999992,0.0,,,31-MAR-2026,ok,,,0.0,,5.0,,NSE500
JIOFIN.NS,217.55999755859375,1967567783.0,-0.16927473942959623,-0.017906591307714735,0.02888832405150316,58.413889116582936,0.0,0.0,0.10277810245734548,0.11297644716464428,27.857683810704977,0.0,58.413889116582936,-7.769623228425305,,quiet_but_not_accelerating,-0.10589673473473891,0.3227102662090675,-0.506796790615016,-14.969388588195454,,no_obv_signal,2555945226.55873,-4.711304368883447,-4.067123069158399,-0.644181299725048,0.0,0.0,-7.103489129208839,-5.860425916511101,-1.243063212697738,0.0,230.7075822334168,-1.0,223.36581633625426,-1.0,-1.0,255.7586316941218,226.00850676672397,229.79493451238645,0.0,-4.021558785056349,0.0,-2.886377560383535,-7.7825996973020395,,,,^CNXFIN,-30.749599739045983,0.0,0.0,0.7280458444042286,25.793650793650798,0.5182484779287216,0.0,-12.907014112136068,-6.466826042352009,-6.4401880697840586,260.9532096657105,264.35632423403285,0.0,JIOFIN,Jio Financial Services Ltd.,Financial Services,JIOFIN.NS,431.7084751286302,268.2773586423726,1.7356870253319823,0.16262813720573352,ok,195.34883720930233,2.380952380952383,192.96788482834995,107.75472877549603,25.859230444221048,81.89549833127498,ok,0.28014022644447545,,,,,,missing,False,35.67486119080402,35.04,53.400000000000006,0.0,22.8,29.140458357241208,Exit Candidate,10.0,0.0,0.0,0.0,0.0,0.0,3.504,0.0,0.0,13.504,Below Watchlist,,,,,,,-4.021558785056349,22.8,0,,0.0,0.0,,0,,78.0,0,,0.0,0.0,,🟢,65.4,,5.34,0.0,,,,,,,,,21-APR-2026,ok,,,,,20.0,🟢,NSE500
ICICIGI.NS,1515.0,-15893618.0,-0.42354795101746934,-3.061750458003165,-0.4562735254328231,5.566542870358418,0.0,0.0,-1.4415074310762312,-0.7836477217751442,-139.28145129555924,14.3710252519082,-8.804482381549782,-13.016016393601182,,neither,-3.5205204178401552,0.890878661512667,3.0953735232040813,-6.694583632488427,,no_obv_signal,1167654941.3830323,-13.824910578493018,-27.512987408487124,13.688076829994106,0.0,0.0,-84.25701269980891,-71.30959522366511,-12.947417476143798,0.0,1446.898361831423,1.0,1512.2795095294953,1.0,-1.0,1741.8960920266973,1515.7579311192208,1518.4998019932805,0.0,-5.655521978512053,0.0,-9.675064901431297,-14.073124738761123,,,,^CNXFIN,-25.559139579852225,0.0,0.0,0.9422883075832651,49.60317460317461,0.654269798120979,0.0,-19.597291701214317,36.01408175972547,-55.61137346093979,1743.8236421043148,1673.220792602011,0.0,ICICIGI,ICICI Lombard General Insurance Company Ltd.,Financial Services,ICICIGI.NS,14.860698197810617,17.037561703719263,,,partial,-26.26262626262627,-17.123287671232877,-9.139338591393393,5.141835859730009,-1.8675576488035754,7.009393508533584,ok,1.9665776466526768,,,,,,missing,False,4.238290004625446,14.279999999999998,96.6,40.0,16.6,29.107487001387636,Exit Candidate,0.0,0.0,0.0,0.0,0.0,10.0,1.428,0.0,0.0,11.428,Below Watchlist,,,,,,,-5.655521978512053,16.6,0,,0.0,0.0,,0,,84.0,0,,0.0,0.0,,,0.8,,15.4,22.29,,,,,,,,,31-MAR-2026,ok,,,,,5.0,,NSE500
NAM-INDIA.NS,1068.0,152892694.0,-0.07761702133318278,-0.11707058669466008,0.09438943254332385,55.52874671660047,0.0,0.0,-0.09540111236066022,0.04166636351602559,5.602312603003137,60.27600241661102,-4.747255700010548,-8.089500860585197,,neither,-0.19742411620269576,0.3991214797444239,-14.561457966742534,-8.0420201869019,,no_obv_signal,1173975356.0221741,-19.216841224860445,-11.419593904021786,-7.797247320838659,0.0,0.0,43.57526950157353,62.07967090643688,-18.50440140486335,0.0,1183.7358385155867,-1.0,1122.0810690153307,-1.0,1.0,988.4148254017477,1130.9753252202079,1149.1508992105066,0.0,5.5942403277999775,0.0,-3.5525849108694163,27.67896702121999,,,,^CNXFIN,-14.628297362110313,0.0,1.0,1.019308272979478,28.57142857142857,0.41779433570421104,0.0,151.01001064832496,134.05031750288856,16.959693145436404,906.0956186654765,692.7491748224764,1.0,NAM-INDIA,Nippon Life India Asset Management Ltd.,Financial Services,NAM-INDIA.NS,26.133511783956152,28.34914390634127,40.023136631516785,0.01617036620492194,ok,30.69139966273188,-4.662379421221866,35.35377908395375,3.809240182475329,4.742797186932849,-0.9335570044575201,ok,1.7459516648376974,,,,,,missing,True,33.30506135081016,9.96,15.2,30.0,57.99999999999999,28.96351840524305,Exit Candidate,5.0,2.5,0.0,0.0,0.0,0.0,0.9960000000000001,0.0,10.0,18.496000000000002,Below Watchlist,,,,,,🟢,5.5942403277999775,57.99999999999999,0,,0.0,0.0,,10,🟢,50.0,0,,0.0,0.0,,,16.8,,9.950000000000001,7.340000000000001,,,,,,,,,31-MAR-2026,ok,,,,,10.0,,NSE500
GPIL.NS,221.35000610351562,398026473.0,-0.05393979676812698,0.03863138192395315,0.08846991162443495,74.92890018317658,0.0,0.0,0.0027356060292315224,0.050345304386267886,20.009849069402726,0.0,74.92890018317658,-13.05945107278703,,neither,0.04286073633110808,0.38875861249355886,0.7142358890175259,-8.307131793382505,,no_obv_signal,332584726.47883606,-4.7784404809099215,-3.004638207226931,-1.7738022736829904,0.0,0.0,-9.168231682399465,-6.041748933336352,-3.126482749063113,0.0,241.89070120301938,-1.0,228.373438240773,-1.0,-1.0,271.21782996151813,231.14499657079236,235.49037598778986,0.0,-8.773222292431766,0.0,-10.5729907108011,-10.22682459550256,0.0,-10.5729907108011,-10.22682459550256,FALLBACK_BROAD_INDEX,-27.32924338902436,0.0,0.0,0.731297314089174,0.3968253968253968,0.41914300448681213,1.0,-4.657676830438561,-7.71549815255781,3.057821322119249,248.24987110408279,270.6016228466549,0.0,GPIL,Godawari Power & Ispat Ltd.,Capital Goods,GPIL.NS,-2.1603891033386335,0.30776882725236376,17.99535170250896,0.0763408721522823,ok,-20.909090909090917,95.55555555555557,-116.46464646464649,8.706614418699969,41.31993505638685,-32.61332063768688,ok,63.50034593976217,,,,,,missing,False,54.5451150641118,28.679999999999996,38.6,0.0,6.800000000000001,28.90953451923354,Exit Candidate,10.0,0.0,0.0,0.0,10.0,0.0,2.8679999999999994,0.0,0.0,22.868,Below Watchlist,,,,🟢,,,-8.773222292431766,6.800000000000001,0,,0.0,0.0,,0,,43.0,0,,0.0,0.0,,🟢,37.2,,1.78,5.94,,,,,,,,,31-MAR-2026,ok,,,,,0.0,,NSE500
ASHOKLEY.NS,153.44000244140625,2862258339.0,-0.15693891784303135,-0.035710972324214094,-0.002419855387597453,61.512270731827634,0.0,0.0,0.016492837640984474,0.028065024638752465,19.64924501895028,28.67052536274603,32.84174536908161,-2.701328211334131,,quiet_but_not_accelerating,-0.1378266552619661,0.175236928449993,-0.968895973212704,-7.666380308025911,,no_obv_signal,1788434890.847496,-3.4834385620227692,-2.653162696760595,-0.8302758652621742,0.0,0.0,-0.19398786890968722,0.711002422758354,-0.9049902916680412,0.0,165.73800491584026,-1.0,157.58555302421792,-1.0,-1.0,187.0815108227695,158.8359522561396,161.94541782898202,0.0,-4.314903220330479,0.0,2.7888699838912068,-6.257351248326259,0.0,2.7888699838912068,-6.257351248326259,FALLBACK_BROAD_INDEX,-26.360166617833876,0.0,0.0,0.8184320033923176,1.1904761904761905,0.4348699262556337,1.0,16.975154262956522,18.43122112709839,-1.4560668641418673,148.10311365476747,119.73227131519494,0.0,ASHOKLEY,Ashok Leyland Ltd.,Capital Goods,ASHOKLEY.NS,10.564881944425952,40.9817534866181,14.515600445562965,4.489333779909547,ok,59.4202898550725,6.9767441860465,52.443545669025994,16.101870010398358,17.92154779545391,-1.8196777850555534,ok,0.7142680463772313,,,,,,missing,False,35.60929475613967,36.239999999999995,51.4,0.0,21.6,28.8807884268419,Exit Candidate,10.0,5.0,0.0,0.0,10.0,0.0,3.6239999999999997,0.0,0.0,28.624,Below Watchlist,,,,🟢,,,-4.314903220330479,21.6,0,,0.0,0.0,,0,,27.0,0,,0.0,0.0,,🟢,34.8,,7.920000000000001,0.0,9.73,0.0,False,False,-1.8099999999999996,0.0,,,31-MAR-2026,ok,,,0.0,,10.0,,NSE500
ERIS.NS,,30845082.0,0.026353595219196804,-0.015443119594410026,0.012324866661446346,87.39823504860404,0.0,0.0,0.004631860852728455,0.035036082784640536,25.41781383057438,0.0,87.39823504860404,-12.050928948423746,,neither,-0.003446113344666831,0.09453615832479305,1.0,-10.100342297524556,,no_obv_signal,66474562.7189209,-22.999522354215514,-18.029266091160785,-4.970256263054729,0.0,0.0,-36.12296240616365,-24.26018442131796,-11.862777984845692,0.0,,-1.0,,-1.0,-1.0,1470.7152994168819,1280.4935393998196,1299.822822755634,0.0,-3.9923987933562035,0.0,-10.518444775768288,-0.8208398782227122,0.0,-20.93840937436252,-19.64206356941237,^CNXPHARMA,-26.942087593578723,0.0,0.0,0.7755658705260055,40.87301587301587,0.4987733765410791,0.0,37.010739523270104,88.19582620124216,-51.18508667797205,1362.0932620983067,1196.4673846564472,0.0,ERIS,Eris Lifesciences Ltd.,Healthcare,ERIS.NS,23.297212865875004,17.47157324192603,15.717578629493554,0.6043606044067267,ok,-50.12153621779291,181.01092896174862,-231.13246517954153,15.51795185367345,-6.068249072906392,21.586200926579842,ok,1.6180809597707142,,,,,,missing,False,63.03938226701141,15.48,22.8,0.0,23.0,28.877814680103423,Exit Candidate,10.0,0.0,0.0,0.0,0.0,0.0,1.548,0.0,0.0,11.548,Below Watchlist,,,,,,,-3.9923987933562035,23.0,0,,,,,0,,45.0,0,,,,,🟢,33.4,,18.22,0.0,,,,,,,,,31-MAR-2026,ok,,,,,10.0,,NSE500
AADHARHFC.NS,,87476050.0,-0.269712851112091,-0.08978134246491973,0.09213294807626225,64.68166786585354,0.0,0.0,-0.05496552874745704,0.1018162938059775,16.047479479404704,0.0,64.68166786585354,-15.768672345632528,,neither,-0.1227247043362892,0.41266866458910473,4.1627052301343035,-10.96280953499108,,no_obv_signal,155034719.11542207,-9.79124582758584,-8.559374561304088,-1.2318712662817521,0.0,0.0,-9.034087625592463,-1.4443090897009452,-7.589778535891518,0.0,,-1.0,,-1.0,1.0,432.4119549252617,452.80687347702076,460.59797160351974,0.0,-5.489302299692469,0.0,-11.008623523311023,-4.664688804417549,,,,^CNXFIN,-21.482477590829966,0.0,0.0,0.906003823932116,42.06349206349206,0.9631163442125374,0.0,17.519927205621002,24.613384254942982,-7.09345704932198,464.002521761496,425.71335390128405,0.0,AADHARHFC,Aadhar Housing Finance Ltd.,Financial Services,AADHARHFC.NS,21.663461622270177,26.23678632538016,12.035420064253767,2.485558070731704,ok,-9.272467902995713,10.220125786163512,-19.492593689159225,2.908100509576524,2.974238346187773,-0.06613783661124861,ok,0.6901580771149429,,,,,,missing,False,31.158583753048738,19.680000000000003,45.6,30.0,17.0,28.67357512591462,Exit Candidate,5.0,0.0,0.0,0.0,0.0,0.0,1.9680000000000004,0.0,0.0,6.968,Below Watchlist,,,,,,,-5.489302299692469,17.0,0,,,,,0,,93.0,0,,,,,🟢,35.6,,5.53,0.0,6.7,5.79,False,False,-1.17,-5.79,,,31-MAR-2026,ok,,,0.0,,0.0,,NSE500
BSE.NS,3200.0,1647970049.0,0.029313546112166574,-0.021580823587224914,0.027482487874226972,88.433649933744,0.0,0.0,-0.0335630744680078,-0.0029180230248849444,25.84652286646003,49.43636319000255,38.99728674374144,-17.00045605675925,,neither,-0.01221884698822842,0.12748611151426065,1.0,-12.23739666357211,,no_obv_signal,17355951940.118397,-61.87213251077674,-56.228427625113895,-5.643704885662842,0.0,0.0,-12.400969944710596,75.19386348767742,-87.59483343238801,0.0,3430.702851606757,-1.0,3226.935379254496,-1.0,-1.0,3839.065645382034,3213.6202196784798,3259.9082049038516,0.0,0.09312212661156316,0.0,-12.376935016860003,12.221698848559036,,,,^CNXFIN,-27.135767225815748,0.0,0.0,1.0128306127644273,32.53968253968254,0.3677896794214392,0.0,589.932573146421,585.8141761765853,4.118396969835658,2787.5455372798747,1873.8649552716918,1.0,BSE,BSE Ltd.,Financial Services,BSE.NS,76.5177447127117,124.50391712203555,40.854915703379916,0.00042409647220669535,ok,9.664082687338487,32.443531827515415,-22.77944914017693,0.16053622938132792,25.673981191222573,-25.513444961841245,ok,0.3872390613440947,,,,,,missing,True,63.28177747681039,2.28,20.4,0.0,40.2,28.53053324304312,Exit Candidate,0.0,2.5,0.0,0.0,0.0,0.0,0.22799999999999998,0.0,10.0,12.728,Below Watchlist,,,,,,,0.09312212661156316,40.2,0,,0.0,0.0,,10,🟢,81.0,0,,0.0,0.0,,🟢,18.8,,12.520000000000001,19.42,11.690000000000001,0.0,True,True,0.8300000000000001,19.42,,,31-MAR-2026,ok,🟢,🟢,10.0,,0.0,,NSE500
EIDPARRY.NS,,104444944.0,-0.10867127963682068,0.027418520535287087,-0.04313239313229495,29.20296047667818,0.0,0.0,0.014072435005726226,-0.02707469139320271,27.822450184278434,4.222366480183515,24.98059399649466,-1.057421259519431,🟢,accelerating_quiet_base,0.0274209894423589,0.060766093677730275,0.45125476697226335,-7.4357965267701776,,no_obv_signal,241004686.39552003,-22.015940453054895,-20.859093618653773,-1.1568468344011222,0.0,0.0,-32.41373203071544,-32.07717040493518,-0.3365616257802557,0.0,,-1.0,,-1.0,-1.0,837.126641905067,708.200248332322,725.9945180211744,0.0,-4.081425955590382,0.0,5.109256715087884,-10.173523084496383,,,,^CNXFMCG,-35.17618089972694,0.0,0.0,0.7756259313079655,25.396825396825395,0.4196439389180069,0.0,-3.339665879291033,38.631562079343375,-41.97122795863441,834.4032414863682,751.0589279612857,0.0,EIDPARRY,E.I.D. Parry (India) Ltd.,Fast Moving Consumer Goods,EIDPARRY.NS,9.616265867761609,-15.604739149899405,15.667407843176356,0.9753653840011316,ok,-243.93241167434715,-45.317093658126836,-198.61531801622033,-23.588106534000026,-11.259553148366717,-12.32855338563331,ok,,,,,,,missing,False,34.05103616683736,38.879999999999995,47.8,0.0,22.400000000000002,28.521310850051208,Exit Candidate,5.0,2.5,0.0,0.0,0.0,0.0,3.888,0.0,0.0,11.388,Below Watchlist,,,,,,,-4.081425955590382,22.400000000000002,0,,,,,0,,23.0,0,,,,,🟢,21.6,,16.06,0.0,,,,,,,,,31-MAR-2026,ok,,,,,0.0,,NSE500
INDIACEM.NS,303.70001220703125,913192411.0,0.0055056874426438595,0.0017960257163539078,0.027195839983442154,98.36105818846555,0.0,0.0,0.004240344608040788,0.021562463524133425,40.16148956863148,0.0,98.36105818846555,-19.453647516417007,,neither,0.002685817362752417,0.11363380424851484,0.5679742511793686,-23.693464269590137,,no_obv_signal,55892741.448065184,-13.796459014201218,-10.792311590194913,-3.0041474240063053,0.0,0.0,-17.43541323338195,-9.290360023137517,-8.145053210244434,0.0,340.0339846936895,-1.0,321.23636627831394,-1.0,-1.0,387.03912161770177,328.5134745358559,340.001986698276,0.0,-12.828564828855493,0.0,-15.227074497676373,-13.556434753868885,0.0,-15.227074497676373,-13.556434753868885,FALLBACK_BROAD_INDEX,-36.537452731391866,0.0,0.0,0.8062791153024588,22.61904761904762,0.6223129583864796,1.0,18.03860658075382,29.227147697893454,-11.188541117139632,360.9855772657537,315.1371488493484,0.0,INDIACEM,India Cements Ltd.,Construction Materials,INDIACEM.NS,-7.345490342275795,,0.29015112898966683,0.128878725062142,ok,-54.687499999999986,,,-17.02925975664347,10.266006138603197,-27.295265895246665,partial,,,,,,,missing,False,66.74637036596293,18.72,29.2,0.0,2.1999999999999997,28.477911109788877,Exit Candidate,10.0,0.0,0.0,0.0,10.0,0.0,1.8719999999999999,0.0,0.0,21.872,Below Watchlist,,,,🟢,,,-12.828564828855493,2.1999999999999997,0,,0.0,0.0,,0,,5.0,0,,0.0,0.0,,🟢,28.999999999999996,,9.74,0.01,,,,,,,,,31-MAR-2026,ok,,,,,0.0,,NSE500
PIIND.NS,2288.800048828125,-4063160.0,0.11125772710921175,-1.8847394008104905,-0.38903410958961643,15.965378698008802,0.0,0.0,-1.2196262221105694,-0.4628708715826788,-136.49420446403903,2.186868804141569,13.778509893867234,-10.10076562156732,,neither,-1.6302273201110142,2.2261089979648334,1.0494908207278422,-16.50860320046681,,no_obv_signal,635587898.4815063,-39.145476643192524,-49.51308409274078,10.36760744954826,0.0,0.0,-181.37118408020797,-166.82730937289486,-14.543874707313108,0.0,2428.8758951047325,-1.0,2376.220199502542,-1.0,-1.0,2803.2574823083983,2350.142204413409,2372.357332777062,0.0,-7.739683257651976,0.0,-5.406843385095694,-19.543040617288586,0.0,-5.406843385095694,-19.543040617288586,FALLBACK_BROAD_INDEX,-39.777786928058646,0.0,0.0,0.7792986521411254,40.07936507936508,0.3969506768849997,0.0,-309.1650515307829,-190.03530420337603,-119.12974732740685,3069.2531583949362,3278.177854176498,0.0,PIIND,PI Industries Ltd.,Chemicals,PIIND.NS,1.0809412788225226,2.4164007107237984,14.67815205279849,0.030479497796180047,ok,-35.672514619883046,-23.943661971830988,-11.728852648052058,13.774805553536382,-26.52352721251936,40.29833276605574,ok,13.319253655723163,,,,,,missing,False,34.01788254430308,12.359999999999998,95.6,0.0,9.0,28.367364763290926,Exit Candidate,0.0,0.0,0.0,0.0,0.0,0.0,1.2359999999999998,0.0,0.0,1.2359999999999998,Below Watchlist,,,,,,,-7.739683257651976,9.0,0,,0.0,0.0,,0,,25.0,0,,0.0,0.0,,,1.6,,21.81,0.0,,,,,,,,,31-MAR-2026,ok,,,,,10.0,,NSE500
SOLARINDS.NS,18650.0,21094155.0,-0.641415134566633,-0.034113760704858685,0.20039532104415064,66.95393255865567,0.0,0.0,-0.0008739814855082085,0.17688488390683887,6.264626337820824,64.40582432208987,2.5481082365657954,-0.18709692862710625,,quiet_but_not_accelerating,-0.08087235906258647,0.6260009130735601,-0.5611093898512287,1.4082975368386652,,no_obv_signal,5284767130.25,-276.6324314139856,-49.10371254992083,-227.52871886406479,0.0,0.0,1183.141510694888,1336.2697842106281,-153.12827351574015,0.0,21053.12678555757,-1.0,19725.47379104022,-1.0,1.0,18188.418689574333,19512.980409273066,19853.595123451618,0.0,16.802890363687442,0.0,10.526394990308074,43.596961249017085,0.0,10.526394990308074,43.596961249017085,FALLBACK_BROAD_INDEX,-16.94500111333779,0.0,0.0,1.5048214172890138,96.82539682539682,0.5137075403426724,0.0,2460.351611428243,2114.899257074615,345.4523543536279,14952.88215135492,11076.643405007613,1.0,SOLARINDS,Solar Industries India Ltd.,Chemicals,SOLARINDS.NS,,,,,missing,,,,,,,missing,,,,,,,missing,False,32.60387639552948,1.3199999999999998,0.4,30.0,81.2,28.285162918658845,Exit Candidate,5.0,10.0,0.0,0.0,0.0,0.0,0.13199999999999998,0.0,0.0,15.132,Below Watchlist,,,,,,,16.802890363687442,81.2,5,,0.0,0.0,,10,🟢,20.0,0,,0.0,0.0,,,60.8,,11.93,0.0,,,,,,,,,31-MAR-2026,ok,,,,,,,NSE500
JSWCEMENT.NS,112.58000183105469,176713282.0,-0.1755287265342441,-0.1491373853406111,0.673851167507663,71.90780885290107,0.0,0.0,-0.1365761394945397,0.5618027791749951,10.526851517096913,14.30454531750676,57.60326353539431,-16.248387807888676,,neither,-0.1429466264095824,2.804236717075108,1.0898860075562782,-15.41698221749288,,no_obv_signal,175440861.3111004,-3.305514197490851,-3.0988579441684356,-0.20665625332241522,0.0,0.0,-2.6006446125267786,-0.31212038893365174,-2.288524223593127,0.0,119.49760440087921,-1.0,114.66900657369261,-1.0,-1.0,133.59973987523898,115.7419198618635,118.25362505138513,0.0,-6.028247947586636,0.0,-10.29044439362865,-0.36564525870040887,0.0,-10.29044439362865,-0.36564525870040887,FALLBACK_BROAD_INDEX,-20.879888155826894,0.0,0.0,0.7099996994335654,,0.8717375737187968,,-6.2450395098791205,-5.795684219175768,-0.44935529070335267,130.3024753848256,138.13315185626607,0.0,JSWCEMENT,JSW Cement Ltd.,Construction Materials,JSWCEMENT.NS,4.66198604038881,,-4.097688034701722,0.6815435980343215,ok,161.9047619047619,50.000000000000014,111.90476190476188,16.886665597512984,12.864532208322021,4.022133389190962,ok,,,,,,,missing,False,33.997733098515376,31.080000000000002,63.2,0.0,15.4,28.205319929554612,Exit Candidate,5.0,0.0,0.0,0.0,,0.0,3.108,0.0,0.0,8.108,Below Watchlist,,,,,,,-6.028247947586636,15.4,0,,0.0,0.0,,0,,9.0,0,,0.0,0.0,,🟢,79.0,,8.04,2.94,,,,,,,,,31-MAR-2026,ok,,,,,10.0,,NSE500
AMBER.NS,6606.5,50112736.0,-0.07429830776844137,0.10255681335407947,0.05261552906135417,84.16147877731417,0.0,0.0,0.08265576360455215,0.023869901199321447,23.71643327597131,32.903225806451616,51.25825297086256,-12.264276228419657,🟢,accelerating_but_price_moved,0.10841641261233168,0.36523193854884745,0.7606761806382915,-11.208924131442776,,no_obv_signal,814859903.775,-141.94686686099794,-104.57716698373004,-37.369699877267905,0.0,0.0,-106.98747265185648,1.4055772682132712,-108.39304992006976,0.0,7339.431953638985,-1.0,7075.24416160818,-1.0,1.0,6336.1190339655695,6965.3629673173355,7088.631868907687,0.0,-4.463121479258884,0.0,-6.053786036210651,0.18964388178941416,0.0,-6.053786036210651,0.18964388178941416,FALLBACK_BROAD_INDEX,-25.286966355668643,0.0,0.0,0.7292699727045227,21.428571428571427,0.41653840772352035,1.0,603.3863343678377,760.4331157599113,-157.04678139207363,6853.568803587874,5612.783921710066,0.0,AMBER,Amber Enterprises India Ltd.,Consumer Durables,AMBER.NS,21.788543233147784,4.159418100952861,7.6970270818579545,0.6179126725108226,ok,,-125.40150770239266,,40.93708388079638,-14.679506920610349,55.61659080140673,partial,67.03726175931264,,,,,,missing,False,61.16651757205996,1.7999999999999998,2.8000000000000003,30.0,20.4,28.189955271617986,Exit Candidate,10.0,5.0,0.0,0.0,10.0,0.0,0.18,0.0,0.0,25.18,Below Watchlist,,,,🟢,,,-4.463121479258884,20.4,0,,0.0,0.0,,0,,10.0,0,,0.0,0.0,,🟢,46.400000000000006,,21.66,0.0,22.42,0.0,False,False,-0.7600000000000016,0.0,,,31-MAR-2026,ok,,,0.0,,10.0,,NSE500
ASTERDM.NS,733.9500122070312,156034068.0,-0.2348184475747527,-1.4156585857354933,-0.08323134768061165,0.0,0.0,0.0,-1.0288571469165528,-0.26329370298683086,-25.391336229751232,59.36797452606311,-59.36797452606311,-6.4376313613558995,,quiet_but_not_accelerating,-1.566554154992808,0.18893365175866422,1.4462967673741887,-10.727970514857121,,no_obv_signal,908515218.1962525,-9.967681992932398,-9.560784161144282,-0.40689783178811645,0.0,0.0,15.60486656091416,28.559145202289294,-12.954278641375133,0.0,793.0466718136579,-1.0,763.1432530612138,-1.0,1.0,689.6495215083645,753.5426218156491,760.9637023210945,0.0,6.551385156761813,0.0,1.0438002227638465,17.328555910918976,0.0,-10.217081804771855,-4.917532887819808,^CNXPHARMA,-15.608830412168013,0.0,0.0,1.0114997788755413,22.22222222222222,0.4614597370735198,1.0,96.64303353273397,93.84640816971842,2.7966253630155506,640.4654852770022,484.03804768106073,1.0,ASTERDM,Aster DM Quality Care Ltd.,Healthcare,ASTERDM.NS,16.29939201223125,-2.9719842967906973,9.711053162853297,0.48508040018706866,ok,-88.56088560885608,165.68627450980392,-254.24716011866002,10.850995449855375,-0.2850492511132101,11.136044700968586,ok,,,,,,,missing,False,5.069999999999999,14.040000000000001,58.4,30.0,60.4,28.149,Exit Candidate,0.0,5.0,0.0,0.0,10.0,0.0,1.404,0.0,0.0,16.404,Below Watchlist,,,,🟢,,,6.551385156761813,60.4,0,,0.0,0.0,,10,🟢,41.0,0,,0.0,0.0,,,2.1999999999999997,,26.450000000000003,17.18,15.93,10.31,True,True,10.520000000000003,6.869999999999999,,,31-MAR-2026,ok,🟢,🟢,10.0,,5.0,,NSE500
GODFRYPHLP.NS,1862.0,154118180.0,-0.020301301086924857,0.013979086966372492,0.13357880994980872,89.71340629512477,0.0,0.0,0.028187807103298466,0.0281023037824626,59.472030760456924,2.7444383262560055,86.96896796886877,-13.062600838465354,,neither,-0.022391496328438582,0.500288206487883,-0.3450533257925316,-11.444799474062306,,no_obv_signal,316326655.65510255,-41.92969624930356,-39.862560856831834,-2.0671353924717266,0.0,0.0,-86.28712419757767,-70.51989024284656,-15.767233954731111,0.0,2045.5360624992688,-1.0,1970.0200122355918,-1.0,-1.0,2339.0262806253136,1950.1204962272325,1981.7346557299377,0.0,-6.3147594770969535,0.0,-9.199094711924083,-4.1621949902303275,,,,^CNXFMCG,-45.90283074930031,0.0,0.0,0.5474180952884787,16.26984126984127,0.30850087511886354,1.0,94.87124556410981,234.8965127597552,-140.0252671956454,2182.1336539135054,1732.8498996533563,0.0,GODFRYPHLP,Godfrey Phillips India Ltd.,Fast Moving Consumer Goods,GODFRYPHLP.NS,21.630355819032566,30.259552459467407,30.036907411340643,0.03735086375079679,ok,-61.95034400239307,51.88550658791458,-113.83585059030764,-33.08574187608075,-1.9670867961913148,-31.11865507988944,ok,0.7982531477408752,,,,,,missing,True,60.64969220329367,11.28,36.4,0.0,14.399999999999999,28.0709076609881,Exit Candidate,10.0,0.0,0.0,0.0,10.0,0.0,1.128,0.0,10.0,31.128,Below Watchlist,,,,🟢,,,-6.3147594770969535,14.399999999999999,0,,0.0,0.0,,0,,5.0,0,,0.0,0.0,,🟢,38.0,,3.01,0.0,,,,,,,,,31-MAR-2026,ok,,,,,0.0,,NSE500
LTF.NS,271.04998779296875,1350852514.0,-0.12213394282421859,-0.027579285911579706,-0.011320722091634558,35.38580704300702,0.0,0.0,-0.019244180982451457,0.05517046421175976,15.710585455524111,34.03021602770938,1.355591015297641,-12.77554696927795,,neither,-0.03772992711735527,0.2328744344310698,22.377232677995362,-12.915666572540163,,no_obv_signal,1677606109.2932816,-8.031620407513572,-4.472207946674547,-3.5594124608390247,0.0,0.0,4.123256506637119,8.476198646971985,-4.352942140334866,0.0,304.77970700324,-1.0,285.99044198032374,-1.0,1.0,260.9295950538514,291.43559059032475,299.13816121983774,0.0,-2.7797411668124368,0.0,-4.455114010020522,8.041208701311353,,,,^CNXFIN,-19.234212496002296,0.0,0.0,1.0864124454587862,15.873015873015872,0.6517814018276672,1.0,38.31857093645695,38.11539198072279,0.20317895573415967,254.1815482969025,195.72741592439561,1.0,LTF,L&T Finance Ltd.,Financial Services,LTF.NS,17.707583267644566,22.461881926812467,,3.9415206015824307,partial,11.838006230529592,9.183673469387756,2.654332761141836,9.369495177908762,3.8333155456107875,5.536179632297975,ok,1.111588961305845,,,,,,missing,False,28.135032465052454,25.439999999999998,27.200000000000003,30.0,28.4,27.868509739515734,Exit Candidate,5.0,2.5,0.0,0.0,10.0,0.0,2.5439999999999996,0.0,0.0,20.044,Below Watchlist,,,,🟢,,,-2.7797411668124368,28.4,0,,0.0,0.0,,10,🟢,41.0,0,,0.0,0.0,,🟢,32.6,,11.540000000000001,7.630000000000001,,,,,,,,,31-MAR-2026,ok,,,,,5.0,,NSE500
MSUMI.NS,34.36000061035156,914678374.0,-0.39714159395940396,-0.272269696844368,0.20857454728562277,59.475655994689326,0.0,0.0,-0.2025608427576685,0.32385057186578087,46.235679933665864,0.4113919935719721,59.06426400111735,-13.11386047834282,,neither,-0.3117936256335442,1.017846107729663,2.1469005737983404,-15.390297724858604,,no_obv_signal,386031492.801445,-0.9877388987903757,-0.9597909510649107,-0.02794794772546494,0.0,0.0,-1.3995681720972684,-0.9180547574721059,-0.4815134146251625,0.0,36.872178147897976,-1.0,35.0907301911745,-1.0,-1.0,40.52252359428656,35.05432532356163,35.792492345110745,0.0,-6.153142776447855,0.0,-7.8116671396325055,-5.292412125247425,,,,^CNXAUTO,-33.02839743441038,0.0,0.0,0.666877349206855,3.968253968253968,0.4423220439567513,1.0,-0.4918623774849422,0.3264007235387125,-0.8182631010236547,39.64543377336969,38.47726870685622,0.0,MSUMI,Motherson Sumi Wiring India Ltd.,Automobile and Auto Components,MSUMI.NS,17.624999214461656,8.683429986033463,35.44123797574237,0.10787805893509737,ok,-12.0,8.69565217391304,-20.69565217391304,1.672685972513506,16.132791781816152,-14.460105809302647,ok,4.6248517077460365,,,,,,missing,False,25.176479598141263,37.8,69.8,0.0,14.799999999999999,27.802943879442378,Exit Candidate,5.0,0.0,0.0,0.0,10.0,0.0,3.7799999999999994,0.0,0.0,18.78,Below Watchlist,,,,🟢,,,-6.153142776447855,14.799999999999999,0,,0.0,0.0,,0,,23.0,0,,0.0,0.0,,🟢,48.6,,15.09,0.0,,,,,,,,,31-MAR-2026,ok,,,,,0.0,,NSE500
SBIN.NS,964.7000122070312,1817931258.0,-0.10000828722220031,-0.0014457439927818136,0.03929499829217266,81.93348853860847,0.0,0.0,0.04952640356793889,0.06086570366573777,16.106614444797934,33.510701886152894,48.42278665245558,-6.0570659974929715,,quiet_but_not_accelerating,-0.058205941671591,0.3668526561149668,-0.43672216426007243,-6.1027847690377275,,no_obv_signal,8264889757.39079,-16.466959593492334,-14.640847669316594,-1.8261119241757395,0.0,0.0,-4.538254108470483,5.639521525147909,-10.177775633618392,0.0,1009.0222434316985,-1.0,977.8442690046369,-1.0,-1.0,1090.1110771010035,981.8021970593163,995.0427087470692,0.0,-3.087046485908488,0.0,-1.8495118156940937,-5.191025856650278,,,,^CNXFIN,-20.012314716252924,0.0,0.0,0.8312741871755314,10.714285714285714,0.4610280804885103,1.0,83.96031021472015,88.6889692235732,-4.728659008853043,934.5844405975969,786.922327523492,0.0,SBIN,State Bank of India,Financial Services,SBIN.NS,,,,,missing,,,,,,,missing,,,,,,,missing,False,49.04672098851296,16.680000000000003,37.8,0.0,27.0,27.770016296553887,Exit Candidate,10.0,0.0,0.0,0.0,10.0,0.0,1.6680000000000004,0.0,0.0,21.668,Below Watchlist,,,,🟢,,,-3.087046485908488,27.0,0,,0.0,0.0,,0,,37.0,0,,0.0,0.0,,🟢,47.199999999999996,,13.29,0.0,,,,,,,,,31-MAR-2026,ok,,,,,,,NSE500
INTELLECT.NS,613.25,198479600.0,-0.05836162995039271,0.005864120479750502,0.04045602648732768,88.2064523353906,0.0,0.0,0.017673084985152167,0.05425583630677891,52.267778508917246,3.4376825652387875,84.7687697701518,-13.67623519166562,,neither,-0.009648291872438798,0.14752397757282482,-0.36585269339300897,-14.814560466346215,,no_obv_signal,190244596.98208007,-17.6791381403649,-14.028452436805013,-3.650685703559885,0.0,0.0,-35.47829825720453,-29.579923527660647,-5.898374729543882,0.0,677.8714736138395,-1.0,638.8065770717952,-1.0,-1.0,768.0896062472323,643.5458547110024,658.1257892286877,0.0,-5.441880501047957,0.0,-10.234672972435376,-5.151115211490575,0.0,-16.789101861776622,-3.2510099628454636,^CNXIT,-48.31743272693754,0.0,0.0,0.6279724791918868,9.523809523809524,0.28176764615067146,1.0,-47.960885728524204,-11.057053209290727,-36.903832519233475,793.0729075591106,791.5728205364928,0.0,INTELLECT,Intellect Design Arena Ltd.,Information Technology,INTELLECT.NS,10.837913129483368,8.933426039250092,13.675281091613362,0.05006297894676741,ok,-15.31213191990577,324.5,-339.81213191990577,-0.21841304622446486,15.810436104700129,-16.028849150924593,ok,3.1006509572362453,,,,,,missing,False,54.6922583173867,22.679999999999996,26.8,0.0,17.2,27.543677495216006,Exit Candidate,10.0,0.0,0.0,0.0,10.0,0.0,2.268,0.0,0.0,22.268,Below Watchlist,,,,🟢,,,-5.441880501047957,17.2,0,,0.0,0.0,,0,,19.0,0,,0.0,0.0,,🟢,40.8,,6.6000000000000005,25.569999999999997,,,,,,,,,31-MAR-2026,ok,,,,,0.0,,NSE500
BLUEDART.NS,4576.0,11950314.0,-0.021583153598781588,0.06022667263121966,0.03198592641301338,96.64772145123723,0.0,0.0,0.08465114942522282,0.037186425718291845,29.75644464976498,0.0,96.64772145123723,-6.116002783767072,🟢,accelerating_quiet_base,-0.006693976502201101,0.1553619386372399,-0.043713148109888696,-8.951628784607236,,no_obv_signal,59514174.114550784,-84.89049819850516,-65.20366660497682,-19.68683159352834,0.0,0.0,-135.56054531989957,-120.52660705875718,-15.033938261142396,0.0,4936.793035688053,-1.0,4795.965611174399,-1.0,-1.0,5399.441332793205,4764.358324207846,4837.67542666789,0.0,-3.4474308121639687,0.0,-1.0323141345065623,-8.652486570213236,0.0,-1.0323141345065623,-8.652486570213236,FALLBACK_BROAD_INDEX,-31.640274873020612,0.0,0.0,0.7314586299256906,29.761904761904763,0.4862713887783526,0.0,-509.8307928106151,-430.67824240347886,-79.15255040713623,5562.163106251819,6130.11958360466,0.0,BLUEDART,Blue Dart Express Ltd.,Services,BLUEDART.NS,5.889087841381002,-12.598358739862647,16.931136556786782,0.642661368842264,ok,81.1073336571151,-28.482111844390413,109.58944550150552,8.102538686769222,-5.1164488664488665,13.218987553218088,ok,,,,,,,missing,False,67.52670250793302,11.88,5.800000000000001,0.0,25.2,27.28401075237991,Exit Candidate,10.0,0.0,0.0,0.0,0.0,0.0,1.188,0.0,0.0,11.188,Below Watchlist,,,,,,,-3.4474308121639687,25.2,0,,0.0,0.0,,0,,14.0,0,,0.0,0.0,,🟢,49.0,,10.91,3.42,,,,,,,,,31-MAR-2026,ok,,,,,15.0,🟢,NSE500
NH.NS,1789.9000244140625,82979342.0,-0.031438725378072,-0.05235819340933368,-0.010727883479204097,37.988677948890384,0.0,0.0,-0.07154004028637176,-0.004220406399035023,9.203272813861641,39.316702391128395,-1.3280244422380107,-9.019259520322255,,neither,-0.002013556663732531,0.1025118345108175,1.0,-11.79282143288124,,no_obv_signal,389581795.297229,-14.459208206019639,-6.086546366778229,-8.37266183924141,0.0,0.0,5.37435563986628,21.74931125881366,-16.37495561894738,0.0,1964.7885998207503,-1.0,1882.4366799853015,-1.0,1.0,1702.7454383921427,1858.5909019036617,1872.4044135495553,0.0,1.182228883909216,0.0,-0.6252271451450242,10.201318549210425,0.0,-11.700103497425918,-10.693409926312258,^CNXPHARMA,-13.95952591443002,0.0,1.0,0.9597292403993423,75.39682539682539,0.6541007504104189,0.0,151.1169588273924,173.5074683241867,-22.390509496794294,1750.5711304556853,1431.4852279472,0.0,NH,Narayana Hrudayalaya Ltd.,Healthcare,NH.NS,20.501471697314354,9.940118276532006,11.388547848288443,1.290976841078907,ok,-7.441016333938297,76.60256410256409,-84.04358043650238,3.4631734216051626,20.576523473272683,-17.11335005166752,ok,4.620903466354453,,,,,,missing,False,33.396037282111635,10.799999999999999,14.000000000000002,30.0,45.0,27.028811184633486,Exit Candidate,0.0,2.5,0.0,0.0,0.0,0.0,1.0799999999999998,0.0,0.0,3.58,Below Watchlist,,,,,,🟢,1.182228883909216,45.0,0,,0.0,0.0,,0,,48.0,0,,0.0,0.0,,,15.2,,7.24,9.98,,,,,,,,,31-MAR-2026,ok,,,,,0.0,,NSE500
BANKBARODA.NS,227.67999267578125,2683301674.0,-0.021535278766947785,-0.06598689315251782,-0.005393023806315256,34.15302444918772,0.0,0.0,-0.0679824529461244,-0.02533573385180863,22.755127214536316,0.20740117675025072,33.945623272437466,-16.417034589838252,,neither,-0.080889268883848,0.14825317812239208,1.9117842700391252,-6.150046600315462,,no_obv_signal,1495402572.4991958,-3.166513665204093,-2.8313790030531365,-0.33513466215095633,0.0,0.0,-8.668493338257036,-6.7158618678899815,-1.9526314703670549,0.0,239.6716176523905,-1.0,233.16343308540635,-1.0,-1.0,261.1721174857799,232.75528064828146,235.17057690428203,0.0,-7.31054514607969,0.0,-12.020322493305313,-12.69156003389278,,,,^CNXFIN,-27.556152925032464,0.0,0.0,0.6437896808379137,4.365079365079365,0.5496170632270052,1.0,9.691278111867888,16.41437726903474,-6.723099157166853,247.43256266758428,213.36560613976482,0.0,BANKBARODA,Bank of Baroda,Financial Services,BANKBARODA.NS,10.301515106467974,10.014044565535185,,0.9362656457792757,partial,-69.25133689839572,6.552706552706565,-75.80404345110229,4.182915225723976,-1.0365123076178142,5.21942753334179,ok,0.6866779905959506,,,,,,missing,False,32.8835585572157,31.92,60.0,0.0,11.4,26.959067567164713,Exit Candidate,0.0,0.0,0.0,0.0,10.0,0.0,3.192,0.0,0.0,13.192,Below Watchlist,,,,🟢,,,-7.31054514607969,11.4,0,,0.0,0.0,,0,,80.0,0,,0.0,0.0,,🟢,13.8,,10.459999999999999,0.0,,,,,,,,,31-MAR-2026,ok,,,,,5.0,,NSE500
DCMSHRIRAM.NS,907.7999877929688,40309055.0,-0.05633432362831018,0.06779097994641262,0.05262576025538639,92.05735187878045,0.0,0.0,0.13213343911750172,0.0805742316672867,73.98491742757795,0.0,92.05735187878045,-9.400277195017415,,neither,-0.010995075802207752,0.2664656462817759,-0.04367751566339957,-12.196540636756236,,no_obv_signal,64353319.0329834,-20.840086733423277,-14.065839749627948,-6.774246983795329,0.0,0.0,-38.59847258746004,-31.770563733968743,-6.827908853491294,0.0,993.6537598458096,-1.0,957.0800626492963,-1.0,-1.0,1145.0960337488134,965.4128852878229,984.0800239607876,0.0,-8.669307641598435,0.0,-6.493232328172094,-11.903493548699373,0.0,-6.493232328172094,-11.903493548699373,FALLBACK_BROAD_INDEX,-31.076141949440995,0.0,0.0,0.6501734130369061,3.968253968253968,0.5689584499059475,1.0,-11.711300395965964,22.175001857223105,-33.88630225318907,1078.0533986344847,1047.5934683588748,0.0,DCMSHRIRAM,DCM Shriram Ltd.,Diversified,DCMSHRIRAM.NS,5.450474868466704,-2.1463642579355846,11.13998304214661,0.3790432276059165,ok,87.34711092366089,74.46651949963208,12.880591424028808,11.887132784217764,-16.231644402648964,28.11877718686673,ok,,,,,,,missing,False,62.600073157573156,21.0,17.2,0.0,7.000000000000001,26.610021947271942,Exit Candidate,10.0,0.0,0.0,0.0,10.0,0.0,2.1,0.0,0.0,22.1,Below Watchlist,,,,🟢,,,-8.669307641598435,7.000000000000001,0,,0.0,0.0,,0,,1.0,15,🟢,0.0,0.0,,🟢,65.2,,1.1199999999999999,0.0,,,,,,,,,31-MAR-2026,ok,,,,,15.0,🟢,NSE500
ZEEL.NS,74.13999938964844,1848894783.0,-0.1777559815776954,-0.19369339899563812,0.43296675045637717,69.95634903385266,0.0,0.0,-0.0492068127827098,0.4754431424830774,27.271606858389255,15.8812381241423,54.07511090971036,-26.662786613635923,,neither,-0.28704978221415234,1.381192370977868,-1.2878548542546868,-33.73081613020015,,no_obv_signal,1332328447.8088813,-4.905713656658165,-4.983022590734262,0.07730893407609685,1.0,0.0,-3.4943885480951735,-0.09260231775023409,-3.4017862303449395,0.0,83.98845267577028,-1.0,77.75181807619074,-1.0,-1.0,103.72273921315161,77.74158542815368,81.35147483786783,0.0,-13.751041707286689,0.0,-25.436221701842708,3.958503496314436,,,,^CNXMEDIA,-34.41783915479219,0.0,0.0,0.9221506581526838,48.80952380952381,0.8392945038739631,0.0,-17.160612050220095,-20.14911458090214,2.9885025306820445,102.71282413905328,143.975032382584,0.0,ZEEL,Zee Entertainment Enterprises Ltd.,Media Entertainment & Publication,ZEEL.NS,,,,,missing,,,,,,,missing,,,,,,,missing,False,32.63472216184843,27.840000000000003,72.8,0.0,1.4000000000000001,26.48841664855453,Exit Candidate,5.0,2.5,10.0,0.0,0.0,0.0,2.7840000000000003,0.0,0.0,20.284,Below Watchlist,,,🟢,,,,-13.751041707286689,1.4000000000000001,0,,0.0,0.0,,0,,5.0,0,,0.0,0.0,,🟢,79.2,,4.859999999999999,0.0,,,,,,,,,31-MAR-2026,ok,,,,,,,NSE500
VOLTAS.NS,,114328729.0,-0.02862434183284285,-0.18978523355623433,0.002293361862698327,41.46365940264493,0.0,0.0,-0.10454589200550972,0.021435854131628632,21.800325591326413,7.616142271301658,33.84751713134327,-12.37073952675759,,neither,-0.21258697263428716,0.2855198985458151,2.8913681811306575,-14.82897977892198,,no_obv_signal,746256789.6892395,-29.346741906769466,-31.744028856993932,2.3972869502244656,0.0,0.0,-56.851148145565276,-40.70139885920263,-16.14974928636265,0.0,,-1.0,,-1.0,-1.0,1356.5427639030013,1130.52178390688,1150.5117789343456,0.0,-6.604311102827868,0.0,-7.932219833550214,-16.42435633698307,0.0,-7.932219833550214,-16.42435633698307,FALLBACK_BROAD_INDEX,-27.043675524206996,0.0,0.0,0.7197912392681999,6.746031746031746,0.6414046207553348,1.0,-12.065637821564906,21.78710529388912,-33.852743115454025,1307.9770615318662,1262.4195891140866,0.0,VOLTAS,Voltas Ltd.,Consumer Durables,VOLTAS.NS,,,,,missing,,,,,,,missing,,,,,,,missing,False,31.12228079092572,10.92,85.8,0.0,12.4,26.25068423727772,Exit Candidate,5.0,0.0,0.0,0.0,10.0,0.0,1.092,0.0,0.0,16.092,Below Watchlist,,,,🟢,,,-6.604311102827868,12.4,0,,,,,0,,13.0,0,,,,,🟢,14.6,,14.7,0.0,,,,,,,,,31-MAR-2026,ok,,,,,,,NSE500
360ONE.NS,,31597860.0,-0.3492052203328158,-0.6455073016762636,-0.008310652899402646,23.636130065897728,0.0,0.0,-0.40887798386228447,0.07197636610466678,-3.805209452741151,42.33049760041061,-18.69436753451288,-4.1108503230752325,,quiet_but_not_accelerating,-0.7645722384891479,0.5012702687991323,3.709615615406885,-8.565930730840044,,no_obv_signal,978078673.0770019,-23.2681094591112,-22.057321731377936,-1.2107877277332655,0.0,0.0,0.20455319093457547,11.507649150779734,-11.303095959845159,0.0,,-1.0,,-1.0,1.0,1005.747848257101,1076.5284893905446,1095.313618614486,0.0,0.28276518695660907,0.0,1.6696650147611347,2.5511778666360563,,,,^CNXFIN,-13.636363636363635,0.0,1.0,0.9152012484106672,57.53968253968254,0.5660416422426217,0.0,69.14649987551627,86.25998885727336,-17.113488981757087,1048.5486225029676,873.0693224087695,0.0,360ONE,360 ONE WAM Ltd.,Financial Services,360ONE.NS,23.968855960451595,22.72645760655174,10.202288468872563,1.6063799177473552,ok,14.45255474452555,-12.404092071611261,26.85664681613681,10.810677455962896,0.4398300149913892,10.370847440971506,ok,1.739883033447357,,,,,,missing,False,12.362645523064204,15.96,46.400000000000006,30.0,41.8,26.130793656919263,Exit Candidate,5.0,5.0,0.0,0.0,0.0,0.0,1.596,0.0,0.0,11.596,Below Watchlist,,,,,,🟢,0.28276518695660907,41.8,0,,,,,0,,82.0,0,,,,,,4.8,,10.0,63.33,14.549999999999999,58.550000000000004,False,True,-4.549999999999999,4.779999999999994,,,31-MAR-2026,ok,,🟢,5.0,,15.0,🟢,NSE500
UPL.NS,,236459282.0,-0.2560981539712973,-0.001766547017362224,-0.12817864556790068,9.644908815722273,0.0,0.0,0.013632797409888974,-0.07727017560844257,9.390882917796684,0.0,9.644908815722273,-2.3893394464896134,🟢,accelerating_quiet_base,0.05161643281755997,0.05161643281755997,1.0,-8.80424676254351,,no_obv_signal,1219908763.1310608,-7.1267078912338775,-5.850514210526784,-1.2761936807070935,0.0,0.0,-23.32536140008483,-22.387036282104667,-0.9383251179801633,0.0,,-1.0,,1.0,-1.0,636.4359599099288,557.1927096584712,563.1233535000496,0.0,-2.6092193228554934,0.0,-0.7806451698765038,-8.29538036132832,0.0,-0.7806451698765038,-8.29538036132832,FALLBACK_BROAD_INDEX,-31.108330007870155,0.0,0.0,0.6556076325114708,4.761904761904762,0.3142640990694972,1.0,-9.534013416148923,5.6799422743670975,-15.21395569051602,619.2309548984296,626.7959433290298,0.0,UPL,UPL Ltd.,Chemicals,UPL.NS,,,,,missing,,,,,,,missing,,,,,,,missing,False,19.135718085502795,36.12,45.2,10.0,29.2,26.124715425650837,Exit Candidate,5.0,0.0,0.0,0.0,10.0,3.5,3.6119999999999997,0.0,0.0,22.112,Below Watchlist,,,,🟢,,,-2.6092193228554934,29.2,0,,,,,0,,13.0,0,,,,,,16.2,,7.23,43.1,,,,,,,,,31-MAR-2026,ok,,,,,,,NSE500
CHOLAHLDNG.NS,,32128023.0,-0.07170491795514071,-0.009684552979595626,0.04303014291609683,50.656040484510534,0.0,0.0,-0.0352512641719225,0.0067321183640119565,30.978395540319642,6.115013325349594,44.54102715916094,-15.492672781529604,,neither,-0.04493220322085022,0.5174764572301761,-3.211092190080907,-7.443285618932604,,no_obv_signal,230165036.80881348,-32.48243906063249,-23.768229231162863,-8.714209829469624,0.0,0.0,-50.98239052448321,-37.58157727992807,-13.400813244555138,0.0,,-1.0,,-1.0,1.0,1330.0152462920828,1453.8723134055822,1482.707762320115,0.0,-4.1936193571306,0.0,-11.127077414772678,-2.8798677813411278,,,,^CNXFIN,-30.936193380358727,0.0,0.0,0.7529411857600181,17.46031746031746,0.44994926554625936,1.0,22.522078158123122,89.13596804627,-66.61388988814687,1585.6234810487776,1385.6775541963293,0.0,CHOLAHLDNG,Cholamandalam Financial Holdings Ltd.,Financial Services,CHOLAHLDNG.NS,28.049773296419378,23.685107863362866,4.0944034302126004,13.61446795844482,ok,9.8139255702281,13.79781420765027,-3.9838886374221687,3.63072869814764,3.2891306923654176,0.34159800578222255,ok,0.45999448526273673,,,,,,missing,False,38.74961416957868,13.440000000000001,13.600000000000001,30.0,22.2,25.682884250873602,Exit Candidate,5.0,0.0,0.0,0.0,10.0,0.0,1.3440000000000003,0.0,0.0,16.344,Below Watchlist,,,,🟢,,,-4.1936193571306,22.2,0,,,,,0,,61.0,0,,,,,🟢,19.6,,23.62,0.13,,,,,,,,,31-MAR-2026,ok,,,,,0.0,,NSE500
INFY.NS,1015.4000244140625,-247694388.0,-1.5936155881806822,-0.44154101362273757,-0.39912916746732885,6.463498979276952,0.0,0.0,-0.28593144221568023,-0.6653903055064594,-479.21744365392084,4.5012206423133305,1.9622783369636219,1.499400203312229,,quiet_but_not_accelerating,-0.7317277976666984,1.5558678389068834,-7.175675897243576,-10.149540186690565,,no_obv_signal,8978871201.651379,-28.376014980746504,-24.877192595216176,-3.498822385530328,0.0,0.0,-58.696520775584304,-59.88249908757495,1.1859783119906453,1.0,1069.9538183154682,-1.0,1018.3138151981329,-1.0,-1.0,1200.3931284993928,1026.6696112788236,1049.9132976952478,0.0,-4.380974309096746,0.0,3.249019224655747,-13.955519163655861,0.0,-4.289953525863222,-12.231792311003542,^CNXIT,-38.60973829850485,0.0,0.0,0.8069128730212545,21.428571428571427,0.301828743600697,1.0,-114.96276852510141,-68.87732792432135,-46.08544060078006,1301.265466154874,1390.668143809216,0.0,INFY,Infosys Ltd.,Information Technology,INFY.NS,3.4419263822166313,3.582523363792678,41.655992680695334,0.0988146331493971,ok,-13.043478260869565,27.77777777777779,-40.821256038647356,0.8333333333333334,-1.1570896254167484,1.9904229587500817,ok,4.077829930614634,,,,,,missing,False,4.122224642746933,85.47999999999999,27.400000000000002,0.0,20.8,25.56266739282408,Exit Candidate,0.0,2.5,0.0,0.0,10.0,0.0,8.547999999999998,0.0,0.0,21.048,Below Watchlist,,,,🟢,,,-4.380974309096746,20.8,0,,0.0,0.0,,0,,20.0,0,,0.0,0.0,,,2.8000000000000003,,23.5,0.0,,,,,,,,,31-MAR-2026,ok,,,,,0.0,,NSE500
ICICIBANK.NS,1292.199951171875,1096981845.0,-0.3812234273334319,-0.13965299416628654,0.017267119535303597,47.38401340453437,0.0,0.0,-0.04964041465093044,0.09692730472175942,2.575322982606968,36.482989114086536,10.901024290447836,-5.243317859076035,,quiet_but_not_accelerating,-0.1527104971516765,0.6294118488169957,-10.177825212496288,-9.217371855546762,,no_obv_signal,11634407110.831757,-27.70878442029698,-21.00556392802673,-6.703220492270248,0.0,0.0,5.909482504380549,17.091591783744416,-11.182109279363868,0.0,1355.438094443086,-1.0,1317.0109507855907,-1.0,1.0,1286.384593506291,1331.4648096084768,1355.771280028277,0.0,0.8827077856590942,0.0,-1.005003305380725,5.551337038727211,,,,^CNXFIN,-11.49315402932363,0.0,1.0,0.8548842631606937,22.22222222222222,0.6091527052738687,1.0,53.6730718527383,66.6426843907775,-12.9696125380392,1311.7154123479347,1167.4421986157568,0.0,ICICIBANK,ICICI Bank Ltd.,Financial Services,ICICIBANK.NS,18.113414743381927,16.780797644876188,,0.571853421694851,partial,4.567779960707268,17.755928282244074,-13.188148321536806,7.339754476063962,1.2743181290128809,6.065436347051081,ok,1.089579672369317,,,,,,missing,False,22.784404691587028,16.2,17.4,30.0,43.4,25.195321407476108,Exit Candidate,5.0,2.5,0.0,0.0,10.0,0.0,1.62,0.0,0.0,19.12,Below Watchlist,,,,🟢,,🟢,0.8827077856590942,43.4,0,,0.0,0.0,,0,,46.0,0,,0.0,0.0,,,35.8,,27.83,0.0,,,,,,,,,31-MAR-2026,ok,,,,,5.0,,NSE500
DOMS.NS,2052.39990234375,33883454.0,-0.04143277334628763,-0.017603272777696886,0.37680855918637796,97.67240259243235,0.0,0.0,-0.017375413186896345,0.28722820022882756,99.24746771940582,0.9470578737559234,96.72534471867642,-7.856916439084682,,quiet_but_not_accelerating,-0.011648678626712696,1.1241591104891635,1.0,-8.833507714410649,,no_obv_signal,74242544.38814697,-38.660767043190845,-32.639704380127995,-6.02106266306285,0.0,0.0,-61.49564398472694,-47.56105752800742,-13.934586456719522,0.0,2182.156143327559,-1.0,2103.25544699121,-1.0,-1.0,2373.7208683372596,2094.8246911453175,2126.3560544628294,0.0,-4.987779989179789,0.0,-2.867495857346858,-4.290448080882669,,,,^CNXFMCG,-23.115876524900507,0.0,0.0,0.6505809464121072,30.952380952380953,0.5188952785069243,0.0,26.827516729254057,102.66289379403582,-75.83537706478177,2294.1976510120508,2057.3526482423795,0.0,DOMS,DOMS Industries Ltd.,Fast Moving Consumer Goods,DOMS.NS,24.425997242269393,33.93210635480051,23.48908110624103,0.11581355576470898,ok,-21.589688506981748,-2.205882352941167,-19.38380615404058,11.014379207898498,1.9907320943028488,9.023647113595649,ok,1.8154852915956614,,,,,,missing,True,56.055340907351315,12.839999999999998,19.8,0.0,18.8,25.174602272205394,Exit Candidate,5.0,0.0,0.0,0.0,0.0,0.0,1.2839999999999998,0.0,10.0,16.284,Below Watchlist,,,,,,,-4.987779989179789,18.8,0,,0.0,0.0,,0,,14.0,0,,0.0,0.0,,🟢,69.39999999999999,,16.63,7.61,,,,,,,,,31-MAR-2026,ok,,,,,5.0,,NSE500
CUMMINSIND.NS,,67989774.0,-0.07462249283125262,-0.18545455604832975,0.03904615420289422,38.832010664386324,0.0,0.0,-0.12476920596452719,-0.03276571560990101,7.951183599407715,48.43938873008508,-9.607378065698754,-11.66166991022719,,neither,-0.172365315434807,0.3378130256628293,1.5806101097551064,-10.025945144551518,,no_obv_signal,1740070841.825,-82.2647579873701,-80.35542623766361,-1.9093317497064959,0.0,0.0,14.053513344919338,124.35879090908736,-110.30527756416802,0.0,,-1.0,,-1.0,1.0,4770.08627705963,4978.960862276299,5038.724372325919,0.0,-1.1418354483066533,0.0,-8.376186017457199,8.310011968542774,0.0,-8.376186017457199,8.310011968542774,FALLBACK_BROAD_INDEX,-18.784425916509942,0.0,0.0,0.9075110569354369,13.095238095238097,0.38523937790437707,1.0,662.0021096243518,637.9353968983656,24.06671272598612,4434.186571708077,3370.4067407087464,1.0,CUMMINSIND,Cummins India Ltd.,Capital Goods,CUMMINSIND.NS,16.07224548634576,24.354308585803718,34.952411357198535,0.004307883273000156,ok,-6.188647033717453,33.656588705077,-39.84523573879445,13.894775917926566,-1.4316887540582257,15.326464671984791,ok,2.498288045650633,,,,,,missing,True,26.271203732535213,1.56,37.2,30.0,34.4,24.933361119760566,Exit Candidate,0.0,5.0,0.0,0.0,10.0,0.0,0.156,0.0,10.0,25.156,Below Watchlist,,,,🟢,,,-1.1418354483066533,34.4,0,,,,,10,🟢,35.0,0,,,,,,10.0,,12.57,0.11,,,,,,,,,31-MAR-2026,ok,,,,,10.0,,NSE500
PFC.NS,324.1000061035156,1405718224.0,0.01629666265881004,-0.12295511954237401,0.051939959782555625,50.464941305947605,0.0,0.0,-0.10329940793395083,-0.03642747942679982,23.931195910039406,0.990316703359456,49.47462460258815,-22.066120420844506,,neither,-0.0900172219189755,0.26505439748430437,1.0,-22.797419163112252,,no_obv_signal,2943370497.756569,-9.380937959549783,-8.71477557369,-0.6661623858597832,0.0,0.0,-18.03609982427696,-8.974235613446607,-9.061864210830352,0.0,345.49537907140444,-1.0,334.2450240164029,-1.0,-1.0,387.6247910614304,338.48039958444565,345.35093226018785,0.0,-11.752041521406454,0.0,-17.875144719863645,-18.054456715454137,,,,^CNXFIN,-31.310042459271862,0.0,0.0,0.6863589876348621,28.57142857142857,0.6557734942661821,0.0,10.472043469515086,21.47413522794264,-11.002091758427554,377.3097100599452,320.04789679300814,0.0,PFC,Power Finance Corporation Ltd.,Financial Services,PFC.NS,16.222961974876583,17.689224978162123,,7.620775978252149,partial,0.18859028760018456,11.221814368117466,-11.03322408051728,-7.549536401722248,-0.6428632619291308,-6.906673139793117,ok,0.26004676325157655,,,,,,missing,False,42.83272945708166,17.639999999999997,53.0,0.0,3.2,24.807818837124497,Exit Candidate,0.0,0.0,0.0,0.0,0.0,0.0,1.7639999999999998,0.0,0.0,1.7639999999999998,Below Watchlist,,,,,,,-11.752041521406454,3.2,0,,0.0,0.0,,0,,99.0,0,,0.0,0.0,,🟢,11.200000000000001,,9.29,19.64,,,,,,,,,31-MAR-2026,ok,,,,,0.0,,NSE500
GRAVITA.NS,,83697700.0,-0.14260398120577553,-0.02417416605317865,0.03733145568273183,71.43245333402285,0.0,0.0,-0.019153465210475756,0.037326570740573196,23.343714850172287,31.0701419364393,40.362311397583554,-11.312812811600882,,neither,-0.043617816359260424,0.11776399044552091,-3.8068132633956173,-6.5078228731195065,,no_obv_signal,310091080.2010803,-64.30371557818034,-51.010077929242485,-13.29363764893786,0.0,0.0,-18.939250773558342,12.347389241350934,-31.286640014909274,0.0,,-1.0,,-1.0,1.0,1448.2336803209914,1559.5704696753874,1616.194487071857,0.0,-4.042099652603973,0.0,-6.760858604875319,6.508610611094645,,,,^CNXMETAL,-21.328782915259552,0.0,0.0,0.7921180255097151,37.301587301587304,0.6175971154633859,0.0,50.742026751637695,98.2878733808296,-47.5458466291919,1625.40792403954,1345.6134105277229,0.0,GRAVITA,Gravita India Ltd.,Metals & Mining,GRAVITA.NS,15.2375024015033,23.49971818540375,18.12035288394133,0.3001676435677488,ok,15.68938193343899,-5.89112602535422,21.58050795879321,25.77680002728606,15.307697601934969,10.469102425351092,ok,1.431495804953715,,,,,,missing,True,40.53135866690799,6.6,9.8,30.0,22.6,24.3394076000724,Exit Candidate,5.0,2.5,0.0,0.0,0.0,0.0,0.66,0.0,10.0,18.16,Below Watchlist,,,,,,,-4.042099652603973,22.6,0,,,,,0,,15.0,0,,,,,🟢,27.400000000000002,,2.86,0.0,,,,,,,,,31-MAR-2026,ok,,,,,15.0,🟢,NSE500
ABFRL.NS,46.2400016784668,259534383.0,-0.38116811793038835,-0.43441548907922284,0.13167785461780418,47.903600445649545,0.0,0.0,-0.24238870718271624,0.1350316522084535,28.03265620219804,0.0,47.903600445649545,-20.35824907896351,,neither,-0.6278138327297862,0.9510721255527311,4.952552584142361,-23.2403711984032,,no_obv_signal,235735913.24350318,-1.8221391079737614,-1.7110199332339677,-0.11111917473979371,0.0,0.0,-5.2340227042734355,-4.7702070640366365,-0.463815640236799,0.0,51.16387568957827,-1.0,48.61085658990602,-1.0,-1.0,60.20099785466608,48.689940699400935,50.05371214645968,0.0,-13.526338125589149,0.0,-17.102322325907238,-17.639276382914627,,,,^CNXCONSUM,-47.44857051814246,0.0,0.0,0.6201612184334374,51.19047619047619,0.4210281315081232,0.0,-46.99350884716853,-47.879486385900016,0.8859775387314883,101.70037569610348,166.74131870777188,0.0,ABFRL,Aditya Birla Fashion and Retail Ltd.,Consumer Services,ABFRL.NS,-13.003872248883185,,-3.176687780696226,1.0598007213489842,ok,-245.08196721311478,,,1.780285709978745,-16.157747950422554,17.9380336604013,partial,,,,,,,missing,False,20.99626015597734,38.16,66.60000000000001,0.0,1.6,24.1608780467932,Exit Candidate,5.0,0.0,0.0,0.0,0.0,0.0,3.8159999999999994,0.0,0.0,8.815999999999999,Below Watchlist,,,,,,,-13.526338125589149,1.6,0,,0.0,0.0,,0,,26.0,0,,0.0,0.0,,🟢,13.200000000000001,,5.609999999999999,0.29,4.95,0.0,True,True,0.6599999999999993,0.29,,,31-MAR-2026,ok,🟢,🟢,10.0,,10.0,,NSE500
CREDITACC.NS,1216.300048828125,197065603.0,-0.013608045404868001,-0.00023826371203869724,0.13441111951605034,95.77238814774891,0.0,0.0,0.029707220614691585,0.08459168465643747,23.45657717302157,16.990195901076923,78.782192246672,-18.341722133056393,,neither,-0.012377759048563662,0.519323065878045,-0.2269336096683695,-23.637618562166885,,no_obv_signal,225023366.73809204,-50.214653429759665,-35.3958213314139,-14.818832098345766,0.0,0.0,3.7266986688155157,36.16061139894003,-32.43391273012451,0.0,1347.569605205441,-1.0,1274.7726372439884,-1.0,-1.0,1553.667464520261,1318.3896081407843,1362.2453257803772,0.0,-4.633841510224638,0.0,-10.444851673126365,6.7438692415243695,,,,^CNXFIN,-24.640641336547397,0.0,0.0,0.829909936506196,9.126984126984127,0.8155470718120201,1.0,50.44564822185566,47.955155558815136,2.490492663040527,1296.8046582718914,1186.8635100374727,1.0,CREDITACC,CreditAccess Grameen Ltd.,Financial Services,CREDITACC.NS,20.947694983651942,-1.9933225752872041,6.278724945742884,3.014585099939431,ok,45.19185220274751,34.630102040816325,10.561750161931187,11.143527258166008,7.134393811456433,4.009133446709575,ok,,,,,,,missing,False,62.24033585171212,6.24,8.0,0.0,20.0,24.120100755513636,Exit Candidate,10.0,2.5,0.0,0.0,10.0,0.0,0.624,0.0,0.0,23.124,Below Watchlist,,,,🟢,,,-4.633841510224638,20.0,0,,0.0,0.0,,10,🟢,34.0,0,,0.0,0.0,,🟢,47.4,,9.950000000000001,12.94,,,,,,,,,31-MAR-2026,ok,,,,,5.0,,NSE500
LT.NS,,156038889.0,-0.21325457674989406,-0.07032766402244783,-0.013927733733492187,37.449688441680564,0.0,0.0,-0.07142676283728285,-0.04487522132750086,2.326865277566215,42.83607825737811,-5.386389815697548,-9.574576833487104,,neither,-0.1856482324780876,0.32579346666430353,-1.6899389621430434,-4.350256519091699,,no_obv_signal,5215194497.251745,-42.493604435141606,-36.132500803161655,-6.361103631979951,0.0,0.0,-8.837819996120743,18.722966403249274,-27.560786399370016,0.0,,-1.0,,-1.0,1.0,3592.5134556243293,3867.556219990286,3903.751588843867,0.0,1.0462156536016158,0.0,-5.670058632456199,10.02882204680995,0.0,-5.670058632456199,10.02882204680995,FALLBACK_BROAD_INDEX,-13.918026467885596,0.0,1.0,0.8240626128380554,23.41269841269841,0.4153378283684215,1.0,202.5268465327681,240.380482207022,-37.853635674253894,3789.4231366170907,3295.1210708933295,0.0,LT,Larsen & Toubro Ltd.,Construction,LT.NS,16.091374613178267,15.382271021915606,14.553085125918969,1.1482959983456829,ok,-22.58397932816538,65.6678082191781,-88.25178754734348,-17.90724166696471,15.832760669393995,-33.7400023363587,ok,2.2021743702043746,,,,,,missing,False,23.5273909545882,7.56,18.4,30.0,44.4,23.99021728637646,Exit Candidate,0.0,5.0,0.0,0.0,10.0,0.0,0.756,0.0,0.0,15.756,Below Watchlist,,,,🟢,,🟢,1.0462156536016158,44.4,0,,,,,0,,7.0,0,,,,,,12.6,,20.5,0.03,,,,,,,,,31-MAR-2026,ok,,,,,0.0,,NSE500
CHOLAFIN.NS,1627.300048828125,184372517.0,-0.2898224238603142,-0.060608515608958725,0.04728960457376633,56.27092178129249,0.0,0.0,-0.007353972927796381,0.13863783316084477,7.642642313189599,46.62292267252327,9.64799910876922,-9.043512731909898,,neither,-0.1371651250419799,0.3599493852981105,-2.3024953938213812,-12.03308139078726,,no_obv_signal,2518381249.955762,-48.66743386678718,-29.138466325915147,-19.52896754087203,0.0,0.0,31.961668668965103,51.97826871974296,-20.016600050777853,0.0,1767.3140945559728,-1.0,1670.9269318225797,-1.0,1.0,1559.6683218919336,1711.093307695002,1757.3838993419793,0.0,0.6762967301018256,0.0,-3.2643803637685376,13.286488776392847,,,,^CNXFIN,-16.11855418411727,0.0,0.0,1.0017130271581316,45.63492063492063,0.5390064268973334,0.0,123.08628208401774,128.0396213701984,-4.953339286180665,1590.117104348268,1338.066055520831,0.0,CHOLAFIN,Cholamandalam Investment and Finance Company Ltd.,Financial Services,CHOLAFIN.NS,32.84731149798308,25.222354731235576,,6.949995731883487,partial,0.2593360995850475,26.42622950819673,-26.16689340861168,2.8851350789519636,10.258678780822105,-7.373543701870142,ok,1.082768254233579,,,,,,missing,False,29.25482262345237,9.12,6.0,30.0,42.8,23.92044678703571,Exit Candidate,5.0,2.5,0.0,0.0,0.0,0.0,0.9119999999999999,0.0,0.0,8.411999999999999,Below Watchlist,,,,,,,0.6762967301018256,42.8,0,,0.0,0.0,,0,,90.0,0,,0.0,0.0,,,50.4,,14.979999999999999,0.0,,,,,,,,,31-MAR-2026,ok,,,,,0.0,,NSE500
INDIANB.NS,795.25,337956619.0,-0.1165409964295159,-0.014120862582732652,-0.1101088530376894,11.731939496948153,0.0,0.0,0.012427769462431905,-0.16149475054985965,-1.056317648273616,32.81175094530484,-21.079811448356686,-2.6204645532725945,🟢,accelerating_quiet_base,-0.0571803776000201,0.1649169491389476,-0.6752797730270031,-4.93126120741183,,no_obv_signal,802976964.8528564,-14.304395179256858,-8.866206886750074,-5.4381882925067835,0.0,0.0,0.054015320194253036,6.887042896963383,-6.83302757676913,0.0,853.2366000862689,-1.0,819.9170331733886,-1.0,1.0,782.8211547182073,827.2062127963497,840.7860108026302,0.0,-3.2401026826594594,0.0,2.898204917215197,-4.275760180298693,,,,^CNXFIN,-18.088755052902236,0.0,0.0,0.7403534002552604,1.5873015873015872,0.47658477316408854,1.0,96.09816887229022,105.71438959627986,-9.616220723989642,754.977115044811,577.4371048592959,0.0,INDIANB,Indian Bank,Financial Services,INDIANB.NS,10.42005533608592,28.06677638366586,,0.4598357105386151,partial,5.7724957555178396,0.8561643835616408,4.916331371956199,4.563026391230091,2.0366533634341324,2.5263730277959584,ok,0.3268711687651867,,,,,,missing,False,21.876178823931852,20.88,21.0,30.0,25.8,23.758853647179556,Exit Candidate,5.0,2.5,0.0,0.0,10.0,0.0,2.088,0.0,0.0,19.588,Below Watchlist,,,,🟢,,,-3.2401026826594594,25.8,0,,0.0,0.0,,0,,44.0,0,,0.0,0.0,,,10.4,,13.69,0.0,,,,,,,,,31-MAR-2026,ok,,,,,0.0,,NSE500
UBL.NS,1210.199951171875,21400380.0,-0.21638509740586814,-0.08837211405382653,0.0022857398936595133,20.635207473170137,0.0,0.0,0.018078779151456115,-0.005437810232234288,16.391430407014173,0.0,20.635207473170137,-8.839816700498638,🟢,accelerating_but_price_moved,-0.10278979297862344,0.20983997571091517,-0.9811938792169681,-14.09559933477097,,no_obv_signal,185632551.19302368,-26.998493882665798,-28.370221887061014,1.3717280043952158,0.0,0.0,-65.28724751207915,-61.84761139439091,-3.439636117688238,0.0,1306.9315248721923,-1.0,1248.4608830867726,-1.0,-1.0,1420.0034295161704,1236.7886978653464,1256.0339468965499,0.0,-9.936204586442422,0.0,-2.872047215269591,-21.35138563910539,,,,^CNXFMCG,-33.77103600201426,0.0,0.0,0.9934233170188533,85.31746031746032,0.4295818607078053,0.0,-139.79185940650882,-84.63283467768593,-55.159024728822885,1562.0657310921388,1644.6544934646095,0.0,UBL,United Breweries Ltd.,Fast Moving Consumer Goods,UBL.NS,,,,,missing,,,,,,,missing,,,,,,,missing,False,16.772322615609546,27.599999999999998,83.2,0.0,4.8,23.751696784682863,Exit Candidate,5.0,0.0,0.0,0.0,0.0,0.0,2.76,0.0,0.0,7.76,Below Watchlist,,,,,,,-9.936204586442422,4.8,0,,0.0,0.0,,0,,27.0,0,,0.0,0.0,,🟢,26.200000000000003,,16.939999999999998,4.9399999999999995,,,,,,,,,31-MAR-2026,ok,,,,,,,NSE500
RECLTD.NS,292.45001220703125,1713891732.0,-0.0862778607659351,-0.04138628036558116,0.021046191843911814,29.685315192433603,0.0,0.0,-0.017388280910924998,0.0075870489900230235,17.567021498072386,0.0,29.685315192433603,-18.32531388027889,,neither,-0.0617637493253715,0.17005209319825332,-3.1163897757559456,-21.23230686302118,,no_obv_signal,1852272748.546512,-7.25708585419909,-7.016446616746601,-0.2406392374524895,0.0,0.0,-10.61720280257282,-5.291650292906599,-5.32555250966622,0.0,316.4773286488618,-1.0,306.9262592331431,-1.0,-1.0,349.1245295947079,306.7570071449602,312.0186237138822,0.0,-7.596028021083852,0.0,-14.174042473687932,-8.88163766757164,,,,^CNXFIN,-22.490541834109735,0.0,0.0,0.7547188239491563,32.53968253968254,0.928999330302492,0.0,-5.820969233333926,3.5912435027988616,-9.412212736132787,348.53471904003584,310.61632112541525,0.0,RECLTD,REC Ltd.,Financial Services,RECLTD.NS,14.35447949751043,13.454875582597126,,6.051716659959196,partial,25.453112687155244,-17.543859649122815,42.99697233627806,-17.36512537562324,-1.5508103879505064,-15.814314987672734,ok,0.4010919808861074,,,,,,missing,False,27.24986031735176,23.4,62.4,0.0,9.4,23.62495809520553,Exit Candidate,5.0,0.0,0.0,0.0,0.0,0.0,2.34,0.0,0.0,7.34,Below Watchlist,,,,,,,-7.596028021083852,9.4,0,,0.0,0.0,,0,,92.0,0,,0.0,0.0,,🟢,22.6,,9.02,0.0,,,,,,,,,31-MAR-2026,ok,,,,,10.0,,NSE500
BAJAJFINSV.NS,1742.4000244140625,154605527.0,-0.16037082574963912,0.036587959485076454,0.00150050096678023,70.14932063357385,0.0,0.0,0.07207619670778503,0.0630840481400907,19.92430308805737,20.573928444964416,49.575392188609435,-2.1233528701609883,,quiet_but_not_accelerating,-0.02371223107711602,0.1908359258586827,-0.15708125752437488,-14.129414746510239,,no_obv_signal,1196527678.3087585,-55.38644268962139,-41.19040074550956,-14.196041944111833,0.0,0.0,-3.916601054604371,10.933577703941497,-14.850178758545868,0.0,1852.0358109076483,-1.0,1777.2657252188126,-1.0,-1.0,2006.0243828921944,1806.2156172055566,1855.49814856378,0.0,-0.7428658958112991,0.0,4.491325847490568,2.9703711080907302,,,,^CNXFIN,-19.88023803533843,0.0,0.0,0.9039869120269148,39.285714285714285,0.6502199279565581,0.0,30.02045367552114,51.95525762024887,-21.934803944727733,1867.839898309154,1791.917125831563,0.0,BAJAJFINSV,Bajaj Finserv Ltd.,Financial Services,BAJAJFINSV.NS,22.919447792690484,15.161158100432036,,4.638108006576905,partial,23.35443037974682,14.492753623188406,8.861676756558413,10.085044299194655,2.6459673599646836,7.439076939229971,ok,2.088722892421892,,,,,,missing,False,47.44226222175085,12.0,8.4,0.0,36.6,23.38267866652525,Exit Candidate,10.0,5.0,0.0,0.0,0.0,0.0,1.2,0.0,0.0,16.2,Below Watchlist,,,,,,,-0.7428658958112991,36.6,0,,0.0,0.0,,0,,62.0,0,,0.0,0.0,,🟢,52.0,,8.35,0.0,8.459999999999999,0.0,False,False,-0.10999999999999943,0.0,,,31-MAR-2026,ok,,,0.0,,5.0,,NSE500
AXISBANK.NS,1212.0999755859375,262359654.0,-0.2576564137585399,0.02018084225502803,-0.07536005867461261,39.48673039822809,0.0,0.0,-0.10883768711402082,-0.17621716375822016,-13.79103803871741,30.00545553737043,9.48127486085766,-9.85845463461008,,neither,-0.04830046879463629,0.7423851763398636,-0.4489360226873909,-1.4152114204198818,,no_obv_signal,5815529458.569318,-10.340733267998075,-6.607642193577396,-3.7330910744206793,0.0,0.0,-13.246698893068697,-5.165810474163791,-8.080888418904905,0.0,1274.0636650002457,-1.0,1226.4589209495562,-1.0,-1.0,1364.2175973219378,1225.5537733330505,1234.8185302838237,0.0,-0.7850485304434401,0.0,-5.754803113678442,1.7650758756194262,,,,^CNXFIN,-13.539931450328915,0.0,1.0,0.9281405154950465,33.33333333333333,0.688950859666232,0.0,54.015874022270964,61.6223002373582,-7.6064262150872395,1220.1138728854955,1105.4845457686877,0.0,AXISBANK,Axis Bank Ltd.,Financial Services,AXISBANK.NS,12.160508731062091,34.605620932767664,,1.304486076359073,partial,0.32881216605015146,8.277703604806407,-7.948891438756255,4.238502686400477,-0.22751024383979046,4.466012930240268,ok,0.4020797091614902,,,,,,missing,False,32.38035563937983,18.96,26.0,0.0,36.199999999999996,22.83610669181395,Exit Candidate,0.0,2.5,0.0,0.0,0.0,0.0,1.8960000000000001,0.0,0.0,4.396,Below Watchlist,,,,,,🟢,-0.7850485304434401,36.199999999999996,0,,0.0,0.0,,0,,95.0,0,,0.0,0.0,,,6.2,,34.11,0.0,33.0,0.0,True,False,1.1099999999999994,0.0,,,31-MAR-2026,ok,🟢,,5.0,,0.0,,NSE500
FORCEMOT.NS,,22083386.0,-0.0055808949944916595,0.02136462050753464,0.04621732710022429,88.05592206844277,0.0,0.0,0.018117168194593785,0.008672339252742927,33.7921441025235,17.62292418436666,70.43299788407612,-3.7943921598231456,🟢,accelerating_quiet_base,-0.012317486358656211,0.23081408679619936,-0.3290888516624513,-2.6640426396241534,,no_obv_signal,1196033202.3333008,-150.20037384152238,-132.29470923110625,-17.905664610416125,0.0,0.0,-579.606043824886,-489.2351566554834,-90.37088716940258,0.0,,-1.0,,-1.0,-1.0,20577.77922865778,17350.921026595344,17469.40906682333,0.0,-6.208085249164223,0.0,-1.5332722652288022,-17.016269637260283,,,,^CNXAUTO,-33.47048257988508,0.0,0.0,0.5045648786281824,0.7936507936507936,0.22549598893702746,1.0,2718.4680998816784,3305.4821842928677,-587.0140844111893,16327.586273580964,11373.067961477707,0.0,FORCEMOT,Force Motors Ltd.,Automobile and Auto Components,FORCEMOT.NS,22.055654458244756,108.5184639270651,33.80499540429926,0.0,ok,-22.24062071249467,-31.422360651482713,9.181739938988041,-4.307329087315283,19.791784116961704,-24.09911320427699,ok,0.17059648957473666,,,,,,missing,True,63.61957272395496,2.1599999999999997,7.000000000000001,0.0,14.6,22.757871817186487,Exit Candidate,10.0,0.0,0.0,0.0,10.0,0.0,0.21599999999999997,0.0,10.0,30.216,Below Watchlist,,,,🟢,,,-6.208085249164223,14.6,0,,,,,0,,12.0,0,,,,,🟢,29.599999999999998,,0.98,10.93,,,,,,,,,31-MAR-2026,ok,,,,,0.0,,NSE500
GODREJPROP.NS,,92524765.0,-0.10118469148817548,-0.06995482311344285,0.049677370918041724,81.52987302000739,0.0,0.0,-0.0377162234973465,0.0741910498287092,23.489113448050674,24.33113267082296,57.198740349184426,-8.318049659317728,,neither,-0.08225213862453185,0.3687873177686607,-35.568317765928384,-20.89629418362605,,no_obv_signal,1197869133.0605712,-84.42654611170337,-82.08204874838843,-2.344497363314943,0.0,0.0,-19.76713497917035,18.522099261288766,-38.289234240459116,0.0,,-1.0,,-1.0,-1.0,2065.8431760397125,1711.2688990812967,1777.1077547136592,0.0,-3.312690780148245,0.0,-4.256116257866305,6.594377030641496,,,,^CNXREALTY,-27.687312775507383,0.0,0.0,0.8672104006808028,32.53968253968254,0.5827597395456403,0.0,-103.00271254449467,-88.26106934396473,-14.741643200529936,1969.1905823433988,2039.1302190950296,0.0,GODREJPROP,Godrej Properties Ltd.,Realty,GODREJPROP.NS,32.3778659591867,47.943315424518175,11.142493379324897,0.8297385508317698,ok,-46.15384615384615,233.02469135802463,-279.1785375118708,-85.3628984451134,593.9019985552613,-679.2648970003747,ok,0.8011327890010228,,,,,,missing,False,42.58545555700258,5.04,34.0,0.0,25.6,22.723636667100774,Exit Candidate,5.0,2.5,0.0,0.0,0.0,0.0,0.504,0.0,0.0,8.004,Below Watchlist,,,,,,,-3.312690780148245,25.6,0,,,,,0,,11.0,0,,,,,🟢,33.0,,5.45,0.0,,,,,,,,,31-MAR-2026,ok,,,,,0.0,,NSE500
ACC.NS,1202.5999755859375,73671172.0,-0.03514807248728243,-0.04904392843402966,-0.05705662654172611,0.0,0.0,0.0,-0.016776895191450918,-0.034864755966498795,23.796233193780303,0.0,0.0,-9.38818415988636,,neither,-0.061201881542810775,0.056216984829091564,-15.587680903300974,-11.404158394276308,,no_obv_signal,176784690.41724855,-21.821566461585007,-20.928949983764056,-0.8926164778209511,0.0,0.0,-67.54820408644377,-65.41728713710229,-2.130916949341483,0.0,1275.8025007627405,-1.0,1234.7040012619066,-1.0,-1.0,1380.3309558320634,1232.6377780588443,1248.785635141422,0.0,-5.1025448978323835,0.0,-4.9258228296712,-9.46970879485578,0.0,-4.9258228296712,-9.46970879485578,FALLBACK_BROAD_INDEX,-36.79477215461605,0.0,0.0,0.7557519734737743,30.952380952380953,0.286741486115778,0.0,-219.0490441735733,-181.05360928338322,-37.99543489019007,1601.4523776353317,1853.8491371620853,0.0,ACC,ACC Ltd.,Construction Materials,ACC.NS,12.866731709463487,48.739587000719276,10.423759886857683,0.026265489860607068,ok,-38.30963665086888,-41.03400093153237,2.7243642806634867,-18.730796817166752,11.473642541193554,-30.204439358360304,ok,0.26473745047961894,,,,,,missing,False,20.169999999999998,31.56,50.8,0.0,17.8,22.653,Exit Candidate,0.0,0.0,0.0,0.0,0.0,0.0,3.1559999999999997,0.0,0.0,3.1559999999999997,Below Watchlist,,,,,,,-5.1025448978323835,17.8,0,,0.0,0.0,,0,,10.0,0,,0.0,0.0,,🟢,17.0,,8.01,0.0,7.95,0.0,True,False,0.05999999999999961,0.0,,,31-MAR-2026,ok,🟢,,5.0,,0.0,,NSE500
FORTIS.NS,822.0,173705670.0,-0.2562358044437691,-0.14770274425198077,-0.003573733834058868,52.50377347343237,0.0,0.0,-0.14433099280813827,-0.03956255684677529,27.059374678011633,11.037370050320698,41.46640342311167,-14.010971996393318,,neither,-0.10652407625007686,0.3059870856694954,1.0281676679918001,-13.015873015873014,,no_obv_signal,978339463.3041137,-19.675910784497773,-13.496806670701684,-6.17910411379609,0.0,0.0,-14.606689640266495,0.7690392449060637,-15.37572888517256,0.0,889.2447096500875,-1.0,851.997984912441,-1.0,1.0,812.8486349523275,862.4932284974918,879.7032393144516,0.0,-3.842401994295072,0.0,-8.73007594860602,1.8183300843516603,0.0,-18.90170295727971,-17.48694129489823,^CNXPHARMA,-25.05037027242354,0.0,0.0,0.8807908573168725,17.857142857142858,0.5347708125897407,1.0,89.18552255308703,108.91088704707728,-19.725364493990256,831.8326478222341,655.3190731174029,0.0,FORTIS,Fortis Healthcare Ltd.,Healthcare,FORTIS.NS,13.348227358631547,20.9536295892385,11.900987012033653,0.3509238473161793,ok,0.284090909090903,36.96498054474709,-36.680889635656186,7.627279916436542,4.399980574037201,3.2272993423993412,ok,3.1564140101993474,,,,,,missing,False,25.726320715701327,11.52,19.0,30.0,24.0,22.471896214710394,Exit Candidate,0.0,2.5,0.0,0.0,10.0,0.0,1.152,0.0,0.0,13.652,Below Watchlist,,,,🟢,,,-3.842401994295072,24.0,0,,0.0,0.0,,0,,43.0,0,,0.0,0.0,,🟢,8.6,,25.72,25.97,,,,,,,,,31-MAR-2026,ok,,,,,0.0,,NSE500
EICHERMOT.NS,,39708755.0,-0.1974515836807259,-0.07413537659937505,0.014309520098433084,43.40177126800183,0.0,0.0,0.07205170536275195,-0.009706509390899416,4.499040275253582,43.830353484583576,-0.428582216581745,-1.844349131922085,🟢,accelerating_quiet_base,-0.21962208259737065,0.35491420270582,-0.7466645023862578,-7.879445756975922,,price_not_rising,2974389116.15,-134.10581197239117,-109.74183540891546,-24.363976563475703,0.0,0.0,101.92964449157535,169.7526867088232,-67.82304221724786,0.0,,-1.0,,-1.0,1.0,7067.133227864319,7424.958770796849,7543.518986508808,0.0,2.9173843304929705,0.0,1.3061719480958356,8.263638883456824,,,,^CNXAUTO,-11.00074497144276,0.0,1.0,0.7458478958668768,1.984126984126984,0.7232517718345772,1.0,781.8287142198506,788.5624512891791,-6.733737069328527,6613.387957953838,5340.641051213819,0.0,EICHERMOT,Eicher Motors Ltd.,Automobile and Auto Components,EICHERMOT.NS,17.467525148496698,23.697524323492836,26.432207130692515,0.02047597325115587,ok,-3.616636528028933,6.963249516440994,-10.579886044469927,8.854490826095928,-0.6483517032982601,9.502842529394188,ok,1.6180851415768605,,,,,,missing,True,25.70061994380064,3.0,5.0,30.0,49.4,22.47018598314019,Exit Candidate,5.0,5.0,0.0,0.0,10.0,0.0,0.3,0.0,10.0,30.3,Below Watchlist,,,,🟢,,🟢,2.9173843304929705,49.4,0,,,,,0,,11.0,0,,,,,,39.6,,10.16,26.779999999999998,,,,,,,,,31-MAR-2026,ok,,,,,5.0,,NSE500
AMBUJACEM.NS,365.75,703645171.0,-0.04510433146244812,-0.044452488113360666,-0.007861170032378774,15.775032517452134,0.0,0.0,-0.040255651878215046,-0.009856772566365482,34.44509411695255,0.0,15.775032517452134,-13.29856709537407,,neither,-0.03412660927324456,0.0730569873617811,1.0,-15.374828859375544,,no_obv_signal,449400371.3842041,-9.3346685641838,-8.322520888329748,-1.0121476758540524,0.0,0.0,-22.440781265883345,-19.705730029917408,-2.735051235965937,0.0,392.9695169097401,-1.0,378.2027860965943,-1.0,-1.0,435.7070255929055,382.1260816512891,389.3816856335181,0.0,-7.6104943046724065,0.0,-9.120835160943885,-11.373439323507473,0.0,-9.120835160943885,-11.373439323507473,FALLBACK_BROAD_INDEX,-36.32009300481974,0.0,0.0,0.6882550981886428,10.714285714285714,0.38505207131959024,1.0,-33.756934704308435,-15.35858485285721,-18.398349851451226,475.8876707694287,483.1067280622183,0.0,AMBUJACEM,Ambuja Cements Ltd.,Construction Materials,AMBUJACEM.NS,8.860129914472825,34.61053570563997,4.603794832490659,0.01459088632814422,ok,-68.52103120759838,798.7804878048781,-867.3015190124765,-13.016173813406196,6.985497793825855,-20.00167160723205,ok,0.6627378493960202,,,,,,missing,False,25.051261381108247,29.639999999999997,49.6,0.0,9.2,22.263378414332475,Exit Candidate,0.0,0.0,0.0,0.0,10.0,0.0,2.964,0.0,0.0,12.964,Below Watchlist,,,,🟢,,,-7.6104943046724065,9.2,0,,0.0,0.0,,0,,7.0,0,,0.0,0.0,,🟢,17.4,,9.120000000000001,0.0,8.73,0.0,True,False,0.39000000000000057,0.0,,,30-JUN-2026,ok,🟢,,5.0,,0.0,,NSE500
AIAENG.NS,,8429059.0,-0.45348766561273296,-0.13918466407704627,0.3978666477922971,83.3312382314627,0.0,0.0,-0.059185801032142375,0.37948381569320894,14.461308848768041,39.57102639238075,43.760211839081954,-20.167290555234608,,neither,-0.21161478882865967,1.1092989155539297,-4.368870436493907,-16.96264009252846,,no_obv_signal,261715478.75845948,-126.77940941459747,-125.57028869311353,-1.2091207214839415,0.0,0.0,-3.8617816480236797,106.37317694363442,-110.2349585916581,0.0,,-1.0,,-1.0,-1.0,4669.969344634618,3953.9438254611273,4047.8075487437236,0.0,-2.770870403718224,0.0,-15.69646257599121,8.202159745021987,0.0,-15.69646257599121,8.202159745021987,FALLBACK_BROAD_INDEX,-24.11854895196964,0.0,0.0,0.9481497545592984,13.492063492063492,0.6466907631716914,1.0,248.93274573854342,208.3039912174546,40.62875452108881,3904.157809627084,3469.66566345237,1.0,AIAENG,AIA Engineering Ltd.,Capital Goods,AIAENG.NS,-3.446490291120441,6.350869918037394,19.93933466089837,0.0012792840405443835,ok,33.63982244768548,6.088126471577527,27.551695976107954,19.29204115315569,1.851196125223226,17.440845027932465,ok,4.962346482722343,,,,,,missing,False,34.79593338101195,1.6800000000000002,46.6,0.0,28.599999999999998,22.05478001430358,Exit Candidate,5.0,5.0,0.0,0.0,10.0,0.0,0.16800000000000004,0.0,0.0,20.168,Below Watchlist,,,,🟢,,,-2.770870403718224,28.599999999999998,0,,,,,10,🟢,50.0,0,,,,,🟢,73.0,,20.14,16.79,20.31,16.869999999999997,False,False,-0.16999999999999815,-0.0799999999999983,,,31-MAR-2026,ok,,,0.0,,20.0,🟢,NSE500
TIINDIA.NS,2413.0,35715330.0,-0.07157775667071029,0.225883094292438,0.0954354723928343,79.39407492704238,0.0,0.0,0.1251480615975696,0.018297381183568603,24.345185714261266,20.24788559703188,59.1461893300105,-20.301221150699757,🟢,accelerating_but_price_moved,0.21798205193608094,0.5818648275085941,0.7159611335473602,-12.302396082535216,,no_obv_signal,496738293.8156494,-81.40894112146361,-69.84771363788823,-11.56122748357538,0.0,0.0,-79.13439265932084,-22.43136543173861,-56.703027227582226,0.0,2612.421756615431,-1.0,2488.0353519196356,-1.0,-1.0,2987.2989501206002,2529.926726893179,2595.271579334897,0.0,-11.043729971625643,0.0,-15.791057993712654,-3.3712838281668045,,,,^CNXAUTO,-27.013655593353814,0.0,0.0,0.7414027211629134,28.174603174603174,0.6221081826114586,0.0,-119.1472883718734,-90.37856004661772,-28.76872832525568,2885.8858264938276,2829.578968225941,0.0,TIINDIA,Tube Investments of India Ltd.,Automobile and Auto Components,TIINDIA.NS,,,,,missing,,,,,,,missing,,,,,,,missing,False,63.51792622446483,3.24,11.200000000000001,0.0,3.8,21.95337786733945,Exit Candidate,10.0,0.0,0.0,0.0,0.0,0.0,0.32400000000000007,0.0,0.0,10.324,Below Watchlist,,,,,,,-11.043729971625643,3.8,0,,0.0,0.0,,0,,35.0,0,,0.0,0.0,,🟢,54.0,,14.69,0.13,,,,,,,,,31-MAR-2026,ok,,,,,,,NSE500
ADANIENSOL.NS,1305.800048828125,154509259.0,-0.1450371068105606,-0.6855453900499243,0.20730620493807353,44.85515813151966,0.0,0.0,-0.38353996937617235,0.12435250924480908,1.2434690365802865,53.08429928529925,-8.229141153779594,-12.444681007622727,,neither,-0.8237456665941643,0.6615956181613394,5.9678240826161835,-20.63935642075071,,no_obv_signal,2179667231.210437,-51.31410180703983,-49.61937582660506,-1.6947259804347752,0.0,0.0,40.22928161655841,94.42735344819162,-54.198071831633214,0.0,1430.2616461108723,-1.0,1350.0850980382932,-1.0,-1.0,1646.8130399511094,1349.4955938155217,1387.5995655819263,0.0,4.729543048898279,0.0,-7.393212222833734,31.5266543450051,0.0,-7.393212222833734,31.5266543450051,FALLBACK_BROAD_INDEX,-25.022963531633813,0.0,0.0,1.0529313264527462,33.730158730158735,0.5211482260926865,0.0,94.86861564790775,24.365420411710698,70.50319523619704,1176.8589686757011,1222.445029755516,0.0,ADANIENSOL,Adani Energy Solutions Ltd.,Power,ADANIENSOL.NS,27.69279246927516,22.022023367908904,8.432426257910722,1.9339829963889545,ok,68.18980667838312,23.69565217391306,44.49415450447006,30.467926059379813,10.604117598983603,19.86380846039621,ok,2.916797831283897,,,,,,missing,False,23.15930534603188,3.3600000000000003,39.2,0.0,56.2,21.929791603809562,Exit Candidate,5.0,5.0,0.0,0.0,0.0,0.0,0.3360000000000001,0.0,0.0,10.336,Below Watchlist,,,,,,,4.729543048898279,56.2,0,,0.0,0.0,,0,,12.0,0,,0.0,0.0,,,7.6,,6.59,0.0,8.83,0.0,False,False,-2.24,0.0,,,31-MAR-2026,ok,,,0.0,,20.0,🟢,NSE500
PREMIERENE.NS,870.0,200365678.0,-0.12171271791561672,-0.022738013940446965,0.22152554643152916,89.20147622614131,0.0,0.0,0.003403303425721358,0.14333621972739,18.831284954380617,43.12050990550569,46.08096632063562,-17.221693625118938,,neither,-0.0461768166086379,0.7011592864424676,-1.2713206689056162,-14.889455134951168,,no_obv_signal,1093206755.5381255,-33.04880685019509,-29.670450479538985,-3.378356370656107,0.0,0.0,-10.526802657099779,14.330192684034857,-24.856995341134635,0.0,968.493501205859,-1.0,912.9664405923984,-1.0,-1.0,1081.3319536033825,907.6496825938048,933.9930625991844,0.0,-7.52170964715176,0.0,-10.899713040977721,1.9958059974050313,0.0,-10.899713040977721,1.9958059974050313,FALLBACK_BROAD_INDEX,-22.126742031502708,0.0,0.0,0.9446969727315359,66.66666666666666,0.5996693421994665,0.0,-22.972775225909118,-29.15607940205644,6.183304176147324,981.1416477521655,1020.3215127140857,0.0,PREMIERENE,Premier Energies Ltd.,Capital Goods,PREMIERENE.NS,76.32071217727965,,27.884888995355407,0.860582498939113,ok,3.057199211045352,16.284403669724767,-13.227204458679415,10.415221608902467,15.173997554305165,-4.758775945402698,ok,,,,,,,missing,False,47.64051667914946,7.92,28.199999999999996,0.0,10.2,21.63615500374484,Exit Candidate,10.0,5.0,0.0,0.0,0.0,0.0,0.7919999999999999,0.0,0.0,15.792,Below Watchlist,,,,,,,-7.52170964715176,10.2,0,,0.0,0.0,,0,,53.0,0,,0.0,0.0,,🟢,54.400000000000006,,9.46,0.49,,,,,,,,,31-MAR-2026,ok,,,,,0.0,,NSE500
SUZLON.NS,39.5,11229413600.0,-0.21429794643019442,-0.13989269204647176,0.02448757719775157,21.41491464879785,0.0,0.0,-0.1590191987099059,-0.0017960843189224697,25.830938975780995,0.0,21.41491464879785,-32.93718340118399,,neither,-0.12327994472759131,0.3349924148025383,1.2527189215663672,-17.725470983231308,,no_obv_signal,2197406814.292358,-1.8303454249185478,-1.5671980651881297,-0.26314735973041814,0.0,0.0,-2.676072229229952,-1.3736940993231117,-1.3023781299068402,0.0,42.9103146880127,-1.0,40.543272209103954,-1.0,-1.0,49.30013525344063,41.541342660107794,42.99080038409932,0.0,-13.498920290252007,0.0,-27.217495096428213,-2.6594664066759033,0.0,-27.217495096428213,-2.6594664066759033,FALLBACK_BROAD_INDEX,-34.15569445770096,0.0,0.0,0.7962809319098515,53.17460317460318,0.8755898174591369,0.0,-0.001055115797846895,2.329217157260351,-2.3302722730581977,51.03900250380769,43.15884622564386,0.0,SUZLON,Suzlon Energy Ltd.,Capital Goods,SUZLON.NS,,,,,missing,,,,,,,missing,,,,,,,missing,False,15.805220127079249,34.31999999999999,61.8,0.0,2.0,21.17556603812377,Exit Candidate,0.0,0.0,0.0,0.0,0.0,0.0,3.4319999999999995,0.0,0.0,3.4319999999999995,Below Watchlist,,,,,,,-13.498920290252007,2.0,0,,0.0,0.0,,0,,63.0,0,,0.0,0.0,,🟢,9.6,,4.87,0.89,,,,,,,,,31-MAR-2026,ok,,,,,,,NSE500
TATACHEM.NS,613.8499755859375,272958556.0,-0.6337140667687223,-0.11833804676528316,0.14134879738150494,53.37465905527253,0.0,0.0,-0.06180275478165882,0.09911849896066197,42.195298275663234,11.655865044492868,41.71879401077966,-14.260777272194458,,neither,-0.1813876770889937,0.600315138855799,-4.178042576697,-8.863486495286143,,no_obv_signal,2621730506.9357576,-1.5179578170649393,3.7586400446732626,-5.2765978617382014,0.0,0.0,-26.137651335781015,-22.555536554662176,-3.5821147811188396,0.0,729.923701905961,-1.0,656.7329953903877,-1.0,-1.0,750.607014434603,654.996847792601,657.5746051845175,0.0,-1.1143327032763626,0.0,-11.315139939749042,-0.8975695021080088,0.0,-11.315139939749042,-0.8975695021080088,FALLBACK_BROAD_INDEX,-32.744766669100805,0.0,0.0,1.5679841249465285,92.85714285714286,0.6468066062313768,0.0,-78.338924819049,-63.248981700035365,-15.089943119013633,773.2288174577532,851.2781806943418,0.0,TATACHEM,Tata Chemicals Ltd.,Chemicals,TATACHEM.NS,,,,,missing,,,,,,,missing,,,,,,,missing,False,23.961130669345387,27.36,21.2,0.0,34.8,21.060339200803618,Exit Candidate,5.0,0.0,0.0,0.0,0.0,0.0,2.736,0.0,0.0,7.736000000000001,Below Watchlist,,,,,,,-1.1143327032763626,34.8,0,,0.0,0.0,,0,,22.0,0,,0.0,0.0,,🟢,33.2,,10.639999999999999,0.0,,,,,,,,,31-MAR-2026,ok,,,,,,,NSE500
MUTHOOTFIN.NS,,56231127.0,-0.1859653636046695,-0.0682867171987624,-0.1937418502736355,13.537509015373942,0.0,0.0,-0.24787920475017916,-0.28796494472935963,1.9169693111617612,2.8237701470593612,10.71373886831458,-8.645569819718812,,neither,0.13557143308290623,0.13557143308290623,1.0,-8.266027028551237,,no_obv_signal,1704894486.8950195,-40.6897692710254,-42.01126521245435,1.3214959414289495,0.0,0.0,-127.50376383075809,-108.3238348540861,-19.179928976671988,0.0,,-1.0,,-1.0,-1.0,3343.8589021980524,2819.8891225941043,2849.4051579559878,0.0,-6.557441487225314,0.0,-3.6697947265961095,-15.3737309172159,,,,^CNXFIN,-31.976022019508783,0.0,0.0,0.6982271645001312,0.7936507936507936,0.39862624798722485,1.0,302.64280819782743,400.74355832675946,-98.10075012893202,2887.9902229271715,2317.5602294150485,0.0,MUTHOOTFIN,Muthoot Finance Ltd.,Financial Services,MUTHOOTFIN.NS,38.004701648115734,43.12277116510934,,3.85981615532612,partial,-16.432937792161102,19.458762886597942,-35.891700678759044,-14.668617374148488,15.338481727448617,-30.007099101597106,ok,0.26280349555015114,,,,,,missing,False,15.758128155380879,9.48,82.6,0.0,13.0,20.963438446614262,Exit Candidate,0.0,0.0,0.0,0.0,10.0,0.0,0.9480000000000001,0.0,0.0,10.948,Below Watchlist,,,,🟢,,,-6.557441487225314,13.0,0,,,,,0,,85.0,0,,,,,,3.5999999999999996,,8.77,12.3,,,,,,,,,31-MAR-2026,ok,,,,,0.0,,NSE500
IEX.NS,106.38999938964844,1212699133.0,-0.1370988829126982,-0.10250293949225203,-0.021059339751696073,2.2974188692083826,0.0,0.0,-0.020991539079568376,0.017215998637227725,9.006741157751314,0.0,2.2974188692083826,-14.976423140021799,,neither,-0.13374542913408285,0.10322883235646041,-2.0468040210431715,-19.54779569700782,,no_obv_signal,415499060.9061142,-3.0499619758557515,-2.7394811049977266,-0.3104808708580249,0.0,0.0,-3.9778919655545337,-2.5772853045860487,-1.400606660968485,0.0,115.90534799760742,-1.0,112.36840558114744,-1.0,-1.0,128.07343442673266,111.9119964698624,114.30891744240658,0.0,-7.999199428272171,0.0,-10.142718564123832,-7.45600873004747,,,,^CNXFIN,-29.336983046044633,0.0,0.0,0.6704053329431237,36.11111111111111,0.5733603946866761,0.0,-10.90364326622776,-8.691958010980901,-2.2116852552468593,134.07780187097114,148.66028006793746,0.0,IEX,Indian Energy Exchange Ltd.,Financial Services,IEX.NS,15.372814514068622,17.239103887264772,45.71253742013756,0.008175439049049263,ok,4.827586206896556,8.208955223880587,-3.3813690169840305,-9.42383566060652,19.65750885575418,-29.0813445163607,ok,1.2518460438040835,,,,,,missing,True,12.044096604222934,34.08,61.199999999999996,0.0,8.0,20.80922898126688,Exit Candidate,5.0,0.0,0.0,0.0,0.0,0.0,3.408,0.0,10.0,18.408,Below Watchlist,,,,,,,-7.999199428272171,8.0,0,,0.0,0.0,,0,,51.0,0,,0.0,0.0,,,23.0,,22.09,14.16,,,,,,,,,31-MAR-2026,ok,,,,,0.0,,NSE500
PFIZER.NS,,7912418.0,-0.6077882162642503,-0.07928133571054505,0.0822404708435636,62.902379619162055,0.0,0.0,0.018684896686223904,0.03246213039104013,43.11642766414569,0.0,62.902379619162055,-8.45702457032681,,neither,-0.18922824201161223,0.4861110553912048,-0.7411764224943937,-17.355712798312474,,no_obv_signal,215867858.85004884,-181.5206739801106,-181.5929163025301,0.07224232241952677,1.0,0.0,-154.8214454701365,-76.53888292914652,-78.28256254098997,0.0,,-1.0,,-1.0,-1.0,4649.6709025390155,4050.9526950517243,4189.560788858529,0.0,-9.452027197903272,0.0,-4.5396574128469975,-12.641034709724563,0.0,-15.655840941790034,-29.219140686225174,^CNXPHARMA,-27.075207048910393,0.0,0.0,0.758588698992958,17.857142857142858,0.7785670248805613,1.0,-30.52555785794175,56.86613999255896,-87.39169785050072,4630.454231387552,4595.636494707757,0.0,PFIZER,Pfizer Ltd.,Healthcare,PFIZER.NS,1.3167071860935575,5.007415165180706,22.94034090909091,0.01670989078969283,ok,2.312271062271058,40.85778781038374,-38.54551674811268,3.8046501279341416,-2.4494984729392435,6.2541486008733855,ok,6.182877388574333,,,,,,missing,False,28.465832866706716,2.52,72.6,0.0,5.800000000000001,20.80374986001202,Exit Candidate,10.0,0.0,10.0,0.0,10.0,0.0,0.252,0.0,0.0,30.252,Below Watchlist,,,🟢,🟢,,,-9.452027197903272,5.800000000000001,0,,,,,0,,26.0,0,,,,,🟢,36.8,,11.52,0.0,,,,,,,,,31-MAR-2026,ok,,,,,5.0,,NSE500
SRF.NS,2420.10009765625,59043682.0,-0.053054752981198404,-0.09831067889326309,0.014569313677371782,34.81736211423909,0.0,0.0,-0.1318542055479359,0.008788953337087848,18.86346616256359,4.188432072953393,30.628930041285695,-11.475049983621588,,neither,-0.07697504035380412,0.3814658620004535,1.0,-7.717822777645377,,no_obv_signal,516439834.4215332,-26.684113274026004,-25.24354908559733,-1.4405641884286737,0.0,0.0,-59.34006334093965,-40.483694807495255,-18.856368533444396,0.0,2592.253841624347,-1.0,2522.2273951421425,-1.0,-1.0,2847.2379214910075,2504.612440297771,2523.860733493521,0.0,-3.234217862740007,0.0,-4.079538878379618,-0.9512488745656245,0.0,-4.079538878379618,-0.9512488745656245,FALLBACK_BROAD_INDEX,-23.85034160347448,0.0,0.0,0.6998383010154291,9.126984126984127,0.6448183155284448,1.0,-5.930628285833336,47.76382879184521,-53.69445707767854,2658.2236129684557,2570.4322393665875,0.0,SRF,SRF Ltd.,Chemicals,SRF.NS,,,,,missing,,,,,,,missing,,,,,,,missing,False,28.09607673998368,9.840000000000002,43.0,0.0,26.0,20.746823021995105,Exit Candidate,5.0,0.0,0.0,0.0,10.0,0.0,0.9840000000000002,0.0,0.0,15.984,Below Watchlist,,,,🟢,,,-3.234217862740007,26.0,0,,0.0,0.0,,0,,18.0,0,,0.0,0.0,,🟢,12.0,,12.33,16.66,,,,,,,,,31-MAR-2026,ok,,,,,,,NSE500
TATACONSUM.NS,967.7000122070312,118618811.0,-0.1760117921147571,-0.35765525363139017,0.0631031683321834,42.429309559751566,0.0,0.0,-0.23678853124214266,-0.027593356010409843,2.838526244452897,2.5638039822008922,39.86550557755067,-10.031607087023897,,neither,-0.3696161133177884,0.6947895099417836,1.8841766365231944,-10.654599388803144,,no_obv_signal,1144534810.7958312,-19.7543705661858,-19.05671645430797,-0.6976541118778279,0.0,0.0,-36.89684947522892,-23.880416930916294,-13.016432544312625,0.0,1013.1046467004405,-1.0,979.1380757937765,-1.0,-1.0,1094.6997571515797,984.2546405080187,998.8196602996335,0.0,-3.9871184980316166,0.0,-8.330375161139358,-5.401794032137952,,,,^CNXFMCG,-23.218853138909648,0.0,0.0,0.7152338259865363,3.1746031746031744,0.5537087807790819,1.0,13.782537447327059,34.60147173121583,-20.818934283888773,1070.9362590141907,1003.7649194965871,0.0,TATACONSUM,Tata Consumer Products Ltd.,Fast Moving Consumer Goods,TATACONSUM.NS,,,,,missing,,,,,,,missing,,,,,,,missing,False,21.870258345913047,13.920000000000002,52.6,0.0,23.200000000000003,20.715077503773912,Exit Candidate,0.0,0.0,0.0,0.0,10.0,0.0,1.3920000000000001,0.0,0.0,11.392,Below Watchlist,,,,🟢,,,-3.9871184980316166,23.200000000000003,0,,0.0,0.0,,0,,22.0,0,,0.0,0.0,,,7.199999999999999,,9.0,0.0,,,,,,,,,31-MAR-2026,ok,,,,,,,NSE500
MAZDOCK.NS,2087.10009765625,1549207961.0,-0.02188990142310412,0.007984798869669036,0.020057654356234262,87.57893003426564,0.0,0.0,0.007567157077083844,0.0058609085804443095,29.791745634101716,3.17575981322976,84.40317022103588,-16.251386460698193,,neither,0.0014380533704061208,0.07282071907391696,0.07552794375780078,-12.214804411418733,,no_obv_signal,1334851758.188208,-87.73685232795151,-70.35263180785381,-17.3842205200977,0.0,0.0,-63.05091136179453,-28.97299734035993,-34.0779140214346,0.0,2281.167840633958,-1.0,2163.42498576042,-1.0,-1.0,2566.7203547883055,2203.34102622707,2278.5324577281285,0.0,-9.743265306155278,0.0,-9.919672964419968,-10.341837164769762,0.0,-9.919672964419968,-10.341837164769762,FALLBACK_BROAD_INDEX,-27.234738382918337,0.0,0.0,0.7919431285579607,57.53968253968254,0.6660963512037422,0.0,137.1902263928846,246.78380699032215,-109.59358059743755,2370.7403780557192,1848.4259820463762,0.0,MAZDOCK,Mazagoan Dock Shipbuilders Ltd.,Capital Goods,MAZDOCK.NS,19.595335020024418,32.162838311499996,28.51678385688256,0.04586114847132922,ok,-19.121140142517817,-22.787712058688673,3.666571916170856,-23.573975623248554,6.922903898541831,-30.496879521790383,ok,1.190250674683525,,,,,,missing,True,58.63262551199297,5.76,7.3999999999999995,0.0,5.2,20.631787653597893,Exit Candidate,10.0,0.0,0.0,0.0,0.0,0.0,0.576,0.0,10.0,20.576,Below Watchlist,,,,,,,-9.743265306155278,5.2,0,,0.0,0.0,,0,,48.0,0,,0.0,0.0,,🟢,26.400000000000002,,1.52,1.73,,,,,,,,,31-MAR-2026,ok,,,,,0.0,,NSE500
WIPRO.NS,156.7899932861328,500781143.0,-0.4815280815509412,-0.05067580160401105,-0.12128878271153185,0.0,0.0,0.0,0.17748148361937321,-0.0451050851065727,-2.3757261874730418,0.0,0.0,-6.930772793149497,🟢,accelerating_quiet_base,-0.2677542438935258,0.6076597734571502,-0.5428983270402565,-14.625647428821253,,price_not_rising,2889978242.1338224,-4.437740191605826,-3.81725822903145,-0.620481962574376,0.0,0.0,-10.45497226601222,-9.797496502493722,-0.657475763518498,0.0,169.9692263703955,-1.0,163.95702497207373,-1.0,-1.0,187.8860820326465,163.7873592530962,167.39673962201005,0.0,-7.438573419927468,0.0,-4.736957246028517,-14.772644073915743,0.0,-11.692814927262685,-13.065286663394925,^CNXIT,-40.34004596110144,0.0,0.0,0.767080866448698,35.714285714285715,0.3246249101673178,0.0,-16.266494918494885,-8.592640524185562,-7.673854394309323,208.24626306802847,224.15511414886714,0.0,WIPRO,Wipro Ltd.,Information Technology,WIPRO.NS,,,,,missing,,,,,,,missing,,,,,,,missing,False,8.66,37.08,53.800000000000004,0.0,10.8,19.704,Exit Candidate,5.0,0.0,0.0,0.0,0.0,0.0,3.7079999999999997,0.0,0.0,8.708,Below Watchlist,,,,,,,-7.438573419927468,10.8,0,,0.0,0.0,,0,,27.0,0,,0.0,0.0,,,51.0,,4.31,10.79,,,,,,,,,31-MAR-2026,ok,,,,,,,NSE500
THERMAX.NS,3291.0,26228049.0,-0.17149746043882413,0.05899484728350891,0.4433228561927271,86.21783256109838,0.0,0.0,0.15847401895344906,0.3860808026004025,39.18137540546626,22.242562740955684,63.97526982014269,-35.95424260496047,,neither,-0.08420435153092866,1.0867540199931363,-0.23500258883679429,-23.571760334417093,,price_not_rising,509728198.14786375,-157.4744244948538,-150.9800023941166,-6.494422100737182,0.0,0.0,-103.49705134915484,62.44368444979923,-165.94073579895408,0.0,3623.0792740124098,-1.0,3426.6362983120794,-1.0,-1.0,4291.665409868137,3459.835139952952,3575.8820765510495,0.0,-12.128555203029991,0.0,-32.0330944425413,3.355694600973713,0.0,-32.0330944425413,3.355694600973713,FALLBACK_BROAD_INDEX,-35.95424260496047,0.0,0.0,0.8479335883552954,39.285714285714285,0.763697226657349,0.0,149.43599675097357,128.45386374041172,20.982133010561853,3745.9862830477596,3335.389215430813,1.0,THERMAX,Thermax Ltd.,Capital Goods,THERMAX.NS,,,,,missing,,,,,,,missing,,,,,,,missing,False,54.506241396384425,1.0799999999999998,17.8,0.0,2.8000000000000003,19.657872418915325,Exit Candidate,10.0,5.0,0.0,0.0,0.0,0.0,0.10799999999999998,0.0,0.0,15.108,Below Watchlist,,,,,,,-12.128555203029991,2.8000000000000003,0,,0.0,0.0,,10,🟢,57.0,0,,0.0,0.0,,🟢,85.0,,13.750000000000002,11.24,,,,,,,,,31-MAR-2026,ok,,,,,,,NSE500
LUPIN.NS,2052.10009765625,184087335.0,-0.16897057293391954,-0.20840326839876544,-0.02938906616923892,0.0,0.0,0.0,-0.19685087569298643,-0.09017923220574434,7.841312071578512,25.72053533040352,-25.72053533040352,-14.55231979102357,,neither,-0.16903893773065878,0.1973858625351413,1.0,-15.026911070134574,,no_obv_signal,1324898453.120166,-36.24572183824739,-41.03421902632239,4.788497188074999,0.0,0.0,-43.13827748625317,-3.704141368447562,-39.43413611780561,0.0,2165.250264370843,-1.0,2113.238528077273,-1.0,-1.0,2342.0192106112904,2086.954254612637,2109.929957222277,0.0,-5.765468450607917,0.0,-9.562801750834948,-7.039820480944481,0.0,-19.64162517334588,-24.66554162165061,^CNXPHARMA,-18.399075162555732,0.0,0.0,0.8599674731620405,34.92063492063492,0.7690892138242813,0.0,159.90807533068846,187.905307683363,-27.99723235267453,2098.5691907452806,1753.3956371886693,0.0,LUPIN,Lupin Ltd.,Healthcare,LUPIN.NS,19.101240551796895,131.45670643135756,28.331516524919316,0.29473006160385634,ok,-3.135779241141424,24.230619400077906,-27.36639864121933,11.16517922972547,4.104810258504743,7.060368971220728,ok,0.13794349860323618,,,,,,missing,True,8.52,4.8,91.0,0.0,16.0,19.566,Exit Candidate,0.0,0.0,0.0,0.0,0.0,0.0,0.48,0.0,10.0,10.48,Below Watchlist,,,,,,,-5.765468450607917,16.0,0,,0.0,0.0,,0,,46.0,0,,0.0,0.0,,,6.0,,16.93,21.709999999999997,,,,,,,,,31-MAR-2026,ok,,,,,5.0,,NSE500
BALKRISIND.NS,,7082050.0,-0.7581431475234613,-1.7383298724880183,0.004347652037994532,5.2181278848753765,0.0,0.0,-0.587463194032746,0.024912843567115463,-26.275841683136502,25.231425252151872,-20.013297367276497,-0.290979247737555,,quiet_but_not_accelerating,-3.211665636875226,1.9256182094135346,-2.55133371000491,-6.486514161275469,,price_not_rising,576763547.3811401,-34.71069125533859,-33.49458633832448,-1.216104917014107,0.0,0.0,-10.846134076189173,-4.920092865141724,-5.926041211047449,0.0,,-1.0,,-1.0,-1.0,2491.299522838493,2190.3897069009713,2218.3151631221604,0.0,2.0992621285042574,0.0,2.1816973644814164,3.854912680387379,,,,^CNXAUTO,-20.43246775865165,0.0,0.0,0.825928710186814,24.6031746031746,0.7218582856248159,1.0,-79.60687517854012,-68.11187007869685,-11.495005099843269,2339.056446474577,2393.4480050702314,0.0,BALKRISIND,Balkrishna Industries Ltd.,Automobile and Auto Components,BALKRISIND.NS,3.6119447008716943,5.541254843865873,13.808496104072304,0.3752360731664794,ok,50.54874112330536,-21.648963075366716,72.19770419867208,17.813912889301083,7.162770983524494,10.651141905776589,ok,5.859134963976739,,,,,,missing,False,3.4263447597063816,22.56,46.2,0.0,47.199999999999996,19.549903427911914,Exit Candidate,5.0,5.0,0.0,0.0,10.0,0.0,2.256,0.0,0.0,22.256,Below Watchlist,,,,🟢,,,2.0992621285042574,47.199999999999996,0,,,,,0,,22.0,0,,,,,,3.4000000000000004,,17.82,11.129999999999999,18.66,10.32,False,True,-0.8399999999999999,0.8099999999999987,,,31-MAR-2026,ok,,🟢,5.0,,15.0,🟢,NSE500
ASTRAL.NS,1375.0,30823871.0,-0.03647666663677386,-0.2704460896214088,0.015132062757834078,40.40302172277913,0.0,0.0,0.16371336797046693,-0.016901005114029116,-0.6215527156579519,13.994102241114192,26.408919481664938,3.111912767175329,🟢,accelerating_quiet_base,-0.5867951639769293,1.2865719254204921,-0.5830525404518901,-4.931477066406853,,price_not_rising,875730450.8251953,-27.91761005499393,-23.558974636795135,-4.358635418198794,0.0,0.0,-26.014422596541863,-16.84830048754492,-9.166122108996944,0.0,1454.1549430221912,-1.0,1397.6072574944765,-1.0,-1.0,1619.5173502908785,1395.9392385117087,1419.7723044503123,0.0,-3.860459559236288,0.0,6.120908720604001,-14.990346901195895,0.0,6.120908720604001,-14.990346901195895,FALLBACK_BROAD_INDEX,-21.138258341516007,0.0,0.0,0.7622519872092691,6.349206349206349,0.630934282640786,1.0,-58.27214527785509,-62.954956239006904,4.682810961151816,1510.3095272539697,1584.9717558542181,0.0,ASTRAL,Astral Ltd.,Capital Goods,ASTRAL.NS,8.399855556643931,5.528942728758279,17.556384877494725,0.06168215086621159,ok,97.75561097256859,32.781456953642376,64.97415401892621,35.4849172883555,13.245665589186013,22.239251699169486,ok,12.954768843497536,,,,,,missing,False,29.061057602972692,17.279999999999998,24.6,0.0,23.799999999999997,19.434317280891808,Exit Candidate,5.0,5.0,0.0,0.0,10.0,0.0,1.7279999999999998,0.0,0.0,21.728,Below Watchlist,,,,🟢,,,-3.860459559236288,23.799999999999997,0,,0.0,0.0,,0,,46.0,0,,0.0,0.0,,,54.6,,8.67,14.499999999999998,9.2,13.889999999999999,False,True,-0.5299999999999994,0.6099999999999994,,,31-MAR-2026,ok,,🟢,5.0,,20.0,🟢,NSE500
CANFINHOME.NS,,40474795.0,-0.19799012740340308,-0.11286530414203338,0.016390236522827,59.8945057442745,0.0,0.0,-0.1486481962573136,0.004046064609223581,19.401624433433508,3.0081273679429676,56.88637837633153,-11.1014417869578,,neither,-0.1340844704697274,0.23450771788089642,1.3918596920679023,-9.641064974141745,,no_obv_signal,199979362.6346527,-17.433822664280797,-15.101328366537668,-2.3324942977431284,0.0,0.0,-23.197217979814923,-11.486047351901775,-11.711170627913148,0.0,,-1.0,,-1.0,-1.0,874.1661159054531,760.3842811996576,774.4948554852085,0.0,-7.469580591447101,0.0,-11.30299505005622,-7.710079461658181,,,,^CNXFIN,-21.664113774919862,0.0,0.0,0.7194317428348979,5.555555555555555,0.8699166107242061,1.0,20.36108572977662,30.998517215524615,-10.637431485747996,797.6479803494487,748.8322780931132,0.0,CANFINHOME,Can Fin Homes Ltd.,Financial Services,CANFINHOME.NS,17.61313862277316,20.45649921893102,,6.365848999010017,partial,-22.534668721109405,30.51784816490699,-53.05251688601639,-0.9170053481313308,2.28531768536341,-3.202323033494741,ok,0.46660896851630485,,,,,,missing,False,30.26307701049607,15.72,34.599999999999994,0.0,10.6,19.00292310314882,Exit Candidate,5.0,0.0,0.0,0.0,10.0,0.0,1.572,0.0,0.0,16.572,Below Watchlist,,,,🟢,,,-7.469580591447101,10.6,0,,,,,0,,59.0,0,,,,,🟢,10.8,,16.28,13.370000000000001,,,,,,,,,31-MAR-2026,ok,,,,,0.0,,NSE500
CROMPTON.NS,211.3699951171875,26107911.0,-0.4650770638795331,-2.3989526454266237,0.3678854635965441,39.783734488774,0.0,0.0,-1.7997107145942979,0.2861210184025853,-39.57495020917115,0.0,39.783734488774,-22.143025757585978,,neither,-2.493318879698095,7.567879765027319,1.3881968285855695,-18.766339277106404,,no_obv_signal,542565038.1984184,-6.638813800845099,-6.094761326922568,-0.5440524739225312,0.0,0.0,-11.336519130440308,-6.921321096793296,-4.4151980336470125,0.0,230.72075028569677,-1.0,221.78054462938016,-1.0,-1.0,260.15149096769034,220.86044994152968,225.8982364553239,0.0,-9.253417359256838,0.0,-17.552076252648497,-10.660032328081348,0.0,-17.552076252648497,-10.660032328081348,FALLBACK_BROAD_INDEX,-29.15647877370721,0.0,0.0,0.7485492285589768,32.142857142857146,0.6842255609508673,0.0,-27.663573586769928,-23.718423428076058,-3.9451501586938704,276.1940744462845,316.508759404439,0.0,CROMPTON,Crompton Greaves Consumer Electricals Ltd.,Consumer Durables,CROMPTON.NS,5.645046904048234,,-1.5213367951534518,0.06714425378417557,ok,,-641.830065359477,,-2.1131973003630757,20.27972396354633,-22.392921263909408,partial,,,,,,,missing,False,16.054307071070898,25.319999999999997,54.6,0.0,6.2,19.000292121321266,Exit Candidate,5.0,0.0,0.0,0.0,0.0,0.0,2.532,0.0,0.0,7.532,Below Watchlist,,,,,,,-9.253417359256838,6.2,0,,0.0,0.0,,0,,15.0,0,,0.0,0.0,,,1.7999999999999998,,54.49,0.01,,,,,,,,,31-MAR-2026,ok,,,,,0.0,,NSE500
KEI.NS,4461.0,33871522.0,-0.8139626919875086,-0.26349707145273554,0.00894792417758137,6.025815341399519,0.0,0.0,-0.0844737404405251,-0.015493628643497378,3.0322386535420627,31.863148833177963,-25.837333491778445,-17.807461999078768,,neither,-0.6254272017855026,0.45203101315680744,-1.3835935667726957,-10.762152430486093,,price_not_rising,2999467168.05,-185.6127364578433,-194.13041513458262,8.517678676739308,0.0,0.0,-5.816965461222935,122.89166444280077,-128.70862990402372,0.0,4875.273347660394,-1.0,4587.622072076769,-1.0,-1.0,5648.945819321605,4605.303275709278,4742.16884823109,0.0,-4.880375162080098,0.0,-13.74620355076619,7.219439840182007,0.0,-13.74620355076619,7.219439840182007,FALLBACK_BROAD_INDEX,-24.042227141154434,0.0,0.0,0.9482901188443761,29.761904761904763,0.6676753050270591,0.0,478.17087491146503,450.2681454906702,27.902729420794856,4455.511826353097,3576.002949217449,1.0,KEI,KEI Industries Ltd.,Capital Goods,KEI.NS,19.679448620413286,24.376423425720795,18.848200422198573,0.037963386961158585,ok,-3.566621803499323,21.059063136456206,-24.62568493995553,-8.37229130398263,17.65632022700074,-26.02861153098337,ok,2.157382118022713,,,,,,missing,True,5.109035369489831,1.44,94.39999999999999,0.0,19.2,18.860710610846947,Exit Candidate,0.0,5.0,0.0,0.0,0.0,0.0,0.144,0.0,10.0,15.144,Below Watchlist,,,,,,,-4.880375162080098,19.2,0,,0.0,0.0,,10,🟢,56.0,0,,0.0,0.0,,,13.4,,22.43,27.27,,,,,,,,,31-MAR-2026,ok,,,,,0.0,,NSE500
COROMANDEL.NS,1792.9000244140625,52552922.0,-0.0027019132011964595,-0.03269132075629455,-0.06092436654634039,10.23243349066852,0.0,0.0,-0.015477006774043855,-0.020563234186400933,13.526989685592847,7.509153740181196,2.7232797504873236,-10.491490515195823,,neither,-0.051759383453024804,0.05771806588242652,4.124711305665989,-13.53684703041138,,no_obv_signal,239160899.04265136,-24.13519864402656,-16.398754560940638,-7.736444083085921,0.0,0.0,-36.52413475034541,-28.81316371394184,-7.710971036403571,0.0,1996.1779250809639,-1.0,1927.8335991876063,-1.0,-1.0,2208.6643885005005,1914.7657282750515,1935.3545404992237,0.0,-4.428560510656077,0.0,-1.1535003479898887,-7.927411607189017,0.0,-1.1535003479898887,-7.927411607189017,FALLBACK_BROAD_INDEX,-25.183962918185877,0.0,0.0,0.795522199589702,28.57142857142857,0.45758756933814326,0.0,79.80390654475809,161.52173901540067,-81.71783247064258,1970.1049742290618,1670.718279977365,0.0,COROMANDEL,Coromandel International Ltd.,Chemicals,COROMANDEL.NS,10.230599544884523,-0.9492365779108947,20.924932985420277,0.5198556445390109,ok,172.0,-72.28704784130689,244.2870478413069,35.99654210931332,-31.616900830917654,67.61344294023097,ok,,,,,,,missing,False,30.381351721733978,19.56,15.4,0.0,20.599999999999998,18.426405516520195,Exit Candidate,0.0,0.0,0.0,0.0,0.0,0.0,1.956,0.0,0.0,1.956,Below Watchlist,,,,,,,-4.428560510656077,20.599999999999998,0,,0.0,0.0,,0,,24.0,0,,0.0,0.0,,🟢,19.0,,13.69,0.0,,,,,,,,,31-MAR-2026,ok,,,,,20.0,🟢,NSE500
GODREJCP.NS,855.0,38498436.0,-0.38324906734071973,-1.6727600738452895,-0.22194298635489787,1.587577211595365,0.0,0.0,-1.28620517758393,-0.4396657239477578,-21.453357346332872,0.0,1.587577211595365,-14.878831800634352,,neither,-1.7007721528161948,0.18794657230662337,1.3730125247747953,-19.682010408303984,,no_obv_signal,1182532160.0691314,-18.47947401631916,-22.85380437240623,4.374330356087071,0.0,0.0,-56.81431728792643,-43.79210485319584,-13.02221243473059,0.0,909.8581270273532,-1.0,878.0284854829772,-1.0,-1.0,1005.1021197208944,870.483221284947,881.11365989288,0.0,-9.042166813162504,0.0,-11.314549625099469,-14.412719041955812,,,,^CNXFMCG,-30.80122037618419,0.0,0.0,0.6805234282042402,1.1904761904761905,0.6462761419288031,1.0,-45.33071392657371,-11.632047058157818,-33.69866686841589,1064.7404758354228,1065.0309919714978,0.0,GODREJCP,Godrej Consumer Products Ltd.,Fast Moving Consumer Goods,GODREJCP.NS,4.5882778750438336,3.0211455823220046,21.303467822069187,0.34899450325813347,ok,11.538461538461533,-9.240246406570845,20.77870794503238,8.384514401915107,-4.769492115397343,13.15400651731245,ok,16.477286063698944,,,,,,missing,False,3.6856520240583777,13.799999999999999,90.2,0.0,6.6000000000000005,18.385695607217514,Exit Candidate,0.0,0.0,0.0,0.0,10.0,0.0,1.38,0.0,0.0,11.379999999999999,Below Watchlist,,,,🟢,,,-9.042166813162504,6.6000000000000005,0,,0.0,0.0,,0,,24.0,0,,0.0,0.0,,,1.4000000000000001,,9.73,0.0,,,,,,,,,31-MAR-2026,ok,,,,,15.0,🟢,NSE500
SHREECEM.NS,21900.0,857117.0,-0.7986969018632109,-0.23148304683146279,-0.12104595673825365,0.0,0.0,0.0,-0.16893106103440164,-0.09923928381696032,-21.38803088604488,1.3039245314870125,-1.3039245314870125,-13.041880004029627,,neither,-0.12916845242968567,0.3282176432223419,9.603667575718697,-15.94703511801957,,no_obv_signal,869571783.75,-593.8319233143775,-653.9534406408739,60.12151732649636,0.0,0.0,-827.7346495309721,-483.7498518960492,-343.98479763492287,0.0,23297.579725289233,-1.0,22573.313232057895,-1.0,-1.0,25612.14074133313,22334.49070694361,22736.618188411707,0.0,-6.493074955252017,0.0,-7.950442134127844,-4.721154020277574,0.0,-7.950442134127844,-4.721154020277574,FALLBACK_BROAD_INDEX,-26.62729916245135,0.0,0.0,0.927018839330114,43.25396825396825,0.7000247735685974,0.0,-828.8375013873956,-246.4397216641943,-582.3977797232013,25683.20562868397,26109.030696851376,0.0,SHREECEM,Shree Cement Ltd.,Construction Materials,SHREECEM.NS,,,,,missing,,,,,,,missing,,,,,,,missing,False,3.37,0.48,99.6,0.0,14.000000000000002,18.147000000000002,Exit Candidate,0.0,0.0,0.0,0.0,0.0,0.0,0.047999999999999994,0.0,0.0,0.047999999999999994,Below Watchlist,,,,,,,-6.493074955252017,14.000000000000002,0,,0.0,0.0,,0,,11.0,0,,0.0,0.0,,,7.000000000000001,,11.25,8.93,,,,,,,,,31-MAR-2026,ok,,,,,,,NSE500
BDL.NS,1085.0999755859375,629161319.0,-0.059820745528697795,0.021558435933819883,0.002438873712765668,41.18250431175399,0.0,0.0,0.020517163844566002,0.00541256710654127,30.45999405689672,0.0,41.18250431175399,-20.67649956907729,🟢,accelerating_but_price_moved,0.0007886213114840404,0.06447631009698841,0.01223117933234327,-13.377799805183487,,no_obv_signal,1195540071.1510682,-43.92753287952132,-38.4488387979678,-5.47869408155352,0.0,0.0,-49.61450301503646,-31.422397392742425,-18.192105622294036,0.0,1199.562405578417,-1.0,1131.9402157089894,-1.0,-1.0,1388.6907206473065,1145.886645200997,1181.4234570861938,0.0,-10.804616885585451,0.0,-14.29562210773394,-12.615159029269918,0.0,-14.29562210773394,-12.615159029269918,FALLBACK_BROAD_INDEX,-32.49922696914802,0.0,0.0,0.7623364614286336,38.88888888888889,0.6412286578277864,0.0,30.226893081889557,93.7415186664339,-63.51462558454435,1296.3033024583617,1076.531936539493,0.0,BDL,Bharat Dynamics Ltd.,Capital Goods,BDL.NS,-0.8663454295985251,6.075058532974764,7.216153007749495,7.432263185682576e-05,ok,55.27638190954774,-66.21392190152801,121.49030381107575,-10.92659251651498,-52.17751841413117,41.25092589761619,ok,15.780168944818003,,,,,,missing,False,40.13387650911389,10.08,20.8,0.0,4.0,17.77616295273417,Exit Candidate,10.0,0.0,0.0,0.0,0.0,0.0,1.008,0.0,0.0,11.008,Below Watchlist,,,,,,,-10.804616885585451,4.0,0,,0.0,0.0,,0,,60.0,0,,0.0,0.0,,🟢,29.2,,5.57,2.02,,,,,,,,,31-MAR-2026,ok,,,,,20.0,🟢,NSE500
ABLBL.NS,76.9800033569336,-76079891.0,-1.7894474623538215,-0.6144774512903297,-0.17701201372656866,0.0,0.0,0.0,-0.3947105842958953,0.19515558593604204,-724.7063772761978,0.0,0.0,-19.571009695234775,,neither,-0.8358827960507909,1.0716783072594003,6.72341733527116,-18.25416957552526,,no_obv_signal,173575946.7778473,-2.611277499632024,-2.3000130143703146,-0.31126448526170947,0.0,0.0,-7.255058445279346,-6.433354872170316,-0.8217035731090299,0.0,83.22422505309108,-1.0,79.7139264771541,-1.0,-1.0,96.02883996926597,79.59235070801759,81.62162614365349,0.0,-10.47018231869126,0.0,-15.356635747069758,-16.045696692234724,,,,^CNXCONSUM,-47.67492887054979,0.0,0.0,0.656710471688389,79.41176470588235,0.3263103762397835,0.0,-17.829919068897027,-13.979101712814238,-3.850817356082789,114.10195214842432,133.84040061490794,0.0,ABLBL,Aditya Birla Lifestyle Brands Ltd.,Consumer Services,ABLBL.NS,6.810439771533949,186.99664429530202,13.227658077346865,2.1371770087594446,ok,-46.666666666666664,-19.64285714285715,-27.023809523809515,-5.906649004673069,-7.212878280278426,1.3062292756053573,ok,0.3139646822072678,,,,,,missing,False,1.4899999999999998,36.48,61.0,0.0,4.2,17.523,Exit Candidate,5.0,0.0,0.0,0.0,0.0,0.0,3.6479999999999997,0.0,0.0,8.648,Below Watchlist,,,,,,,-10.47018231869126,4.2,0,,0.0,0.0,,0,,27.0,0,,0.0,0.0,,,8.200000000000001,,13.889999999999999,0.0,15.47,0.0,False,False,-1.5800000000000018,0.0,,,31-MAR-2026,ok,,,0.0,,0.0,,NSE500
ICICIPRULI.NS,444.54998779296875,95735114.0,-0.1349028803847754,-0.07898207199420096,-0.04015275096326134,0.0,0.0,0.0,-0.0570688313056762,-0.08016114070875964,18.777262981672568,0.0,0.0,-8.8943587105903,,neither,-0.05800129297905807,0.26509963269673414,2.7745736432120522,-13.746611033175693,,no_obv_signal,750900738.762317,-9.603682245545997,-7.260487685090503,-2.343194560455494,0.0,0.0,-23.148322801373183,-21.916212060418992,-1.232110740954191,0.0,495.0241124568565,-1.0,464.9601083818176,-1.0,-1.0,551.7069131309145,468.31391179819633,476.44269868471673,0.0,-8.500989292594149,0.0,-4.265218587096764,-19.75339661873903,,,,^CNXFIN,-35.20332090334322,0.0,0.0,1.065873609317676,68.65079365079364,0.3404670525663562,0.0,-30.9250450561276,-13.736794449435306,-17.188250606692293,558.399501387017,580.2495543281658,0.0,ICICIPRULI,ICICI Prudential Life Insurance Company Ltd.,Financial Services,ICICIPRULI.NS,8.51368078165371,25.49718760133861,,0.1903726462017906,partial,-38.2109515281175,60.63320895522387,-98.84416048334137,810.8473493379333,-86.2908802504328,897.1382295883661,ok,1.7226143011040986,,,,,,missing,False,12.04,35.16,34.2,0.0,7.6,16.913999999999998,Exit Candidate,0.0,0.0,0.0,0.0,0.0,0.0,3.5159999999999996,0.0,0.0,3.5159999999999996,Below Watchlist,,,,,,,-8.500989292594149,7.6,0,,0.0,0.0,,0,,98.0,0,,0.0,0.0,,🟢,11.4,,9.45,0.0,,,,,,,,,31-MAR-2026,ok,,,,,10.0,,NSE500
ZFCVINDIA.NS,,-21953998.0,-0.3309458929121064,-0.11718925972129268,-0.04757974532869238,0.0,0.0,0.0,-0.0745522620210518,-0.07118694124566541,0.5618554466645946,43.257351620241934,-43.257351620241934,-12.999121628062882,,neither,-0.19043057219501927,0.15400604792609923,-17.830586976143913,-2.0367025996521404,,no_obv_signal,223896807.82341307,-54.01137152856336,-40.714512782781426,-13.296858745781932,0.0,0.0,6.171722176787171,30.340793836761364,-24.169071659974193,0.0,,-1.0,,-1.0,1.0,2233.273268099118,2389.8029402928646,2439.6279882689737,0.0,-0.4399049923013578,0.0,-5.668478304227054,6.669431366507239,,,,^CNXAUTO,-12.999121628062888,0.0,1.0,0.7753348555497507,7.936507936507936,0.4344988280268582,1.0,76.24138857299477,73.81420680129713,2.427181771697633,2354.122511870529,2156.6694064994663,1.0,ZFCVINDIA,ZF Commercial Vehicle Control Systems India Ltd.,Automobile and Auto Components,ZFCVINDIA.NS,,,,,missing,,,,,,,missing,,,,,,,missing,False,7.23,8.16,9.6,30.0,37.4,16.851,Exit Candidate,0.0,2.5,0.0,0.0,10.0,0.0,0.8160000000000001,0.0,0.0,13.316,Below Watchlist,,,,🟢,,🟢,-0.4399049923013578,37.4,0,,,,,10,🟢,32.0,0,,,,,,10.6,,24.95,0.0,,,,,,,,,31-MAR-2026,ok,,,,,,,NSE500
GILLETTE.NS,,5597175.0,-0.10874180739832505,-0.06946001254196056,0.05770339298856688,72.31906152295807,0.0,0.0,-0.05110962729314916,0.03861738298173135,30.057538705532743,0.0,72.31906152295807,-7.666149578709702,,quiet_but_not_accelerating,-0.0514008770205634,0.2636769799248243,1.1207213423550229,-9.556129829719618,,no_obv_signal,140296966.85,-121.95751971462505,-104.1813248351652,-17.77619487945985,0.0,0.0,-246.58025251305662,-201.4757565211404,-45.104495991916224,0.0,,-1.0,,-1.0,-1.0,7791.524908530677,7110.785321592934,7210.810897393184,0.0,-4.894548545183634,0.0,-4.491050764751714,-8.113267228575005,,,,^CNXFMCG,-25.7522911248189,0.0,0.0,0.7209631574019398,56.34920634920635,0.4122203800139673,0.0,-27.769850120622323,263.3471736572303,-291.11702377785264,7907.286676593981,7308.209473870688,0.0,GILLETTE,Gillette India Ltd.,Fast Moving Consumer Goods,GILLETTE.NS,8.030672481122858,19.287160274261318,53.268141568148096,5.147899142360003e-05,ok,-8.193018480492817,25.969994826694276,-34.16301330718709,-7.915618851551201,11.949529574793962,-19.865148426345165,ok,2.3491278838214176,,,,,,missing,False,38.93167153303532,4.2,7.199999999999999,0.0,19.0,16.449501459910596,Exit Candidate,5.0,0.0,0.0,0.0,0.0,0.0,0.42000000000000004,0.0,0.0,5.42,Below Watchlist,,,,,,,-4.894548545183634,19.0,0,,,,,0,,28.0,0,,,,,🟢,21.8,,5.17,0.0,,,,,,,,,31-MAR-2026,ok,,,,,0.0,,NSE500
TRENT.NS,,86990777.0,-0.2370380742975937,-0.31746531094364694,0.07515932114069718,20.625479125880965,0.0,0.0,-0.3618289561545044,-0.03342596847899909,27.921431418716168,16.421756950677306,4.203722175203659,-19.405826331296193,,neither,-0.34665657243840503,0.6502277688197494,1.2496501816620078,-12.443316792735171,,no_obv_signal,1804263989.6875122,-57.713840031439304,-48.70671999295962,-9.007120038479684,0.0,0.0,-95.75448356831521,-87.73128840900087,-8.02319515931434,0.0,,-1.0,,-1.0,-1.0,3091.2685783389593,2735.2428668120974,2782.656395175252,0.0,-0.3329972098636726,0.0,-13.778294337514252,13.091960903202192,,,,^CNXCONSUM,-45.57366444652109,0.0,0.0,0.6432955003980905,52.38095238095239,0.2884225800457559,0.0,-452.6368341731354,-234.24464228462017,-218.39219188851524,3636.3948649373638,3504.1873597177837,0.0,TRENT,Trent Ltd.,Consumer Services,TRENT.NS,,,,,missing,,,,,,,missing,,,,,,,missing,False,13.418917694058337,19.2,13.0,0.0,38.6,15.605675308217501,Exit Candidate,0.0,2.5,0.0,0.0,0.0,0.0,1.92,0.0,0.0,4.42,Below Watchlist,,,,,,,-0.3329972098636726,38.6,0,,,,,0,,28.0,0,,,,,🟢,4.2,,13.919999999999998,0.0,,,,,,,,,31-MAR-2026,ok,,,,,,,NSE500
TCS.NS,2032.4000244140625,-243341955.0,-0.6268502031233353,-0.2670791214850773,-0.27023675552819565,14.54765359971088,0.0,0.0,0.08942790853159777,-0.05899953077472611,-54.9970581923122,4.917772189088904,9.629881410621977,0.5928417215374848,🟢,accelerating_quiet_base,-0.3445225019022822,0.7035173623315153,-0.9625892335928772,-14.085224022957643,,price_not_rising,6348469499.022052,-63.06954034586215,-49.58672996691347,-13.482810378948685,0.0,0.0,-100.52904729696729,-99.91257046035331,-0.6164768366139839,0.0,2226.397520321237,-1.0,2108.4189221623815,-1.0,-1.0,2465.54716045811,2107.1249794152704,2161.6681484022897,0.0,-3.0271040688262434,0.0,2.6835748558573513,-10.979412854468173,0.0,-4.814110628977952,-9.196065741322313,^CNXIT,-36.572372982045586,0.0,0.0,0.9868147032856442,38.492063492063494,0.400395892897889,0.0,-317.73014048978257,-242.12697934839602,-75.60316114138655,2708.6005562809796,3009.5147183765066,0.0,TCS,Tata Consultancy Services Ltd.,Information Technology,TCS.NS,,,,,missing,,,,,,,missing,,,,,,,missing,False,8.521678759898808,37.32,9.4,0.0,27.400000000000002,15.540503627969642,Exit Candidate,5.0,2.5,0.0,0.0,0.0,0.0,3.7319999999999998,0.0,0.0,11.232,Below Watchlist,,,,,,,-3.0271040688262434,27.400000000000002,0,,0.0,0.0,,0,,26.0,0,,0.0,0.0,,,31.2,,5.7700000000000005,0.0,,,,,,,,,31-MAR-2026,ok,,,,,,,NSE500
BHARTIARTL.NS,1771.199951171875,99472030.0,-0.3785866067255564,-0.4688949456507291,-0.1644982638141339,10.077791868629438,0.0,0.0,-0.1312946443272672,-0.13179924101263452,-34.86969459321345,9.03939455582611,1.038397312803328,-3.159236466295612,,quiet_but_not_accelerating,-0.6629138707515015,0.8337038760656637,-6.916095966231818,-10.182558257004315,,no_obv_signal,9419122538.26562,-28.13051585560288,-23.194322312256332,-4.936193543346548,0.0,0.0,-14.626159227998414,-2.6529485742928687,-11.973210653705546,0.0,1862.6774533328507,-1.0,1797.3602846584004,-1.0,-1.0,2004.899757773557,1806.2269372088263,1829.3915035829086,0.0,0.5449656463095328,0.0,2.6889357496177713,-0.5983959131720229,0.0,2.6889357496177713,-0.5983959131720229,FALLBACK_BROAD_INDEX,-17.07166828278667,0.0,0.0,0.8447576863851305,5.555555555555555,0.6276162683709208,1.0,115.17892981065825,161.63761211112413,-46.45868230046588,1789.3193977598285,1492.4477209610743,0.0,BHARTIARTL,Bharti Airtel Ltd.,Telecommunication,BHARTIARTL.NS,14.882310633383145,47.33977446458364,16.68634559517262,1.3109899192655676,ok,10.041152263374475,10.25408348457351,-0.2129312211990353,5.6982984009591355,2.5964402685359453,3.10185813242319,ok,0.8538692559729227,,,,,,missing,False,7.647227154020302,15.36,23.0,0.0,42.199999999999996,15.146168146206088,Exit Candidate,0.0,5.0,0.0,0.0,10.0,0.0,1.5359999999999998,0.0,0.0,16.536,Below Watchlist,,,,🟢,,,0.5449656463095328,42.199999999999996,0,,0.0,0.0,,0,,8.0,0,,0.0,0.0,,,7.3999999999999995,,11.89,0.0,,,,,,,,,23-JUN-2026,ok,,,,,0.0,,NSE500
INDIAMART.NS,1612.9000244140625,20202065.0,-0.22894984587026315,-0.04548878728156092,-0.016959695239637217,0.0,0.0,0.0,-0.10903681672899508,-0.05722231944898708,23.684118096317775,0.0,0.0,-15.395509664358508,,neither,-0.05760014284498441,0.22345382759680427,-8.721989893911303,-10.384488239999534,,no_obv_signal,185520682.88276976,-33.55117697605829,-32.661027715215496,-0.8901492608427901,0.0,0.0,-108.63203678039758,-95.18620375954927,-13.445833020848312,0.0,1730.9400940882106,-1.0,1651.28457102824,-1.0,-1.0,1888.1247849505576,1644.9556368872798,1669.6016962404224,0.0,-8.504640051236033,0.0,-11.781440993408566,-17.182508744625846,,,,^CNXCONSUM,-33.740168374654715,0.0,0.0,0.7300716014994396,13.095238095238097,0.4431558041811659,1.0,-180.50938643945233,-134.7857054993609,-45.72368094009144,2065.3051684390202,2373.1778580938894,0.0,INDIAMART,Indiamart Intermesh Ltd.,Consumer Services,INDIAMART.NS,16.77256427499707,18.69971755957667,19.969254188587605,0.009624329531843983,ok,242.85714285714283,-73.33546734955185,316.19261020669467,2.490724709374227,0.6738148478313919,1.8169098615428352,ok,1.1403321430958948,,,,,,missing,True,11.919999999999998,13.319999999999999,51.0,0.0,7.3999999999999995,15.0,Exit Candidate,0.0,0.0,0.0,0.0,10.0,0.0,1.3319999999999999,0.0,10.0,21.332,Below Watchlist,,,,🟢,,,-8.504640051236033,7.3999999999999995,0,,0.0,0.0,,0,,21.0,0,,0.0,0.0,,🟢,9.2,,11.85,0.0,,,,,,,,,31-MAR-2026,ok,,,,,10.0,,NSE500
M&M.NS,2947.800048828125,391886492.0,-0.17200229064103068,-0.04095426440618338,-0.023316040204173133,20.23325989073111,0.0,0.0,0.017594951961882255,0.031010536637606282,12.72390606073698,5.469573775764804,14.763686114966305,-2.9341656500531554,,quiet_but_not_accelerating,-0.13435812534551922,0.15934378516995448,-0.8677112409949028,-13.261731680796673,,no_obv_signal,5887976228.928149,-76.93138325174095,-70.49212484673266,-6.439258405008289,0.0,0.0,-38.62345056433287,-12.633463506270886,-25.989987058061985,0.0,3141.032080931293,-1.0,3023.462007923464,-1.0,-1.0,3422.9687761426917,3027.687017420999,3089.3679981181886,0.0,-2.4161177588732152,0.0,1.5212376499631697,-0.9570819078782877,,,,^CNXAUTO,-21.661150787077705,0.0,0.0,0.7569509613677149,3.1746031746031744,0.6282046519268447,1.0,202.52489881337988,286.6678712453551,-84.14297243197524,3064.309381233495,2509.339049716958,0.0,M&M,Mahindra & Mahindra Ltd.,Automobile and Auto Components,M&M.NS,17.49727274090427,18.47775261729612,17.137685718606814,1.4389731713434522,ok,17.140790742526534,-0.5037179179659411,17.644508660492473,4.8129265797741185,6.42032417635147,-1.6073975965773517,ok,1.1234155164827389,,,,,,missing,False,20.36164096175589,7.8,18.2,0.0,30.2,14.928492288526767,Exit Candidate,10.0,2.5,0.0,0.0,10.0,0.0,0.78,0.0,0.0,23.28,Below Watchlist,,,,🟢,,,-2.4161177588732152,30.2,0,,0.0,0.0,,0,,19.0,0,,0.0,0.0,,🟢,36.4,,17.25,0.0,,,,,,,,,31-MAR-2026,ok,,,,,5.0,,NSE500
TMPV.NS,280.95001220703125,1036338651.0,-0.33823708386461526,-0.28046264719936437,0.004887042605710539,0.0,0.0,0.0,-0.22610177922438554,-0.057650375299868536,30.389314850618632,0.0,0.0,-20.229982263066372,,neither,-0.3395901193642237,0.3374786263099537,1.7757257560396527,-17.306839674162987,,no_obv_signal,2951352485.8723707,-8.852014507834042,-7.469852855106477,-1.3821616527275653,0.0,0.0,-22.16818068754702,-19.114287401185056,-3.0538932863619657,0.0,301.15334943229993,-1.0,286.2440308912483,-1.0,-1.0,340.54449693717015,293.78866274793427,300.7856442443458,0.0,-9.407132340732957,0.0,-14.168069144731522,-7.2594537813098325,,,,^CNXAUTO,-60.56510201910146,0.0,0.0,0.7086891087258844,49.2063492063492,0.17858131427953966,0.0,-103.4140952227923,-87.00998198223309,-16.404113240559212,453.45067654355563,527.3620092322834,0.0,TMPV,Tata Motors Passenger Vehicles Ltd.,Automobile and Auto Components,TMPV.NS,,,,,missing,,,,,,,missing,,,,,,,missing,False,5.0,28.919999999999995,44.0,0.0,6.0,14.783999999999999,Exit Candidate,0.0,0.0,0.0,0.0,0.0,0.0,2.8919999999999995,0.0,0.0,2.8919999999999995,Below Watchlist,,,,,,,-9.407132340732957,6.0,0,,0.0,0.0,,0,,37.0,0,,0.0,0.0,,🟢,6.4,,9.950000000000001,0.0,,,,,,,,,31-MAR-2026,ok,,,,,,,NSE500
BRITANNIA.NS,4835.0,28488684.0,-0.10714679393471113,-0.23629901227493455,-0.12901418321154035,2.534398055332127,0.0,0.0,-0.13593257446679297,-0.14161540114506047,-3.1990617579706786,0.0,2.534398055332127,-4.488023481365088,,quiet_but_not_accelerating,-0.30245943771208195,0.2587232655078287,12.834546731948533,-10.735714945075237,,no_obv_signal,1210339025.275,-102.74807763639456,-101.55854324396762,-1.1895343924269355,0.0,0.0,-140.59546815885278,-103.91451753103976,-36.68095062781302,0.0,5092.2215119173015,-1.0,4944.570341391731,-1.0,-1.0,5443.967441914776,4935.637138136594,5012.898490175299,0.0,-4.8386156531545765,0.0,1.561988772495826,-12.269311464344968,,,,^CNXFMCG,-20.525079223463578,0.0,0.0,0.7445105642997437,5.952380952380952,0.6506010589172762,1.0,57.23349439168851,176.43180330984563,-119.19830891815712,5325.0513533337835,4968.432006835389,0.0,BRITANNIA,Britannia Industries Ltd.,Fast Moving Consumer Goods,BRITANNIA.NS,5.664762519359567,2.9516551243742306,61.21326741054944,0.27368913710991355,ok,-12.81960227272727,-0.2479631597591225,-12.571639112968148,5.941591352874017,-4.07923475455608,10.020826107430096,ok,16.603574582714845,,,,,,missing,False,11.407039319366246,5.52,47.199999999999996,0.0,19.6,14.546111795809873,Exit Candidate,0.0,2.5,0.0,0.0,10.0,0.0,0.552,0.0,0.0,13.052,Below Watchlist,,,,🟢,,,-4.8386156531545765,19.6,0,,0.0,0.0,,0,,19.0,0,,0.0,0.0,,,6.800000000000001,,10.39,15.629999999999999,,,,,,,,,31-MAR-2026,ok,,,,,5.0,,NSE500
MARUTI.NS,11877.0,28954741.0,-0.4566027824267275,-0.2538681589151314,0.06666337321312082,50.05379527834278,0.0,0.0,-0.10141472761623672,0.11642944629724791,21.212708548371207,0.0,50.05379527834278,-15.010408074216963,,neither,-0.4019795742601048,0.37862834596305783,-3.2351705065050305,-15.720941371610275,,no_obv_signal,4498633827.95,-353.05534646038905,-349.3314946738109,-3.723851786578166,0.0,0.0,-424.7420300005688,-266.53797488644364,-158.20405511412514,0.0,12535.549583867385,-1.0,12130.33579308216,-1.0,-1.0,13611.0451457558,12131.962878710028,12396.695761220091,0.0,-6.517124783837873,0.0,-5.712319791095089,-3.58528081010856,,,,^CNXAUTO,-30.625253266452734,0.0,0.0,0.6970453715576658,0.7936507936507936,0.4885780748872935,1.0,471.9769301962151,812.5665871258141,-340.58965692959896,13264.631679166103,11817.681799032462,0.0,MARUTI,Maruti Suzuki India Ltd.,Automobile and Auto Components,MARUTI.NS,15.895185513236832,21.109694032148575,17.22158561149031,0.0009565466519467357,ok,-5.799965629833305,-5.673528934997569,-0.1264366948357356,0.2728462694526591,8.478202334171975,-8.205356064719316,ok,1.415597969089014,,,,,,missing,False,21.75882834741997,1.2,26.200000000000003,0.0,13.8,12.767648504225992,Exit Candidate,5.0,0.0,0.0,0.0,10.0,0.0,0.12,0.0,0.0,15.12,Below Watchlist,,,,🟢,,,-6.517124783837873,13.8,0,,0.0,0.0,,0,,30.0,0,,0.0,0.0,,🟢,26.8,,14.95,14.12,,,,,,,,,31-MAR-2026,ok,,,,,0.0,,NSE500
WAAREEENER.NS,2380.0,143487297.0,-0.10906620713506371,-0.1286961016602026,0.0722423269702373,52.10873462150648,0.0,0.0,-0.1456155236790848,-0.050998298409726424,36.44755461618238,0.0,52.10873462150648,-19.176462970374097,,neither,-0.11890835588619206,0.5163632262378722,1.0649759411826374,-11.130899344198752,,no_obv_signal,1491461899.6962523,-55.18609691104848,-46.706078550878004,-8.480018360170476,0.0,0.0,-140.33090675623134,-102.80469509298293,-37.52621166324842,0.0,2600.430849635705,-1.0,2489.7868900794224,-1.0,-1.0,2880.269332774287,2483.8826781906137,2527.5111084235864,0.0,-12.705013727025507,0.0,-13.002167048586678,-23.576395637010748,0.0,-13.002167048586678,-23.576395637010748,FALLBACK_BROAD_INDEX,-34.29988885177658,0.0,0.0,0.6379502412129255,19.130434782608695,0.4286116677314363,1.0,-24.493049451113166,48.53948195616765,-73.03253140728081,2845.999633001404,2811.7665754183877,0.0,WAAREEENER,Waaree Energies Ltd.,Capital Goods,WAAREEENER.NS,,,,,missing,,,,,,,missing,,,,,,,missing,False,29.868057117527265,5.3999999999999995,13.8,0.0,2.4,12.470417135258181,Exit Candidate,0.0,0.0,0.0,0.0,10.0,0.0,0.5399999999999999,0.0,0.0,10.54,Below Watchlist,,,,🟢,,,-12.705013727025507,2.4,0,,0.0,0.0,,0,,62.0,0,,0.0,0.0,,🟢,8.4,,2.98,0.0,,,,,,,,,31-MAR-2026,ok,,,,,,,NSE500
MFSL.NS,1392.4000244140625,85874136.0,-0.36279279608036125,0.014014690835942607,-0.04620258829889676,12.303969177723571,0.0,0.0,-0.020107459113857702,-0.07354140272546252,10.197052529711907,0.0,12.303969177723571,-12.095958054667777,,neither,-0.0025353622014875413,0.12798380451364827,-0.022371597418755964,-7.111405976380092,,no_obv_signal,1833863733.9029908,-23.593753485374236,-13.355625946380025,-10.238127538994211,0.0,0.0,-41.15739181698996,-27.77922986842143,-13.378161948568525,0.0,1562.9157301953378,-1.0,1490.7685989660108,-1.0,-1.0,1737.7493988683905,1473.2710052141756,1495.0521735066943,0.0,-7.570214535648468,0.0,-8.348638110310791,-13.389795829143003,,,,^CNXFIN,-25.540105646306817,0.0,0.0,1.2578615820779788,86.90476190476191,0.5670548658338647,0.0,104.46117271917319,142.40290703893604,-37.941734319762844,1480.0703364769188,1279.8539635237182,0.0,MFSL,Max Financial Services Ltd.,Financial Services,MFSL.NS,14.955384770116599,-39.45777301267195,,0.4446924119096758,partial,-171.9626168224299,791.6666666666667,-963.6292834890967,-24.248908226505392,45.59758285452301,-69.8464910810284,ok,,,,,,,missing,False,21.22638921220325,13.56,12.0,0.0,9.6,12.319916763660977,Exit Candidate,0.0,0.0,0.0,0.0,0.0,0.0,1.3559999999999999,0.0,0.0,1.3559999999999999,Below Watchlist,,,,,,,-7.570214535648468,9.6,0,,0.0,0.0,,0,,100.0,0,,0.0,0.0,,🟢,13.600000000000001,,36.99,47.88,,,,,,,,,31-MAR-2026,ok,,,,,0.0,,NSE500
TATAELXSI.NS,,29059167.0,-0.1325257563217383,-0.007244104188405184,-0.09794760782841962,22.0392321231433,0.0,0.0,0.05399190455243054,-0.06879410720125702,23.74670504766624,0.2805810351728607,21.75865108797044,-19.832175703725984,🟢,accelerating_but_price_moved,-0.1276981629334177,0.19914003012638343,-0.679032846701488,-12.773693863022984,,no_obv_signal,684021840.0247924,-116.40265633813578,-104.04250544433259,-12.360150893803194,0.0,0.0,-310.85348956598455,-291.21531243474533,-19.638177131239217,0.0,,-1.0,,-1.0,-1.0,3797.5144402083906,3265.15474725642,3359.399032742031,0.0,-13.526089431662934,0.0,-16.34923408152954,-19.41662458138692,0.0,-22.916663940040614,-18.74898584589578,^CNXIT,-44.50324976708524,0.0,0.0,0.624841952290718,0.7936507936507936,0.31415933702861754,1.0,-776.2007059790758,-637.580737297736,-138.61996868133974,4714.28773153752,5544.383384922053,0.0,TATAELXSI,Tata Elxsi Ltd.,Information Technology,TATAELXSI.NS,,,,,missing,,,,,,,missing,,,,,,,missing,False,25.95373124310015,9.36,10.6,0.0,1.7999999999999998,11.518119372930046,Exit Candidate,5.0,0.0,0.0,0.0,10.0,0.0,0.9359999999999999,0.0,0.0,15.936,Below Watchlist,,,,🟢,,,-13.526089431662934,1.7999999999999998,0,,,,,0,,24.0,0,,,,,🟢,21.2,,1.17,0.0,,,,,,,,,31-MAR-2026,ok,,,,,,,NSE500
HAVELLS.NS,1043.300048828125,19469803.0,-1.3781870341625773,-0.725630785552838,-0.3154195963067245,5.887227978079736,0.0,0.0,-0.1859471449592122,-0.19332576096372786,-29.022208221828773,0.0,5.887227978079736,-10.006037705015046,,neither,-1.1513673368811457,0.8371302524479004,-1.3753741828280206,-17.244380960090254,,price_not_rising,853855548.7131592,-37.74494011830052,-36.346180550879076,-1.3987595674214433,0.0,0.0,-47.283678137199786,-35.97367849317868,-11.309999644021104,0.0,1137.0023454804523,-1.0,1093.3420706099917,-1.0,-1.0,1259.6357285360573,1091.1843765820754,1120.2371975693854,0.0,-10.106912087654985,0.0,-4.870398125149222,-17.97118601794594,0.0,-4.870398125149222,-17.97118601794594,FALLBACK_BROAD_INDEX,-30.322817436167266,0.0,0.0,0.8531023888484442,42.46031746031746,0.5837462529283898,0.0,-92.34289124339966,-57.71470595582161,-34.628185287578056,1329.4436096628194,1381.970745301527,0.0,HAVELLS,Havells India Ltd.,Consumer Durables,HAVELLS.NS,9.868224085239286,16.40770678144825,22.109859440458276,0.02804725730185808,ok,-59.89583333333333,140.5010438413361,-200.39687717466944,-2.789029410010141,19.995203914178695,-22.784233324188836,ok,2.9746531096706956,,,,,,missing,False,3.6505297923279074,15.84,43.8,0.0,4.3999999999999995,11.493158937698372,Exit Candidate,0.0,0.0,0.0,0.0,0.0,0.0,1.5839999999999999,0.0,0.0,1.5839999999999999,Below Watchlist,,,,,,,-10.106912087654985,4.3999999999999995,0,,0.0,0.0,,0,,16.0,0,,0.0,0.0,,,4.3999999999999995,,6.87,16.939999999999998,,,,,,,,,31-MAR-2026,ok,,,,,0.0,,NSE500
MRF.NS,123080.0,711693.0,-0.15579214925666257,-0.07766109890419531,-0.02669432422116759,23.58274233473553,0.0,0.0,-0.03951470852663249,-0.00530671087112087,12.489115683997806,1.7630591000691456,21.819683234666385,-3.5402704051865297,,quiet_but_not_accelerating,-0.09669269099311095,0.22337938984088773,5.814987133615152,-7.298335467349548,,no_obv_signal,410731078.25,-2132.6780493117258,-1915.1313253220462,-217.54672398967955,0.0,0.0,-2501.008563272844,-2059.0691841915614,-441.9393790812828,0.0,128216.98808067161,-1.0,124569.39092163785,-1.0,-1.0,137253.1771657896,124661.76887881821,126381.70796238055,0.0,-0.9161595729335245,0.0,4.773131104601802,-4.3648900970415845,,,,^CNXAUTO,-24.027409898816313,0.0,0.0,0.5811684928491998,0.3968253968253968,0.3852944225086389,1.0,1643.4088911020954,4464.325519289491,-2820.916628187396,131989.83856158916,121436.1719855614,0.0,MRF,MRF Ltd.,Automobile and Auto Components,MRF.NS,10.620471894595651,46.668939386785425,15.606713487112176,0.1528833024387639,ok,1.506225363682616,31.61661475899239,-30.110389395309774,-0.07713873668859925,9.10334041676605,-9.18047915345465,ok,0.5047005633616222,,,,,,missing,False,19.583959817157435,0.36,0.6,0.0,35.6,11.377187945147229,Exit Candidate,0.0,2.5,0.0,0.0,10.0,0.0,0.036,0.0,0.0,12.536,Below Watchlist,,,,🟢,,,-0.9161595729335245,35.6,0,,0.0,0.0,,0,,33.0,0,,0.0,0.0,,🟢,18.4,,7.739999999999999,17.98,,,,,,,,,31-MAR-2026,ok,,,,,0.0,,NSE500
HINDUNILVR.NS,1863.800048828125,-96541303.0,-0.28407140780528,-0.5439148435879457,-0.36208408445102847,0.0,0.0,0.0,-0.6183827935479782,-0.5230765714638208,-315.34217308539235,0.0,0.0,-12.010193003876024,,neither,-0.41770159933295803,0.8430909417438959,1.0,-11.302526744452868,,no_obv_signal,2491916728.5683227,-31.25850123009559,-29.568691061045648,-1.6898101690499416,0.0,0.0,-83.35236675740975,-65.21766570335677,-18.134701054052982,0.0,1971.8662497197045,-1.0,1918.0164442190842,-1.0,-1.0,2132.3322401967625,1922.3168532611292,1945.2465317671981,0.0,-6.579911074527904,0.0,-8.672793191624361,-8.224244436889927,,,,^CNXFMCG,-27.120705953379016,0.0,0.0,0.6895996613770469,6.746031746031746,0.49672619785531386,1.0,-100.47685805159426,-54.01648358475053,-46.46037446684373,2210.3414486060465,2301.2247946841367,0.0,HINDUNILVR,Hindustan Unilever Ltd.,Fast Moving Consumer Goods,HINDUNILVR.NS,2.3052897580990495,14.118426432640984,22.15161285298195,0.030325413435101974,ok,-10.53459119496855,-54.76529160739687,44.23070041242832,6.028259394088973,-0.17246689251616876,6.200726286605142,ok,3.200172003272492,,,,,,missing,False,4.829999999999999,10.2,39.4,0.0,12.6,11.289000000000001,Exit Candidate,0.0,0.0,0.0,0.0,10.0,0.0,1.02,0.0,0.0,11.02,Below Watchlist,,,,🟢,,,-6.579911074527904,12.6,0,,0.0,0.0,,0,,25.0,0,,0.0,0.0,,,2.4,,6.619999999999999,0.0,,,,,,,,,31-MAR-2026,ok,,,,,15.0,🟢,NSE500
HDFCAMC.NS,2223.300048828125,141302802.0,-0.04180563718381705,-0.08561341463283735,0.007204691784063632,21.539229415130396,0.0,0.0,-0.09934191080918026,-0.012267648854752278,13.923657912093923,8.102190339007297,13.4370390761231,-16.20307214892983,,neither,-0.10014082256846137,0.3165148458395849,1.1696010591627968,-15.004969518822342,,no_obv_signal,1449386574.6330445,-57.52244062998352,-44.67228517265988,-12.850155457323638,0.0,0.0,-60.37123408434445,-22.034635146847343,-38.33659893749711,0.0,2419.3490986542047,-1.0,2332.3687180967554,-1.0,-1.0,2735.1545161799104,2363.4195676900736,2411.596190577218,0.0,-7.7789505087414375,0.0,-10.086373635143476,-4.184620045216169,,,,^CNXFIN,-21.704892972933933,0.0,0.0,0.7820061449989856,4.761904761904762,0.8252523474206663,1.0,173.47802688190677,229.67107078744726,-56.19304390554049,2403.1585031367977,2027.7717962706513,0.0,HDFCAMC,HDFC Asset Management Company Ltd.,Financial Services,HDFCAMC.NS,23.908567980864625,26.15888574400509,38.46365271768949,,ok,34.39226519337017,-19.060927892677473,53.45319308604765,4.584835141843635,-2.194214491675193,6.779049633518827,ok,1.4580523946338535,,,,,,missing,False,24.568730295295637,4.920000000000001,10.0,0.0,8.799999999999999,11.17461908858869,Exit Candidate,0.0,0.0,0.0,0.0,10.0,0.0,0.4920000000000001,0.0,0.0,10.492,Below Watchlist,,,,🟢,,,-7.7789505087414375,8.799999999999999,0,,0.0,0.0,,0,,86.0,0,,0.0,0.0,,🟢,12.8,,8.44,24.45,,,,,,,,,31-MAR-2026,ok,,,,,15.0,🟢,NSE500
RELIANCE.NS,1182.0,-90084099.0,-4.0176857291129044,-1.3370285486074007,-0.4675284629790952,0.0,0.0,0.0,-0.8984234880078129,-0.6133692748360245,-98.45972262911121,0.0,0.0,-8.648274387716782,,neither,-1.9475863247142482,0.2730854491199817,-57.566623477219814,-9.619211204407751,,no_obv_signal,14191858758.080029,-24.739286920655786,-18.766126695125667,-5.973160225530119,0.0,0.0,-38.25822929386504,-29.614626661995505,-8.643602631869538,0.0,1249.8183644679311,-1.0,1210.4475442282749,-1.0,-1.0,1354.947666303139,1224.5717230568198,1245.9354287514786,0.0,-6.605748423942721,0.0,-4.227235525183537,-13.170649704623404,,,,^CNXENERGY,-25.424540759078283,0.0,0.0,0.800599534804445,13.492063492063492,0.3883269767399283,1.0,-14.04820963724751,14.84270645434075,-28.89091609158826,1342.6726941712848,1310.375129565153,0.0,RELIANCE,Reliance Industries Ltd.,Oil Gas & Consumable Fuels,RELIANCE.NS,6.394053574594261,6.58907750634663,8.993784539668614,0.44025087663020035,ok,,,,,,,missing,,,,,,,missing,False,0.85,18.119999999999997,20.0,0.0,12.2,8.709,Exit Candidate,0.0,0.0,0.0,0.0,10.0,0.0,1.8119999999999998,0.0,0.0,11.812,Below Watchlist,,,,🟢,,,-6.605748423942721,12.2,0,,0.0,0.0,,0,,17.0,0,,0.0,0.0,,,2.0,,9.78,0.01,,,,,,,,,31-MAR-2026,ok,,,,,,,NSE500
BAYERCROP.NS,3602.699951171875,3162333.0,-0.7733314880728986,-0.25590147812254105,-0.013343514272122874,0.0,0.0,0.0,-0.004950790249901344,-0.04894190603265539,10.425359209116916,0.0,0.0,-11.894089196862357,,neither,-0.338856198705755,0.40131399091408576,-1.835616345608286,-13.723042285748498,,no_obv_signal,124508415.80076905,-102.72055971921236,-79.80021214393868,-22.92034757527368,0.0,0.0,-192.17642982013513,-154.47024453413434,-37.70618528600079,0.0,3820.1282913195932,-1.0,3701.6203092331784,-1.0,-1.0,4145.609168423693,3752.588504911645,3839.4146013596073,0.0,-9.144430721892515,0.0,-5.296120503091073,-17.204580339425302,0.0,-5.296120503091073,-17.204580339425302,FALLBACK_BROAD_INDEX,-27.100444442161013,0.0,0.0,0.6528927792153507,28.968253968253972,0.6466768071879418,0.0,-297.23840995252704,-171.72185327616552,-125.51655667636152,4556.0405227031715,4736.74305996854,0.0,BAYERCROP,Bayer Cropscience Ltd.,Chemicals,BAYERCROP.NS,3.5974520172329827,-3.1304766243834936,27.928733356748296,0.027582021108001484,ok,98.39201552536736,69.42226397369657,28.969751551670782,66.69694767441861,-0.48815765684324713,67.18510533126185,ok,,,,,,,missing,False,3.2699999999999996,5.279999999999999,5.4,0.0,6.4,3.807,Exit Candidate,0.0,0.0,0.0,0.0,0.0,0.0,0.5279999999999999,0.0,0.0,0.5279999999999999,Below Watchlist,,,,,,,-9.144430721892515,6.4,0,,0.0,0.0,,0,,26.0,0,,0.0,0.0,,🟢,16.6,,11.32,,,,,,,,,,31-DEC-2018,partial,,,,,20.0,🟢,NSE500
POLICYBZR.NS,1081.0,68779755.0,-2.463010182495887,-0.33914219410183954,-0.11635890069782893,0.0,0.0,0.0,-0.19465017816859012,-0.13626786644412725,-22.60112973706873,0.0,0.0,-33.62397051424012,,neither,-0.5257616631467218,0.31862581132859946,-3.9836968730597846,-32.50078051826413,,no_obv_signal,7661586486.7487545,-134.3148236692923,-46.76984966833598,-87.54497400095633,0.0,0.0,-49.76696456052491,0.7853966270982848,-50.5523611876232,0.0,1477.2900875086023,-1.0,1247.5600578202436,-1.0,-1.0,1664.4655361754503,1439.9847086065179,1581.9798316179701,0.0,-29.525568601812978,0.0,-29.792700844304377,-26.47224776399304,,,,^CNXFIN,-44.770859192119445,0.0,0.0,1.9086559043427351,98.80952380952381,0.9331605838351489,0.0,35.53573827735022,99.5759035700718,-64.04016529272158,1583.6102649387599,1414.2181834259814,0.0,POLICYBZR,PB Fintech Ltd.,Financial Services,POLICYBZR.NS,38.48962824871036,,9.650076802924344,0.049256064520452586,ok,-37.6114081996435,37.50000000000001,-75.1114081996435,-8.39506532190382,16.38370550207492,-24.77877082397874,ok,,,,,,,missing,False,1.8900000000000001,3.4800000000000004,1.7999999999999998,0.0,0.4,1.5930000000000002,Exit Candidate,0.0,0.0,0.0,0.0,0.0,0.0,0.34800000000000003,0.0,0.0,0.34800000000000003,Below Watchlist,,,,,,,-29.525568601812978,0.4,0,,0.0,0.0,,0,,101.0,0,,0.0,0.0,,,5.0,,25.94,0.02,,,,,,,,,31-MAR-2026,ok,,,,,0.0,,NSE500
